test (x86_64-unknown-linux-gnu)	Test (workspace, --lib --tests)	﻿2026-08-10T09:49:19.5533242Z ##[group]Run cargo test --workspace --lib --tests --target x86_64-unknown-linux-gnu
test (x86_64-unknown-linux-gnu)	Test (workspace, --lib --tests)	2026-08-10T09:49:19.5533870Z ^[[36;1mcargo test --workspace --lib --tests --target x86_64-unknown-linux-gnu^[[0m
test (x86_64-unknown-linux-gnu)	Test (workspace, --lib --tests)	2026-08-10T09:49:19.5578039Z shell: /usr/bin/bash -e {0}
test (x86_64-unknown-linux-gnu)	Test (workspace, --lib --tests)	2026-08-10T09:49:19.5578306Z env:
test (x86_64-unknown-linux-gnu)	Test (workspace, --lib --tests)	2026-08-10T09:49:19.5578505Z   CARGO_TERM_COLOR: always
test (x86_64-unknown-linux-gnu)	Test (workspace, --lib --tests)	2026-08-10T09:49:19.5578744Z   RUST_BACKTRACE: 1
test (x86_64-unknown-linux-gnu)	Test (workspace, --lib --tests)	2026-08-10T09:49:19.5578969Z   RUSTFLAGS: -D warnings
test (x86_64-unknown-linux-gnu)	Test (workspace, --lib --tests)	2026-08-10T09:49:19.5579458Z   KEVY_TEST_PATIENCE: 3
test (x86_64-unknown-linux-gnu)	Test (workspace, --lib --tests)	2026-08-10T09:49:19.5579681Z ##[endgroup]
test (x86_64-unknown-linux-gnu)	Test (workspace, --lib --tests)	2026-08-10T09:49:19.7665308Z ^[[1m^[[92m   Compiling^[[0m kevy-client-async v2.1.0 (/home/runner/work/kevy/kevy/crates/kevy-client-async)
test (x86_64-unknown-linux-gnu)	Test (workspace, --lib --tests)	2026-08-10T09:49:19.7675565Z ^[[1m^[[92m   Compiling^[[0m kevy-cluster-rw v4.1.1 (/home/runner/work/kevy/kevy/crates/kevy-cluster-rw)
test (x86_64-unknown-linux-gnu)	Test (workspace, --lib --tests)	2026-08-10T09:49:19.7677923Z ^[[1m^[[92m   Compiling^[[0m kevy-bench v4.1.1 (/home/runner/work/kevy/kevy/crates/kevy-bench)
test (x86_64-unknown-linux-gnu)	Test (workspace, --lib --tests)	2026-08-10T09:49:19.7679449Z ^[[1m^[[92m   Compiling^[[0m kevy-napi v4.1.1 (/home/runner/work/kevy/kevy/crates/kevy-napi)
test (x86_64-unknown-linux-gnu)	Test (workspace, --lib --tests)	2026-08-10T09:49:20.4731116Z ^[[1m^[[92m   Compiling^[[0m kevy-jni v4.1.1 (/home/runner/work/kevy/kevy/crates/kevy-jni)
test (x86_64-unknown-linux-gnu)	Test (workspace, --lib --tests)	2026-08-10T09:49:20.9325684Z ^[[1m^[[92m   Compiling^[[0m kevy v4.1.1 (/home/runner/work/kevy/kevy/crates/kevy)
test (x86_64-unknown-linux-gnu)	Test (workspace, --lib --tests)	2026-08-10T09:49:22.7946670Z ^[[1m^[[92m   Compiling^[[0m kevy-cli v4.1.1 (/home/runner/work/kevy/kevy/crates/kevy-cli)
test (x86_64-unknown-linux-gnu)	Test (workspace, --lib --tests)	2026-08-10T09:49:44.8203289Z ^[[1m^[[92m   Compiling^[[0m kevy-sql v4.1.1 (/home/runner/work/kevy/kevy/crates/kevy-sql)
test (x86_64-unknown-linux-gnu)	Test (workspace, --lib --tests)	2026-08-10T09:49:45.6681427Z ^[[1m^[[92m   Compiling^[[0m kevy-client v2.1.0 (/home/runner/work/kevy/kevy/crates/kevy-client)
test (x86_64-unknown-linux-gnu)	Test (workspace, --lib --tests)	2026-08-10T09:49:45.7254906Z ^[[1m^[[92m   Compiling^[[0m kevy-embedded v4.1.1 (/home/runner/work/kevy/kevy/crates/kevy-embedded)
test (x86_64-unknown-linux-gnu)	Test (workspace, --lib --tests)	2026-08-10T09:49:54.3575437Z ^[[1m^[[92m   Compiling^[[0m kevy-ring v4.1.1 (/home/runner/work/kevy/kevy/crates/kevy-ring)
test (x86_64-unknown-linux-gnu)	Test (workspace, --lib --tests)	2026-08-10T09:49:54.3737995Z ^[[1m^[[92m   Compiling^[[0m kevy-bytes v4.1.1 (/home/runner/work/kevy/kevy/crates/kevy-bytes)
test (x86_64-unknown-linux-gnu)	Test (workspace, --lib --tests)	2026-08-10T09:49:54.5408345Z ^[[1m^[[92m   Compiling^[[0m kevy-rt v4.1.1 (/home/runner/work/kevy/kevy/crates/kevy-rt)
test (x86_64-unknown-linux-gnu)	Test (workspace, --lib --tests)	2026-08-10T09:49:54.5461436Z ^[[1m^[[92m   Compiling^[[0m kevy-map v4.1.1 (/home/runner/work/kevy/kevy/crates/kevy-map)
test (x86_64-unknown-linux-gnu)	Test (workspace, --lib --tests)	2026-08-10T09:49:54.6499048Z ^[[1m^[[92m   Compiling^[[0m kevy-hash v4.1.1 (/home/runner/work/kevy/kevy/crates/kevy-hash)
test (x86_64-unknown-linux-gnu)	Test (workspace, --lib --tests)	2026-08-10T09:49:54.7610678Z ^[[1m^[[92m   Compiling^[[0m kevy-lua v4.1.1 (/home/runner/work/kevy/kevy/crates/kevy-lua)
test (x86_64-unknown-linux-gnu)	Test (workspace, --lib --tests)	2026-08-10T09:49:55.2023903Z ^[[1m^[[92m   Compiling^[[0m kevy-store v4.1.1 (/home/runner/work/kevy/kevy/crates/kevy-store)
test (x86_64-unknown-linux-gnu)	Test (workspace, --lib --tests)	2026-08-10T09:49:55.7439925Z ^[[1m^[[92m   Compiling^[[0m kevy-resp v4.1.1 (/home/runner/work/kevy/kevy/crates/kevy-resp)
test (x86_64-unknown-linux-gnu)	Test (workspace, --lib --tests)	2026-08-10T09:49:56.5170906Z ^[[1m^[[92m   Compiling^[[0m kevy-geo v4.1.1 (/home/runner/work/kevy/kevy/crates/kevy-geo)
test (x86_64-unknown-linux-gnu)	Test (workspace, --lib --tests)	2026-08-10T09:49:56.6947432Z ^[[1m^[[92m   Compiling^[[0m kevy-elect v4.1.1 (/home/runner/work/kevy/kevy/crates/kevy-elect)
test (x86_64-unknown-linux-gnu)	Test (workspace, --lib --tests)	2026-08-10T09:49:56.8700445Z ^[[1m^[[92m   Compiling^[[0m kevy-vlog v4.1.1 (/home/runner/work/kevy/kevy/crates/kevy-vlog)
test (x86_64-unknown-linux-gnu)	Test (workspace, --lib --tests)	2026-08-10T09:49:57.2237968Z ^[[1m^[[92m   Compiling^[[0m kevy-seg v4.1.1 (/home/runner/work/kevy/kevy/crates/kevy-seg)
test (x86_64-unknown-linux-gnu)	Test (workspace, --lib --tests)	2026-08-10T09:49:57.5508790Z ^[[1m^[[92m   Compiling^[[0m kevy-lua-host v4.1.1 (/home/runner/work/kevy/kevy/crates/kevy-lua-host)
test (x86_64-unknown-linux-gnu)	Test (workspace, --lib --tests)	2026-08-10T09:49:57.8169653Z ^[[1m^[[92m   Compiling^[[0m kevy-uring v4.1.1 (/home/runner/work/kevy/kevy/crates/kevy-uring)
test (x86_64-unknown-linux-gnu)	Test (workspace, --lib --tests)	2026-08-10T09:49:58.0907721Z ^[[1m^[[92m   Compiling^[[0m kevy-persist v4.1.1 (/home/runner/work/kevy/kevy/crates/kevy-persist)
test (x86_64-unknown-linux-gnu)	Test (workspace, --lib --tests)	2026-08-10T09:49:58.7030369Z ^[[1m^[[92m   Compiling^[[0m kevy-window v4.1.1 (/home/runner/work/kevy/kevy/crates/kevy-window)
test (x86_64-unknown-linux-gnu)	Test (workspace, --lib --tests)	2026-08-10T09:49:59.2100813Z ^[[1m^[[92m   Compiling^[[0m kevy-wasm v4.1.1 (/home/runner/work/kevy/kevy/crates/kevy-wasm)
test (x86_64-unknown-linux-gnu)	Test (workspace, --lib --tests)	2026-08-10T09:49:59.9054300Z ^[[1m^[[92m   Compiling^[[0m kevy-ffi v4.1.1 (/home/runner/work/kevy/kevy/crates/kevy-ffi)
test (x86_64-unknown-linux-gnu)	Test (workspace, --lib --tests)	2026-08-10T09:50:00.1595007Z ^[[1m^[[92m   Compiling^[[0m kevy-config v4.1.1 (/home/runner/work/kevy/kevy/crates/kevy-config)
test (x86_64-unknown-linux-gnu)	Test (workspace, --lib --tests)	2026-08-10T09:50:00.6051549Z ^[[1m^[[92m   Compiling^[[0m kevy-resp-client v4.1.1 (/home/runner/work/kevy/kevy/crates/kevy-resp-client)
test (x86_64-unknown-linux-gnu)	Test (workspace, --lib --tests)	2026-08-10T09:50:00.6571007Z ^[[1m^[[92m   Compiling^[[0m kevy-mcp v4.1.1 (/home/runner/work/kevy/kevy/crates/kevy-mcp)
test (x86_64-unknown-linux-gnu)	Test (workspace, --lib --tests)	2026-08-10T09:50:00.8480894Z ^[[1m^[[92m   Compiling^[[0m kevy-ranktree v4.1.1 (/home/runner/work/kevy/kevy/crates/kevy-ranktree)
test (x86_64-unknown-linux-gnu)	Test (workspace, --lib --tests)	2026-08-10T09:50:00.9122587Z ^[[1m^[[92m   Compiling^[[0m kevy-replicate v4.1.1 (/home/runner/work/kevy/kevy/crates/kevy-replicate)
test (x86_64-unknown-linux-gnu)	Test (workspace, --lib --tests)	2026-08-10T09:50:01.3600473Z ^[[1m^[[92m   Compiling^[[0m kevy-scalar v4.1.1 (/home/runner/work/kevy/kevy/crates/kevy-scalar)
test (x86_64-unknown-linux-gnu)	Test (workspace, --lib --tests)	2026-08-10T09:50:01.4473269Z ^[[1m^[[92m   Compiling^[[0m kevy-index v4.1.1 (/home/runner/work/kevy/kevy/crates/kevy-index)
test (x86_64-unknown-linux-gnu)	Test (workspace, --lib --tests)	2026-08-10T09:50:01.6100796Z ^[[1m^[[92m   Compiling^[[0m kevy-vector v4.1.1 (/home/runner/work/kevy/kevy/crates/kevy-vector)
test (x86_64-unknown-linux-gnu)	Test (workspace, --lib --tests)	2026-08-10T09:50:01.9426759Z ^[[1m^[[92m   Compiling^[[0m kevy-tmpdir v4.1.1 (/home/runner/work/kevy/kevy/crates/kevy-tmpdir)
test (x86_64-unknown-linux-gnu)	Test (workspace, --lib --tests)	2026-08-10T09:50:02.0386894Z ^[[1m^[[92m   Compiling^[[0m kevy-text v4.1.1 (/home/runner/work/kevy/kevy/crates/kevy-text)
test (x86_64-unknown-linux-gnu)	Test (workspace, --lib --tests)	2026-08-10T09:50:02.1571289Z ^[[1m^[[92m   Compiling^[[0m kevy-chaos v4.1.1 (/home/runner/work/kevy/kevy/crates/kevy-chaos)
test (x86_64-unknown-linux-gnu)	Test (workspace, --lib --tests)	2026-08-10T09:50:02.3950771Z ^[[1m^[[92m   Compiling^[[0m kevy-sys v4.1.1 (/home/runner/work/kevy/kevy/crates/kevy-sys)
test (x86_64-unknown-linux-gnu)	Test (workspace, --lib --tests)	2026-08-10T09:50:02.8065506Z ^[[1m^[[92m   Compiling^[[0m kevy-compress v4.1.1 (/home/runner/work/kevy/kevy/crates/kevy-compress)
test (x86_64-unknown-linux-gnu)	Test (workspace, --lib --tests)	2026-08-10T09:50:02.8710951Z ^[[1m^[[92m   Compiling^[[0m kevy-madvise v4.1.1 (/home/runner/work/kevy/kevy/crates/kevy-madvise)
test (x86_64-unknown-linux-gnu)	Test (workspace, --lib --tests)	2026-08-10T09:50:02.9861469Z ^[[1m^[[92m   Compiling^[[0m kevy-time v4.1.1 (/home/runner/work/kevy/kevy/crates/kevy-time)
test (x86_64-unknown-linux-gnu)	Test (workspace, --lib --tests)	2026-08-10T09:50:03.0004442Z ^[[1m^[[92m   Compiling^[[0m kevy-scope v4.1.1 (/home/runner/work/kevy/kevy/crates/kevy-scope)
test (x86_64-unknown-linux-gnu)	Test (workspace, --lib --tests)	2026-08-10T09:50:03.0271206Z ^[[1m^[[92m   Compiling^[[0m kevy-pubsub-bench v4.1.1 (/home/runner/work/kevy/kevy/crates/kevy-pubsub-bench)
test (x86_64-unknown-linux-gnu)	Test (workspace, --lib --tests)	2026-08-10T09:50:03.0735410Z ^[[1m^[[92m   Compiling^[[0m kevy-alloc v4.1.1 (/home/runner/work/kevy/kevy/crates/kevy-alloc)
test (x86_64-unknown-linux-gnu)	Test (workspace, --lib --tests)	2026-08-10T09:50:03.2614223Z ^[[1m^[[92m    Finished^[[0m `test` profile [unoptimized + debuginfo] target(s) in 43.68s
test (x86_64-unknown-linux-gnu)	Test (workspace, --lib --tests)	2026-08-10T09:50:03.4100536Z ^[[1m^[[92m     Running^[[0m unittests src/lib.rs (target/x86_64-unknown-linux-gnu/debug/deps/kevy-f4330d086f11b8e2)
test (x86_64-unknown-linux-gnu)	Test (workspace, --lib --tests)	2026-08-10T09:50:03.4117518Z 
test (x86_64-unknown-linux-gnu)	Test (workspace, --lib --tests)	2026-08-10T09:50:03.4117751Z running 202 tests
test (x86_64-unknown-linux-gnu)	Test (workspace, --lib --tests)	2026-08-10T09:50:03.4129338Z test cmd_block_serve::restore_tests::an_empty_key_has_nothing_to_restore ... ok
test (x86_64-unknown-linux-gnu)	Test (workspace, --lib --tests)	2026-08-10T09:50:03.4130362Z test cmd_block_serve::restore_tests::blpop_restores_the_head_with_lpush ... ok
test (x86_64-unknown-linux-gnu)	Test (workspace, --lib --tests)	2026-08-10T09:50:03.4131366Z test cmd_block_serve::restore_tests::brpop_restores_the_tail_with_rpush ... ok
test (x86_64-unknown-linux-gnu)	Test (workspace, --lib --tests)	2026-08-10T09:50:03.4132425Z test cmd_block_serve::restore_tests::bzpopmin_restores_the_minimum_with_its_score ... ok
test (x86_64-unknown-linux-gnu)	Test (workspace, --lib --tests)	2026-08-10T09:50:03.4133422Z test cmd_block_serve::restore_tests::capturing_the_undo_does_not_mutate ... ok
test (x86_64-unknown-linux-gnu)	Test (workspace, --lib --tests)	2026-08-10T09:50:03.4134529Z test cmd_index_query::args::terminal_surface_tests::a_reserved_word_as_the_query_text_is_not_a_clause ... ok
test (x86_64-unknown-linux-gnu)	Test (workspace, --lib --tests)	2026-08-10T09:50:03.4135747Z test cmd_block_serve::restore_tests::kinds_that_consume_nothing_have_no_undo ... ok
test (x86_64-unknown-linux-gnu)	Test (workspace, --lib --tests)	2026-08-10T09:50:03.4136796Z test cmd_index_query::args::terminal_surface_tests::genuine_nonsense_is_still_bad_args ... ok
test (x86_64-unknown-linux-gnu)	Test (workspace, --lib --tests)	2026-08-10T09:50:03.4137787Z test cmd_index_query::args::terminal_surface_tests::filter_parses ... ok
test (x86_64-unknown-linux-gnu)	Test (workspace, --lib --tests)	2026-08-10T09:50:03.4138645Z test cmd_index_query::args::terminal_surface_tests::highlight_parses ... ok
test (x86_64-unknown-linux-gnu)	Test (workspace, --lib --tests)	2026-08-10T09:50:03.4140042Z test cmd_index_query::args::terminal_surface_tests::nothing_is_reserved_and_the_surface_is_complete ... ok
test (x86_64-unknown-linux-gnu)	Test (workspace, --lib --tests)	2026-08-10T09:50:03.4141037Z test cmd_index_query::args::terminal_surface_tests::offset_parses ... ok
test (x86_64-unknown-linux-gnu)	Test (workspace, --lib --tests)	2026-08-10T09:50:03.4141932Z test cmd_index_query::args::terminal_surface_tests::pass_two_reparses_every_clause ... ok
test (x86_64-unknown-linux-gnu)	Test (workspace, --lib --tests)	2026-08-10T09:50:03.4142842Z test cmd_index_query::args::terminal_surface_tests::scope_parses ... ok
test (x86_64-unknown-linux-gnu)	Test (workspace, --lib --tests)	2026-08-10T09:50:03.4143629Z test cmd_index_query::args::terminal_surface_tests::sort_parses ... ok
test (x86_64-unknown-linux-gnu)	Test (workspace, --lib --tests)	2026-08-10T09:50:03.4144941Z test cmd_index_query::args::terminal_surface_tests::the_shipped_surface_still_parses ... ok
test (x86_64-unknown-linux-gnu)	Test (workspace, --lib --tests)	2026-08-10T09:50:03.4146040Z test cmd_index_query::args::terminal_surface_tests::typo_parses ... ok
test (x86_64-unknown-linux-gnu)	Test (workspace, --lib --tests)	2026-08-10T09:50:03.4146949Z test cmd_index_query::query::verify_tests::a_row_that_slid_out_of_the_window_is_not_missing ... ok
test (x86_64-unknown-linux-gnu)	Test (workspace, --lib --tests)	2026-08-10T09:50:03.4147852Z test cmd_index_query::query::verify_tests::a_healthy_index_reports_zero_drift ... ok
test (x86_64-unknown-linux-gnu)	Test (workspace, --lib --tests)	2026-08-10T09:50:03.4148505Z test cmd_index_query::query::verify_tests::a_row_the_index_does_not_owe_is_not_missing ... ok
test (x86_64-unknown-linux-gnu)	Test (workspace, --lib --tests)	2026-08-10T09:50:03.4149423Z test cmd_index_query::query::verify_tests::a_row_with_no_entry_counts_as_missing ... ok
test (x86_64-unknown-linux-gnu)	Test (workspace, --lib --tests)	2026-08-10T09:50:03.4150513Z test cmd_index_query::query::verify_tests::a_slid_row_the_cold_side_never_received_is_missing ... ok
test (x86_64-unknown-linux-gnu)	Test (workspace, --lib --tests)	2026-08-10T09:50:03.4151572Z test cmd_index_query::query::verify_tests::a_row_that_no_longer_coerces_counts_as_drift ... ok
test (x86_64-unknown-linux-gnu)	Test (workspace, --lib --tests)	2026-08-10T09:50:03.4152629Z test cmd_index_query::query::verify_tests::drift_counts_every_way_an_entry_can_disagree_with_its_row ... ok
test (x86_64-unknown-linux-gnu)	Test (workspace, --lib --tests)	2026-08-10T09:50:03.4153572Z test cmd_repl::tests::parse_repl_wait_multi_pair_with_timeout_clause ... ok
test (x86_64-unknown-linux-gnu)	Test (workspace, --lib --tests)	2026-08-10T09:50:03.4154350Z test cmd_repl::tests::parse_repl_wait_rejects_malformed ... ok
test (x86_64-unknown-linux-gnu)	Test (workspace, --lib --tests)	2026-08-10T09:50:03.4155003Z test cmd_repl::tests::parse_repl_wait_pairs_and_default_timeout ... ok
test (x86_64-unknown-linux-gnu)	Test (workspace, --lib --tests)	2026-08-10T09:50:03.4155548Z test cmd_index_query::query::verify_tests::more_cold_entries_than_slid_rows_is_not_a_hole ... ok
test (x86_64-unknown-linux-gnu)	Test (workspace, --lib --tests)	2026-08-10T09:50:03.4156297Z test cmd_repl::tests::parse_wait_args_accepts_valid_and_rejects_garbage ... ok
test (x86_64-unknown-linux-gnu)	Test (workspace, --lib --tests)	2026-08-10T09:50:03.4156794Z test cmd_repl::tests::repl_wait_on_primary_replies_ok_immediately ... ok
test (x86_64-unknown-linux-gnu)	Test (workspace, --lib --tests)	2026-08-10T09:50:03.4157665Z test cmd_repl::tests::repl_token_route_is_fanout_on_primary_and_local_on_arity_error ... ok
test (x86_64-unknown-linux-gnu)	Test (workspace, --lib --tests)	2026-08-10T09:50:03.4158491Z test cmd_repl::tests::repl_wait_malformed_token_errors ... ok
test (x86_64-unknown-linux-gnu)	Test (workspace, --lib --tests)	2026-08-10T09:50:03.4159417Z test cmd_repl::tests::wait_on_replica_is_rejected ... ok
test (x86_64-unknown-linux-gnu)	Test (workspace, --lib --tests)	2026-08-10T09:50:03.4160232Z test cmd_repl::tests::wait_route_shapes ... ok
test (x86_64-unknown-linux-gnu)	Test (workspace, --lib --tests)	2026-08-10T09:50:03.4160949Z test elect_persist::tests::corrupt_file_reads_as_fresh ... ok
test (x86_64-unknown-linux-gnu)	Test (workspace, --lib --tests)	2026-08-10T09:50:03.4161751Z test cmd_view::hydrate_tests::cold_rows_hydrate_byte_identical_without_promoting ... ok
test (x86_64-unknown-linux-gnu)	Test (workspace, --lib --tests)	2026-08-10T09:50:03.4162262Z test elect_persist::tests::load_missing_file_is_fresh ... ok
test (x86_64-unknown-linux-gnu)	Test (workspace, --lib --tests)	2026-08-10T09:50:03.4162677Z test index_runtime::tests::hook_backfill_and_query_lifecycle ... ok
test (x86_64-unknown-linux-gnu)	Test (workspace, --lib --tests)	2026-08-10T09:50:03.4163305Z test ops::client::tests::bare_client_errors ... ok
test (x86_64-unknown-linux-gnu)	Test (workspace, --lib --tests)	2026-08-10T09:50:03.4189694Z test ops::client::tests::bare_list_without_a_runtime_is_empty ... ok
test (x86_64-unknown-linux-gnu)	Test (workspace, --lib --tests)	2026-08-10T09:50:03.4190441Z test ops::client::tests::filtered_list_is_a_syntax_error ... ok
test (x86_64-unknown-linux-gnu)	Test (workspace, --lib --tests)	2026-08-10T09:50:03.4192328Z test ops::client::tests::getname_returns_empty_bulk ... ok
test (x86_64-unknown-linux-gnu)	Test (workspace, --lib --tests)	2026-08-10T09:50:03.4193033Z test ops::client::tests::id_returns_integer ... ok
test (x86_64-unknown-linux-gnu)	Test (workspace, --lib --tests)	2026-08-10T09:50:03.4193668Z test ops::client::tests::info_returns_bulk ... ok
test (x86_64-unknown-linux-gnu)	Test (workspace, --lib --tests)	2026-08-10T09:50:03.4194189Z test ops::client::tests::kill_returns_zero ... ok
test (x86_64-unknown-linux-gnu)	Test (workspace, --lib --tests)	2026-08-10T09:50:03.4194597Z test ops::client::tests::malformed_kill_is_a_syntax_error ... ok
test (x86_64-unknown-linux-gnu)	Test (workspace, --lib --tests)	2026-08-10T09:50:03.4194978Z test ops::client::tests::no_evict_returns_ok ... ok
test (x86_64-unknown-linux-gnu)	Test (workspace, --lib --tests)	2026-08-10T09:50:03.4195311Z test ops::client::tests::setname_accepted ... ok
test (x86_64-unknown-linux-gnu)	Test (workspace, --lib --tests)	2026-08-10T09:50:03.4195789Z test ops::client::tests::setname_wrong_args ... ok
test (x86_64-unknown-linux-gnu)	Test (workspace, --lib --tests)	2026-08-10T09:50:03.4196252Z test ops::client::tests::unknown_subcommand_errors ... ok
test (x86_64-unknown-linux-gnu)	Test (workspace, --lib --tests)	2026-08-10T09:50:03.4196993Z test ops::config::tests::apply_hot_set_appendfsync_round_trips_enum_name ... ok
test (x86_64-unknown-linux-gnu)	Test (workspace, --lib --tests)	2026-08-10T09:50:03.4197938Z test ops::config::tests::apply_hot_set_auto_aof_rewrite_min_size_accepts_size_literal ... ok
test (x86_64-unknown-linux-gnu)	Test (workspace, --lib --tests)	2026-08-10T09:50:03.4198893Z test ops::config::tests::apply_hot_set_auto_aof_rewrite_pct_accepts_integer ... ok
test (x86_64-unknown-linux-gnu)	Test (workspace, --lib --tests)	2026-08-10T09:50:03.4200079Z test ops::config::tests::apply_hot_set_bad_value_returns_useful_reason ... ok
test (x86_64-unknown-linux-gnu)	Test (workspace, --lib --tests)	2026-08-10T09:50:03.4200926Z test ops::config::tests::apply_hot_set_hz_and_samples_accept_integers ... ok
test (x86_64-unknown-linux-gnu)	Test (workspace, --lib --tests)	2026-08-10T09:50:03.4202069Z test ops::config::tests::apply_hot_set_logfile_accepts_stdout_stderr_but_rejects_paths ... ok
test (x86_64-unknown-linux-gnu)	Test (workspace, --lib --tests)	2026-08-10T09:50:03.4203161Z test ops::config::tests::apply_hot_set_loglevel_round_trips_warning_alias ... ok
test (x86_64-unknown-linux-gnu)	Test (workspace, --lib --tests)	2026-08-10T09:50:03.4203968Z test ops::config::tests::apply_hot_set_maxmemory_parses_size_literal ... ok
test (x86_64-unknown-linux-gnu)	Test (workspace, --lib --tests)	2026-08-10T09:50:03.4204814Z test ops::config::tests::apply_hot_set_maxmemory_policy_round_trips_enum_name ... ok
test (x86_64-unknown-linux-gnu)	Test (workspace, --lib --tests)	2026-08-10T09:50:03.4205649Z test ops::config::tests::apply_hot_set_read_only_fields_report_clearly ... ok
test (x86_64-unknown-linux-gnu)	Test (workspace, --lib --tests)	2026-08-10T09:50:03.4206412Z test ops::config::tests::apply_hot_set_unknown_field_returns_unknown ... ok
test (x86_64-unknown-linux-gnu)	Test (workspace, --lib --tests)	2026-08-10T09:50:03.4207052Z test ops::config::tests::config_get_exact_key ... ok
test (x86_64-unknown-linux-gnu)	Test (workspace, --lib --tests)	2026-08-10T09:50:03.4207557Z test ops::config::tests::config_get_glob ... ok
test (x86_64-unknown-linux-gnu)	Test (workspace, --lib --tests)	2026-08-10T09:50:03.4208131Z test ops::config::tests::config_get_multiple_patterns ... ok
test (x86_64-unknown-linux-gnu)	Test (workspace, --lib --tests)	2026-08-10T09:50:03.4208977Z test ops::config::tests::config_get_unknown_key_returns_empty_array ... ok
test (x86_64-unknown-linux-gnu)	Test (workspace, --lib --tests)	2026-08-10T09:50:03.4209945Z test ops::config::tests::config_rewrite_without_source_returns_no_config_file_error ... ok
test (x86_64-unknown-linux-gnu)	Test (workspace, --lib --tests)	2026-08-10T09:50:03.4216244Z test ops::config::tests::config_rewrite_writes_atomic_round_trip_file ... ok
test (x86_64-unknown-linux-gnu)	Test (workspace, --lib --tests)	2026-08-10T09:50:03.4218342Z test elect_persist::tests::save_load_round_trip_with_vote ... ok
test (x86_64-unknown-linux-gnu)	Test (workspace, --lib --tests)	2026-08-10T09:50:03.4219693Z test elect_persist::tests::save_load_round_trip_without_vote ... ok
test (x86_64-unknown-linux-gnu)	Test (workspace, --lib --tests)	2026-08-10T09:50:03.4220610Z test elect_persist::tests::save_overwrites_previous_pair ... ok
test (x86_64-unknown-linux-gnu)	Test (workspace, --lib --tests)	2026-08-10T09:50:03.4221605Z test ops::config::tests::config_set_unknown_field_returns_unknown_param_error ... ok
test (x86_64-unknown-linux-gnu)	Test (workspace, --lib --tests)	2026-08-10T09:50:03.4222657Z test ops::config::tests::config_set_bad_value_returns_error_reply ... ok
test (x86_64-unknown-linux-gnu)	Test (workspace, --lib --tests)	2026-08-10T09:50:03.4223466Z test ops::config::tests::config_set_wrong_arity_errors ... ok
test (x86_64-unknown-linux-gnu)	Test (workspace, --lib --tests)	2026-08-10T09:50:03.4224348Z test ops::config::tests::config_set_read_only_field_returns_restart_required_error ... ok
test (x86_64-unknown-linux-gnu)	Test (workspace, --lib --tests)	2026-08-10T09:50:03.4225276Z test ops::config::tests::config_unknown_subcommand_errors ... ok
test (x86_64-unknown-linux-gnu)	Test (workspace, --lib --tests)	2026-08-10T09:50:03.4226087Z test ops::config::tests::glob_matcher_handles_star_and_literal ... ok
test (x86_64-unknown-linux-gnu)	Test (workspace, --lib --tests)	2026-08-10T09:50:03.4226937Z test ops::memory::tests::memory_usage_returns_integer_for_present_key ... ok
test (x86_64-unknown-linux-gnu)	Test (workspace, --lib --tests)	2026-08-10T09:50:03.4227762Z test ops::memory::tests::human_format_matches_redis_style ... ok
test (x86_64-unknown-linux-gnu)	Test (workspace, --lib --tests)	2026-08-10T09:50:03.4228570Z test ops::memory::tests::memory_stats_encodes_all_eight_fields ... ok
test (x86_64-unknown-linux-gnu)	Test (workspace, --lib --tests)	2026-08-10T09:50:03.4231065Z test ops::memory::tests::memory_usage_returns_nil_for_absent_key ... ok
test (x86_64-unknown-linux-gnu)	Test (workspace, --lib --tests)	2026-08-10T09:50:03.4232530Z test ops::memory::tests::memory_usage_wrong_arity ... ok
test (x86_64-unknown-linux-gnu)	Test (workspace, --lib --tests)	2026-08-10T09:50:03.4233428Z test ops::replication::tests::aggregate_falls_back_to_peer_port_for_foreign_ids ... ok
test (x86_64-unknown-linux-gnu)	Test (workspace, --lib --tests)	2026-08-10T09:50:03.4234520Z test ops::replication::tests::aggregate_reports_syncing_when_any_stream_lacks_an_ack ... ok
test (x86_64-unknown-linux-gnu)	Test (workspace, --lib --tests)	2026-08-10T09:50:03.4235477Z test ops::replication::tests::parse_upstream_host_port ... ok
test (x86_64-unknown-linux-gnu)	Test (workspace, --lib --tests)	2026-08-10T09:50:03.4236321Z test ops::memory::tests::memory_top_level_dispatches_each_subcommand ... ok
test (x86_64-unknown-linux-gnu)	Test (workspace, --lib --tests)	2026-08-10T09:50:03.4237268Z test ops::replication::tests::parse_upstream_missing_port_defaults_to_zero ... ok
test (x86_64-unknown-linux-gnu)	Test (workspace, --lib --tests)	2026-08-10T09:50:03.4238300Z test ops::replication::tests::parse_upstream_ipv6_uses_rightmost_colon ... ok
test (x86_64-unknown-linux-gnu)	Test (workspace, --lib --tests)	2026-08-10T09:50:03.4241063Z test ops::replication::tests::aggregate_folds_one_process_across_shards ... ok
test (x86_64-unknown-linux-gnu)	Test (workspace, --lib --tests)	2026-08-10T09:50:03.4242098Z test ops::replication::tests::parse_upstream_none_yields_empty ... ok
test (x86_64-unknown-linux-gnu)	Test (workspace, --lib --tests)	2026-08-10T09:50:03.4242953Z test ops::replication::tests::replicaof_empty_host_errors ... ok
test (x86_64-unknown-linux-gnu)	Test (workspace, --lib --tests)	2026-08-10T09:50:03.4243863Z test ops::replication::tests::replicaof_no_one_returns_ok ... ok
test (x86_64-unknown-linux-gnu)	Test (workspace, --lib --tests)	2026-08-10T09:50:03.4246288Z test ops::replication::tests::replicaof_bad_port_errors ... ok
test (x86_64-unknown-linux-gnu)	Test (workspace, --lib --tests)	2026-08-10T09:50:03.4247149Z test ops::replication::tests::replicaof_host_port_returns_ok ... ok
test (x86_64-unknown-linux-gnu)	Test (workspace, --lib --tests)	2026-08-10T09:50:03.4247993Z test ops::replication::tests::role_default_master_zero_offset ... ok
test (x86_64-unknown-linux-gnu)	Test (workspace, --lib --tests)	2026-08-10T09:50:03.4248804Z test ops::replication::tests::replicaof_wrong_args_errors ... ok
test (x86_64-unknown-linux-gnu)	Test (workspace, --lib --tests)	2026-08-10T09:50:03.4250545Z test ops::replication::tests::role_master_emits_per_replica_array ... ok
test (x86_64-unknown-linux-gnu)	Test (workspace, --lib --tests)	2026-08-10T09:50:03.4251878Z test ops::replication::tests::role_wrong_args_returns_error ... ok
test (x86_64-unknown-linux-gnu)	Test (workspace, --lib --tests)	2026-08-10T09:50:03.4252754Z test ops::scope_move::tests::an_accepted_ingest_still_reports_how_many_applied ... ok
test (x86_64-unknown-linux-gnu)	Test (workspace, --lib --tests)	2026-08-10T09:50:03.4253766Z test ops::scope_move::tests::a_refused_frame_fails_the_ingest_and_names_the_key ... ok
test (x86_64-unknown-linux-gnu)	Test (workspace, --lib --tests)	2026-08-10T09:50:03.4254711Z test ops::replication::tests::role_master_offset_reflects_view ... ok
test (x86_64-unknown-linux-gnu)	Test (workspace, --lib --tests)	2026-08-10T09:50:03.4255537Z test ops::scope_move::tests::ingest_handler_rejects_wrong_arity ... ok
test (x86_64-unknown-linux-gnu)	Test (workspace, --lib --tests)	2026-08-10T09:50:03.4256493Z test ops::scope_move::tests::ingest_handler_applies_embedded_commands_and_replies_ok ... ok
test (x86_64-unknown-linux-gnu)	Test (workspace, --lib --tests)	2026-08-10T09:50:03.4257422Z test ops::scope_move::tests::move_scope_rejects_bad_syntax ... ok
test (x86_64-unknown-linux-gnu)	Test (workspace, --lib --tests)	2026-08-10T09:50:03.4258340Z test ops::scope_move::tests::move_scope_rejects_when_self_node_id_not_configured ... ok
test (x86_64-unknown-linux-gnu)	Test (workspace, --lib --tests)	2026-08-10T09:50:03.4264138Z test ops::scope_move::tests::serialize_prefix_emits_hset_for_hash_in_order ... ok
test (x86_64-unknown-linux-gnu)	Test (workspace, --lib --tests)	2026-08-10T09:50:03.4265588Z test ops::scope_move::tests::serialize_prefix_skips_non_matching_keys ... ok
test (x86_64-unknown-linux-gnu)	Test (workspace, --lib --tests)	2026-08-10T09:50:03.4266540Z test ops::scope_move::tests::serialize_prefix_emits_set_for_strings ... ok
test (x86_64-unknown-linux-gnu)	Test (workspace, --lib --tests)	2026-08-10T09:50:03.4267662Z test ops::scope_move::tests::serialize_prefix_carries_every_type_and_the_ttl ... ok
test (x86_64-unknown-linux-gnu)	Test (workspace, --lib --tests)	2026-08-10T09:50:03.4269854Z test ops::scope_move_stream::tests::empty_stream_with_advanced_clock_roundtrips ... ok
test (x86_64-unknown-linux-gnu)	Test (workspace, --lib --tests)	2026-08-10T09:50:03.4271423Z test ops::scope_move_stream::tests::stream_roundtrips_groups_consumers_and_pel ... ok
test (x86_64-unknown-linux-gnu)	Test (workspace, --lib --tests)	2026-08-10T09:50:03.4272713Z test ops::tests::cluster_info_carries_standalone_markers ... ok
test (x86_64-unknown-linux-gnu)	Test (workspace, --lib --tests)	2026-08-10T09:50:03.4273781Z test ops::tests::cluster_nodes_single_self_entry ... ok
test (x86_64-unknown-linux-gnu)	Test (workspace, --lib --tests)	2026-08-10T09:50:03.4274744Z test ops::tests::debug_sleep_zero_returns_immediately ... ok
test (x86_64-unknown-linux-gnu)	Test (workspace, --lib --tests)	2026-08-10T09:50:03.4276555Z test ops::tests::info_memory_reports_process_rss ... ok
test (x86_64-unknown-linux-gnu)	Test (workspace, --lib --tests)	2026-08-10T09:50:03.4277668Z test ops::scope_move_stream::tests::stream_roundtrips_entries_and_scalar_state ... ok
test (x86_64-unknown-linux-gnu)	Test (workspace, --lib --tests)	2026-08-10T09:50:03.4278858Z test ops::tests::info_persistence_reports_aof_format ... ok
test (x86_64-unknown-linux-gnu)	Test (workspace, --lib --tests)	2026-08-10T09:50:03.4279945Z test ops::tests::info_replication_master_default_shape ... ok
test (x86_64-unknown-linux-gnu)	Test (workspace, --lib --tests)	2026-08-10T09:50:03.4281799Z test ops::tests::info_specific_section ... ok
test (x86_64-unknown-linux-gnu)	Test (workspace, --lib --tests)	2026-08-10T09:50:03.4282608Z test ops::tests::info_returns_bulk_with_sections ... ok
test (x86_64-unknown-linux-gnu)	Test (workspace, --lib --tests)	2026-08-10T09:50:03.4283487Z test ops::tests::repl_token_on_replica_flag_reports_runner_view ... ok
test (x86_64-unknown-linux-gnu)	Test (workspace, --lib --tests)	2026-08-10T09:50:03.4284334Z test ops::tests::repl_wait_on_primary_is_ok_and_bad_token_errors ... ok
test (x86_64-unknown-linux-gnu)	Test (workspace, --lib --tests)	2026-08-10T09:50:03.4285086Z test ops::tests::wait_non_integer_args_error ... ok
test (x86_64-unknown-linux-gnu)	Test (workspace, --lib --tests)	2026-08-10T09:50:03.4285691Z test ops::tests::wait_returns_zero_replicas ... ok
test (x86_64-unknown-linux-gnu)	Test (workspace, --lib --tests)	2026-08-10T09:50:03.4286282Z test ops::tests::wait_wrong_args_errors ... ok
test (x86_64-unknown-linux-gnu)	Test (workspace, --lib --tests)	2026-08-10T09:50:03.4286927Z test replica_runner::tests::early_exit_drop_lowers_loading ... ok
test (x86_64-unknown-linux-gnu)	Test (workspace, --lib --tests)	2026-08-10T09:50:03.4287749Z test replica_runner::tests::event_to_apply_frame_advances_offset_by_one ... ok
test (x86_64-unknown-linux-gnu)	Test (workspace, --lib --tests)	2026-08-10T09:50:03.4288662Z test replica_runner::tests::event_to_apply_snapshot_begin_passthrough ... ok
test (x86_64-unknown-linux-gnu)	Test (workspace, --lib --tests)	2026-08-10T09:50:03.4294580Z test replica_runner::tests::event_to_apply_snapshot_end_advances_offset ... ok
test (x86_64-unknown-linux-gnu)	Test (workspace, --lib --tests)	2026-08-10T09:50:03.4295899Z test replica_runner::tests::loading_lowers_only_when_the_apply_gate_drops ... ok
test (x86_64-unknown-linux-gnu)	Test (workspace, --lib --tests)	2026-08-10T09:50:03.4297020Z test replication::tests::parse_upstream_empty_host_is_none ... ok
test (x86_64-unknown-linux-gnu)	Test (workspace, --lib --tests)	2026-08-10T09:50:03.4298045Z test replication::tests::parse_upstream_host_port ... ok
test (x86_64-unknown-linux-gnu)	Test (workspace, --lib --tests)	2026-08-10T09:50:03.4299017Z test replication::tests::parse_upstream_ipv6_brackets_kept_in_host ... ok
test (x86_64-unknown-linux-gnu)	Test (workspace, --lib --tests)	2026-08-10T09:50:03.4300313Z test replication::tests::parse_upstream_missing_port_is_none ... ok
test (x86_64-unknown-linux-gnu)	Test (workspace, --lib --tests)	2026-08-10T09:50:03.4301181Z test replication::tests::resolve_host_ipv4_literal ... ok
test (x86_64-unknown-linux-gnu)	Test (workspace, --lib --tests)	2026-08-10T09:50:03.4302131Z test replication::tests::resolve_host_ipv6_bracketed_literal_strips ... ok
test (x86_64-unknown-linux-gnu)	Test (workspace, --lib --tests)	2026-08-10T09:50:03.4303155Z test state::election::tests::is_configured_both_set_returns_true ... ok
test (x86_64-unknown-linux-gnu)	Test (workspace, --lib --tests)	2026-08-10T09:50:03.4304187Z test state::election::tests::is_configured_empty_node_id_returns_false ... ok
test (x86_64-unknown-linux-gnu)	Test (workspace, --lib --tests)	2026-08-10T09:50:03.4305712Z test state::election::tests::is_configured_empty_peers_returns_false ... ok
test (x86_64-unknown-linux-gnu)	Test (workspace, --lib --tests)	2026-08-10T09:50:03.4306451Z test state::election::tests::resolved_elect_port_base_uses_explicit_when_set ... ok
test (x86_64-unknown-linux-gnu)	Test (workspace, --lib --tests)	2026-08-10T09:50:03.4307009Z test state::election::tests::set_view_offset_out_of_range_shard_is_safe ... ok
test (x86_64-unknown-linux-gnu)	Test (workspace, --lib --tests)	2026-08-10T09:50:03.4308858Z test state::obs::tests::aggregate_sums_across_slots ... ok
test (x86_64-unknown-linux-gnu)	Test (workspace, --lib --tests)	2026-08-10T09:50:03.4310102Z test state::obs::tests::audit_off_when_path_empty ... ok
test (x86_64-unknown-linux-gnu)	Test (workspace, --lib --tests)	2026-08-10T09:50:03.4310897Z test state::obs::tests::ops_ring_caps_at_window ... ok
test (x86_64-unknown-linux-gnu)	Test (workspace, --lib --tests)	2026-08-10T09:50:03.4311799Z test state::obs::tests::audit_records_one_sanitised_line ... ok
test (x86_64-unknown-linux-gnu)	Test (workspace, --lib --tests)	2026-08-10T09:50:03.4312648Z test state::replication::tests::applied_offset_sum_is_per_runner_sum_not_max ... ok
test (x86_64-unknown-linux-gnu)	Test (workspace, --lib --tests)	2026-08-10T09:50:03.4313679Z test state::replication::tests::every_gate_writer_bumps_the_control_epoch ... ok
test (x86_64-unknown-linux-gnu)	Test (workspace, --lib --tests)	2026-08-10T09:50:03.4314823Z test state::replication::tests::fresh_state_defaults ... ok
test (x86_64-unknown-linux-gnu)	Test (workspace, --lib --tests)	2026-08-10T09:50:03.4315791Z test state::replication::tests::min_replicas_on_primary_keeps_write_gate_raised ... ok
test (x86_64-unknown-linux-gnu)	Test (workspace, --lib --tests)	2026-08-10T09:50:03.4316887Z test state::replication::tests::promote_bumps_epoch_only_from_replica ... ok
test (x86_64-unknown-linux-gnu)	Test (workspace, --lib --tests)	2026-08-10T09:50:03.4318154Z test state::replication::tests::start_runners_before_runtime_wiring_errors ... ok
test (x86_64-unknown-linux-gnu)	Test (workspace, --lib --tests)	2026-08-10T09:50:03.4319486Z test state::election::tests::resolved_elect_port_base_falls_back_when_zero ... ok
test (x86_64-unknown-linux-gnu)	Test (workspace, --lib --tests)	2026-08-10T09:50:03.4320374Z test state::replication::tests::write_denied_orders_fences ... ok
test (x86_64-unknown-linux-gnu)	Test (workspace, --lib --tests)	2026-08-10T09:50:03.4321371Z test state::scope::tests::encode_misdirected_wire_shape ... ok
test (x86_64-unknown-linux-gnu)	Test (workspace, --lib --tests)	2026-08-10T09:50:03.4322060Z test state::scope::tests::from_config_default_is_inert ... ok
test (x86_64-unknown-linux-gnu)	Test (workspace, --lib --tests)	2026-08-10T09:50:03.4322850Z test state::shard::tests::gate_bits_cache_hits_until_epoch_moves ... ok
test (x86_64-unknown-linux-gnu)	Test (workspace, --lib --tests)	2026-08-10T09:50:03.4323998Z test state::shard::tests::healthy_replica_count_excludes_acks_past_the_lag_window ... ok
test (x86_64-unknown-linux-gnu)	Test (workspace, --lib --tests)	2026-08-10T09:50:03.4324975Z test state::scope::tests::resolve_addr_falls_back_to_node_id_when_unmapped ... ok
test (x86_64-unknown-linux-gnu)	Test (workspace, --lib --tests)	2026-08-10T09:50:03.4325822Z test state::shard::tests::healthy_replica_count_requires_an_ack ... ok
test (x86_64-unknown-linux-gnu)	Test (workspace, --lib --tests)	2026-08-10T09:50:03.4326601Z test state::shard::tests::ingest_guard_sets_and_clears_prefix ... ok
test (x86_64-unknown-linux-gnu)	Test (workspace, --lib --tests)	2026-08-10T09:50:03.4327367Z test state::tests::config_replace_flips_explicit_and_swaps_value ... ok
test (x86_64-unknown-linux-gnu)	Test (workspace, --lib --tests)	2026-08-10T09:50:03.4328250Z test state::tests::embedded_state_has_no_sidecar_dir_and_no_explicit_config ... ok
test (x86_64-unknown-linux-gnu)	Test (workspace, --lib --tests)	2026-08-10T09:50:03.4329374Z test state::tests::explicit_state_reports_config_and_sidecar_dir ... ok
test (x86_64-unknown-linux-gnu)	Test (workspace, --lib --tests)	2026-08-10T09:50:03.4330216Z test state::tests::sharded_state_mirrors_nshards_into_config_threads ... ok
test (x86_64-unknown-linux-gnu)	Test (workspace, --lib --tests)	2026-08-10T09:50:03.4330862Z test tests::config_enum_mapping_round_trips ... ok
test (x86_64-unknown-linux-gnu)	Test (workspace, --lib --tests)	2026-08-10T09:50:03.4331429Z test tests::dispatch_evicts_under_allkeys_random ... ok
test (x86_64-unknown-linux-gnu)	Test (workspace, --lib --tests)	2026-08-10T09:50:03.4332258Z test state::shard::tests::lead_shard_requires_an_assigned_id ... ok
test (x86_64-unknown-linux-gnu)	Test (workspace, --lib --tests)	2026-08-10T09:50:03.4333101Z test state::tests::clone_shares_state_but_not_shard_zone ... ok
test (x86_64-unknown-linux-gnu)	Test (workspace, --lib --tests)	2026-08-10T09:50:03.4333858Z test tests::dispatch_returns_oom_when_no_eviction_at_limit ... ok
test (x86_64-unknown-linux-gnu)	Test (workspace, --lib --tests)	2026-08-10T09:50:03.4334304Z test tests::incr_paths_and_errors ... ok
test (x86_64-unknown-linux-gnu)	Test (workspace, --lib --tests)	2026-08-10T09:50:03.4335154Z test tests::drain_commands_handles_quit_and_protocol_error ... ok
test (x86_64-unknown-linux-gnu)	Test (workspace, --lib --tests)	2026-08-10T09:50:03.4335997Z test tests::memory_usage_via_dispatch ... ok
test (x86_64-unknown-linux-gnu)	Test (workspace, --lib --tests)	2026-08-10T09:50:03.4336587Z test tests::is_write_and_txn_kind_matrix ... ok
test (x86_64-unknown-linux-gnu)	Test (workspace, --lib --tests)	2026-08-10T09:50:03.4337380Z test tests::resolve_unifies_route_and_txn_kind ... ok
test (x86_64-unknown-linux-gnu)	Test (workspace, --lib --tests)	2026-08-10T09:50:03.4341399Z test tests::route_del_exists_arity_branches ... ok
test (x86_64-unknown-linux-gnu)	Test (workspace, --lib --tests)	2026-08-10T09:50:03.4342154Z test tests::route_keyspace_verbs ... ok
test (x86_64-unknown-linux-gnu)	Test (workspace, --lib --tests)	2026-08-10T09:50:03.4342683Z test tests::route_local_verbs ... ok
test (x86_64-unknown-linux-gnu)	Test (workspace, --lib --tests)	2026-08-10T09:50:03.4343333Z test tests::route_multikey_and_pubsub_verbs ... ok
test (x86_64-unknown-linux-gnu)	Test (workspace, --lib --tests)	2026-08-10T09:50:03.4343944Z test tests::ping_and_echo ... ok
test (x86_64-unknown-linux-gnu)	Test (workspace, --lib --tests)	2026-08-10T09:50:03.4344274Z test tests::select_zero_ok_others_rejected ... ok
test (x86_64-unknown-linux-gnu)	Test (workspace, --lib --tests)	2026-08-10T09:50:03.4344597Z test tests::set_options_and_errors ... ok
test (x86_64-unknown-linux-gnu)	Test (workspace, --lib --tests)	2026-08-10T09:50:03.4345002Z test tests::routing_and_write_classification ... ok
test (x86_64-unknown-linux-gnu)	Test (workspace, --lib --tests)	2026-08-10T09:50:03.4345840Z test tests::every_verb_the_engine_logs_can_be_replayed ... ok
test (x86_64-unknown-linux-gnu)	Test (workspace, --lib --tests)	2026-08-10T09:50:03.4346249Z test tests::shard_tick_interval_falls_back_to_disabled ... ok
test (x86_64-unknown-linux-gnu)	Test (workspace, --lib --tests)	2026-08-10T09:50:03.4346646Z test tests_op_table::is_growing_write_verb_matches_table ... ok
test (x86_64-unknown-linux-gnu)	Test (workspace, --lib --tests)	2026-08-10T09:50:03.4347027Z test tests_op_table::is_write_verb_matches_table ... ok
test (x86_64-unknown-linux-gnu)	Test (workspace, --lib --tests)	2026-08-10T09:50:03.4347362Z test tests::unknown_and_config_and_type ... ok
test (x86_64-unknown-linux-gnu)	Test (workspace, --lib --tests)	2026-08-10T09:50:03.4347665Z test tests::string_completion ... ok
test (x86_64-unknown-linux-gnu)	Test (workspace, --lib --tests)	2026-08-10T09:50:03.4347967Z test tests_op_table::notify_class_matches_table ... ok
test (x86_64-unknown-linux-gnu)	Test (workspace, --lib --tests)	2026-08-10T09:50:03.4348302Z test tests_op_table::wake_set_matches_table ... ok
test (x86_64-unknown-linux-gnu)	Test (workspace, --lib --tests)	2026-08-10T09:50:03.4351199Z test tests_verb_meta::internal_continuations_stay_undocumented ... ok
test (x86_64-unknown-linux-gnu)	Test (workspace, --lib --tests)	2026-08-10T09:50:03.4352429Z test tests_verb_meta::meta_rows_are_well_formed ... ok
test (x86_64-unknown-linux-gnu)	Test (workspace, --lib --tests)	2026-08-10T09:50:03.4355130Z test tests_verb_meta::no_duplicate_meta_rows ... ok
test (x86_64-unknown-linux-gnu)	Test (workspace, --lib --tests)	2026-08-10T09:50:03.4357872Z test tests_verb_meta::op_table_server_verbs_all_documented ... ok
test (x86_64-unknown-linux-gnu)	Test (workspace, --lib --tests)	2026-08-10T09:50:03.4376459Z test tests_verb_meta::command_docs_covers_every_meta_row_and_nothing_else ... ok
test (x86_64-unknown-linux-gnu)	Test (workspace, --lib --tests)	2026-08-10T09:50:03.4378068Z test verb_meta::tests::every_family_row_reaches_the_table ... ok
test (x86_64-unknown-linux-gnu)	Test (workspace, --lib --tests)	2026-08-10T09:50:03.4380278Z test verb_meta::tests::every_verb_states_its_complexity_and_its_redis_compatibility ... ok
test (x86_64-unknown-linux-gnu)	Test (workspace, --lib --tests)	2026-08-10T09:50:03.4381339Z test verb_meta::tests::the_costs_that_differ_from_redis_stay_differing ... ok
test (x86_64-unknown-linux-gnu)	Test (workspace, --lib --tests)	2026-08-10T09:50:03.4390658Z test tests_verb_meta::route_matches_resolve_route_for_every_verb ... ok
test (x86_64-unknown-linux-gnu)	Test (workspace, --lib --tests)	2026-08-10T09:50:03.4391450Z test verb_meta::tests::the_fixed_deviations_stay_fixed ... ok
test (x86_64-unknown-linux-gnu)	Test (workspace, --lib --tests)	2026-08-10T09:50:03.4391905Z test verb_meta::tests::verb_names_are_unique ... ok
test (x86_64-unknown-linux-gnu)	Test (workspace, --lib --tests)	2026-08-10T09:50:03.4763957Z test ops::tests::debug_sleep_small_actually_sleeps ... ok
test (x86_64-unknown-linux-gnu)	Test (workspace, --lib --tests)	2026-08-10T09:50:03.4819422Z test tests_op_table::server_surface_has_dispatch_literals ... ok
test (x86_64-unknown-linux-gnu)	Test (workspace, --lib --tests)	2026-08-10T09:50:03.4819860Z 
test (x86_64-unknown-linux-gnu)	Test (workspace, --lib --tests)	2026-08-10T09:50:03.4820210Z test result: ok. 202 passed; 0 failed; 0 ignored; 0 measured; 0 filtered out; finished in 0.07s
test (x86_64-unknown-linux-gnu)	Test (workspace, --lib --tests)	2026-08-10T09:50:03.4820722Z 
test (x86_64-unknown-linux-gnu)	Test (workspace, --lib --tests)	2026-08-10T09:50:03.4826069Z ^[[1m^[[92m     Running^[[0m unittests src/bin/gen_docs.rs (target/x86_64-unknown-linux-gnu/debug/deps/gen_docs-713469f3cacb6ef8)
test (x86_64-unknown-linux-gnu)	Test (workspace, --lib --tests)	2026-08-10T09:50:03.4836838Z 
test (x86_64-unknown-linux-gnu)	Test (workspace, --lib --tests)	2026-08-10T09:50:03.4837271Z running 0 tests
test (x86_64-unknown-linux-gnu)	Test (workspace, --lib --tests)	2026-08-10T09:50:03.4837549Z 
test (x86_64-unknown-linux-gnu)	Test (workspace, --lib --tests)	2026-08-10T09:50:03.4838064Z test result: ok. 0 passed; 0 failed; 0 ignored; 0 measured; 0 filtered out; finished in 0.00s
test (x86_64-unknown-linux-gnu)	Test (workspace, --lib --tests)	2026-08-10T09:50:03.4838716Z 
test (x86_64-unknown-linux-gnu)	Test (workspace, --lib --tests)	2026-08-10T09:50:03.4840169Z ^[[1m^[[92m     Running^[[0m unittests src/main.rs (target/x86_64-unknown-linux-gnu/debug/deps/kevy-1ad742367750a552)
test (x86_64-unknown-linux-gnu)	Test (workspace, --lib --tests)	2026-08-10T09:50:03.4849708Z 
test (x86_64-unknown-linux-gnu)	Test (workspace, --lib --tests)	2026-08-10T09:50:03.4849872Z running 2 tests
test (x86_64-unknown-linux-gnu)	Test (workspace, --lib --tests)	2026-08-10T09:50:03.4852623Z test tests::ipv4_parser_accepts_valid_only ... ok
test (x86_64-unknown-linux-gnu)	Test (workspace, --lib --tests)	2026-08-10T09:50:03.4853022Z test tests::loopback_classification ... ok
test (x86_64-unknown-linux-gnu)	Test (workspace, --lib --tests)	2026-08-10T09:50:03.4853253Z 
test (x86_64-unknown-linux-gnu)	Test (workspace, --lib --tests)	2026-08-10T09:50:03.4853563Z test result: ok. 2 passed; 0 failed; 0 ignored; 0 measured; 0 filtered out; finished in 0.00s
test (x86_64-unknown-linux-gnu)	Test (workspace, --lib --tests)	2026-08-10T09:50:03.4853974Z 
test (x86_64-unknown-linux-gnu)	Test (workspace, --lib --tests)	2026-08-10T09:50:03.4855081Z ^[[1m^[[92m     Running^[[0m tests/advanced_config.rs (target/x86_64-unknown-linux-gnu/debug/deps/advanced_config-ac99995787512a87)
test (x86_64-unknown-linux-gnu)	Test (workspace, --lib --tests)	2026-08-10T09:50:03.4870113Z 
test (x86_64-unknown-linux-gnu)	Test (workspace, --lib --tests)	2026-08-10T09:50:03.4870269Z running 3 tests
test (x86_64-unknown-linux-gnu)	Test (workspace, --lib --tests)	2026-08-10T09:50:03.4873878Z test advanced_defaults_match_pre_v14_constants ... ok
test (x86_64-unknown-linux-gnu)	Test (workspace, --lib --tests)	2026-08-10T09:50:03.4876565Z test advanced_section_round_trips_through_toml ... ok
test (x86_64-unknown-linux-gnu)	Test (workspace, --lib --tests)	2026-08-10T09:50:03.4945549Z test runtime_with_advanced_runs_cmds_correctly ... ok
test (x86_64-unknown-linux-gnu)	Test (workspace, --lib --tests)	2026-08-10T09:50:03.4945998Z 
test (x86_64-unknown-linux-gnu)	Test (workspace, --lib --tests)	2026-08-10T09:50:03.4946407Z test result: ok. 3 passed; 0 failed; 0 ignored; 0 measured; 0 filtered out; finished in 0.01s
test (x86_64-unknown-linux-gnu)	Test (workspace, --lib --tests)	2026-08-10T09:50:03.4947016Z 
test (x86_64-unknown-linux-gnu)	Test (workspace, --lib --tests)	2026-08-10T09:50:03.4950972Z ^[[1m^[[92m     Running^[[0m tests/aof_compat_matrix_chaos.rs (target/x86_64-unknown-linux-gnu/debug/deps/aof_compat_matrix_chaos-7caa231f80cbcbb3)
test (x86_64-unknown-linux-gnu)	Test (workspace, --lib --tests)	2026-08-10T09:50:03.4959852Z 
test (x86_64-unknown-linux-gnu)	Test (workspace, --lib --tests)	2026-08-10T09:50:03.4960005Z running 1 test
test (x86_64-unknown-linux-gnu)	Test (workspace, --lib --tests)	2026-08-10T09:50:03.4961572Z test aof_compat_matrix_replays_v1_vintage_aof ... ignored, chaos test — opt-in via --ignored, needs `cargo build --release -p kevy` first
test (x86_64-unknown-linux-gnu)	Test (workspace, --lib --tests)	2026-08-10T09:50:03.4962885Z 
test (x86_64-unknown-linux-gnu)	Test (workspace, --lib --tests)	2026-08-10T09:50:03.4963437Z ^[[1m^[[92m     Running^[[0m tests/aof_txn_markers.rs (target/x86_64-unknown-linux-gnu/debug/deps/aof_txn_markers-6892486c478c37cf)
test (x86_64-unknown-linux-gnu)	Test (workspace, --lib --tests)	2026-08-10T09:50:03.4964662Z test result: ok. 0 passed; 0 failed; 1 ignored; 0 measured; 0 filtered out; finished in 0.00s
test (x86_64-unknown-linux-gnu)	Test (workspace, --lib --tests)	2026-08-10T09:50:03.4965048Z 
test (x86_64-unknown-linux-gnu)	Test (workspace, --lib --tests)	2026-08-10T09:50:03.4977489Z 
test (x86_64-unknown-linux-gnu)	Test (workspace, --lib --tests)	2026-08-10T09:50:03.4977657Z running 1 test
test (x86_64-unknown-linux-gnu)	Test (workspace, --lib --tests)	2026-08-10T09:50:03.8486242Z test single_commands_carry_no_markers_and_exec_is_bracketed ... ok
test (x86_64-unknown-linux-gnu)	Test (workspace, --lib --tests)	2026-08-10T09:50:03.8486946Z 
test (x86_64-unknown-linux-gnu)	Test (workspace, --lib --tests)	2026-08-10T09:50:03.8487463Z test result: ok. 1 passed; 0 failed; 0 ignored; 0 measured; 0 filtered out; finished in 0.35s
test (x86_64-unknown-linux-gnu)	Test (workspace, --lib --tests)	2026-08-10T09:50:03.8488188Z 
test (x86_64-unknown-linux-gnu)	Test (workspace, --lib --tests)	2026-08-10T09:50:03.8492396Z ^[[1m^[[92m     Running^[[0m tests/audit_log_chaos.rs (target/x86_64-unknown-linux-gnu/debug/deps/audit_log_chaos-f5b3f83676227063)
test (x86_64-unknown-linux-gnu)	Test (workspace, --lib --tests)	2026-08-10T09:50:03.8502648Z 
test (x86_64-unknown-linux-gnu)	Test (workspace, --lib --tests)	2026-08-10T09:50:03.8502809Z running 1 test
test (x86_64-unknown-linux-gnu)	Test (workspace, --lib --tests)	2026-08-10T09:50:03.8504220Z test audit_log_captures_admin_calls_in_order ... ignored, chaos test — opt-in via --ignored, needs `cargo build --release -p kevy` first
test (x86_64-unknown-linux-gnu)	Test (workspace, --lib --tests)	2026-08-10T09:50:03.8505228Z 
test (x86_64-unknown-linux-gnu)	Test (workspace, --lib --tests)	2026-08-10T09:50:03.8505680Z test result: ok. 0 passed; 0 failed; 1 ignored; 0 measured; 0 filtered out; finished in 0.00s
test (x86_64-unknown-linux-gnu)	Test (workspace, --lib --tests)	2026-08-10T09:50:03.8506287Z 
test (x86_64-unknown-linux-gnu)	Test (workspace, --lib --tests)	2026-08-10T09:50:03.8507182Z ^[[1m^[[92m     Running^[[0m tests/backup_restore_chaos.rs (target/x86_64-unknown-linux-gnu/debug/deps/backup_restore_chaos-6af58a056f9c6e75)
test (x86_64-unknown-linux-gnu)	Test (workspace, --lib --tests)	2026-08-10T09:50:03.8515639Z 
test (x86_64-unknown-linux-gnu)	Test (workspace, --lib --tests)	2026-08-10T09:50:03.8515874Z running 1 test
test (x86_64-unknown-linux-gnu)	Test (workspace, --lib --tests)	2026-08-10T09:50:03.8517051Z test backup_restore_round_trip_no_fabrication ... ignored, chaos test — opt-in via --ignored, needs `cargo build --release -p kevy` first
test (x86_64-unknown-linux-gnu)	Test (workspace, --lib --tests)	2026-08-10T09:50:03.8517859Z 
test (x86_64-unknown-linux-gnu)	Test (workspace, --lib --tests)	2026-08-10T09:50:03.8518293Z test result: ok. 0 passed; 0 failed; 1 ignored; 0 measured; 0 filtered out; finished in 0.00s
test (x86_64-unknown-linux-gnu)	Test (workspace, --lib --tests)	2026-08-10T09:50:03.8518717Z 
test (x86_64-unknown-linux-gnu)	Test (workspace, --lib --tests)	2026-08-10T09:50:03.8519508Z ^[[1m^[[92m     Running^[[0m tests/blocking.rs (target/x86_64-unknown-linux-gnu/debug/deps/blocking-5e638536e78b405f)
test (x86_64-unknown-linux-gnu)	Test (workspace, --lib --tests)	2026-08-10T09:50:03.8533325Z 
test (x86_64-unknown-linux-gnu)	Test (workspace, --lib --tests)	2026-08-10T09:50:03.8533477Z running 14 tests
test (x86_64-unknown-linux-gnu)	Test (workspace, --lib --tests)	2026-08-10T09:50:03.8605520Z test blpop_multi_key_immediate_hit_first_available ... ok
test (x86_64-unknown-linux-gnu)	Test (workspace, --lib --tests)	2026-08-10T09:50:03.8770128Z test blpop_returns_immediately_when_list_has_value ... ok
test (x86_64-unknown-linux-gnu)	Test (workspace, --lib --tests)	2026-08-10T09:50:03.9214792Z test blpop_multi_key_woken_on_second_key ... ok
test (x86_64-unknown-linux-gnu)	Test (workspace, --lib --tests)	2026-08-10T09:50:03.9280952Z test brpop_returns_immediately_when_list_has_value ... ok
test (x86_64-unknown-linux-gnu)	Test (workspace, --lib --tests)	2026-08-10T09:50:03.9369688Z test blpop_woken_by_concurrent_push ... ok
test (x86_64-unknown-linux-gnu)	Test (workspace, --lib --tests)	2026-08-10T09:50:03.9851071Z test brpop_woken_by_concurrent_rpush ... ok
test (x86_64-unknown-linux-gnu)	Test (workspace, --lib --tests)	2026-08-10T09:50:03.9916827Z test xread_block_returns_immediately_when_stream_has_entry ... ok
test (x86_64-unknown-linux-gnu)	Test (workspace, --lib --tests)	2026-08-10T09:50:03.9937839Z test xread_block_dollar_id_wakes ... ok
test (x86_64-unknown-linux-gnu)	Test (workspace, --lib --tests)	2026-08-10T09:50:04.0543030Z test xread_block_woken_by_concurrent_xadd ... ok
test (x86_64-unknown-linux-gnu)	Test (workspace, --lib --tests)	2026-08-10T09:50:04.0621373Z test blpop_multi_key_times_out_when_all_empty ... ok
test (x86_64-unknown-linux-gnu)	Test (workspace, --lib --tests)	2026-08-10T09:50:04.0781198Z test blpop_times_out_with_nil_array_when_list_empty ... ok
test (x86_64-unknown-linux-gnu)	Test (workspace, --lib --tests)	2026-08-10T09:50:04.1195327Z test xreadgroup_block_woken_by_concurrent_xadd ... ok
test (x86_64-unknown-linux-gnu)	Test (workspace, --lib --tests)	2026-08-10T09:50:04.1954450Z test xread_block_times_out_with_nil_bulk_when_no_entries ... ok
test (x86_64-unknown-linux-gnu)	Test (workspace, --lib --tests)	2026-08-10T09:50:04.2577482Z test xreadgroup_block_times_out_when_no_new_entries ... ok
test (x86_64-unknown-linux-gnu)	Test (workspace, --lib --tests)	2026-08-10T09:50:04.2577860Z 
test (x86_64-unknown-linux-gnu)	Test (workspace, --lib --tests)	2026-08-10T09:50:04.2578165Z test result: ok. 14 passed; 0 failed; 0 ignored; 0 measured; 0 filtered out; finished in 0.40s
test (x86_64-unknown-linux-gnu)	Test (workspace, --lib --tests)	2026-08-10T09:50:04.2578591Z 
test (x86_64-unknown-linux-gnu)	Test (workspace, --lib --tests)	2026-08-10T09:50:04.2585588Z ^[[1m^[[92m     Running^[[0m tests/blocking_cross_shard.rs (target/x86_64-unknown-linux-gnu/debug/deps/blocking_cross_shard-74a3ec541c6dabea)
test (x86_64-unknown-linux-gnu)	Test (workspace, --lib --tests)	2026-08-10T09:50:04.2601468Z 
test (x86_64-unknown-linux-gnu)	Test (workspace, --lib --tests)	2026-08-10T09:50:04.2601651Z running 8 tests
test (x86_64-unknown-linux-gnu)	Test (workspace, --lib --tests)	2026-08-10T09:50:04.3323744Z test blpop_multi_key_woken_on_either_key ... ok
test (x86_64-unknown-linux-gnu)	Test (workspace, --lib --tests)	2026-08-10T09:50:04.3503767Z test blpop_remote_key_immediate_hit ... ok
test (x86_64-unknown-linux-gnu)	Test (workspace, --lib --tests)	2026-08-10T09:50:04.5750680Z test blpop_multi_key_all_empty_times_out ... ok
test (x86_64-unknown-linux-gnu)	Test (workspace, --lib --tests)	2026-08-10T09:50:04.6089858Z test blpop_remote_key_woken_by_push ... ok
test (x86_64-unknown-linux-gnu)	Test (workspace, --lib --tests)	2026-08-10T09:50:04.6677155Z test xread_block_remote_stream_woken_by_xadd ... ok
test (x86_64-unknown-linux-gnu)	Test (workspace, --lib --tests)	2026-08-10T09:50:04.8423275Z test blpop_remote_disconnect_then_push_is_clean ... ok
test (x86_64-unknown-linux-gnu)	Test (workspace, --lib --tests)	2026-08-10T09:50:04.8848755Z test xread_block_remote_stream_times_out ... ok
test (x86_64-unknown-linux-gnu)	Test (workspace, --lib --tests)	2026-08-10T09:50:05.6935989Z test blpop_remote_key_times_out_not_hang ... ok
test (x86_64-unknown-linux-gnu)	Test (workspace, --lib --tests)	2026-08-10T09:50:05.6936541Z 
test (x86_64-unknown-linux-gnu)	Test (workspace, --lib --tests)	2026-08-10T09:50:05.6937038Z test result: ok. 8 passed; 0 failed; 0 ignored; 0 measured; 0 filtered out; finished in 1.43s
test (x86_64-unknown-linux-gnu)	Test (workspace, --lib --tests)	2026-08-10T09:50:05.6937673Z 
test (x86_64-unknown-linux-gnu)	Test (workspace, --lib --tests)	2026-08-10T09:50:05.6969567Z ^[[1m^[[92m     Running^[[0m tests/blocking_xshard_serve_race.rs (target/x86_64-unknown-linux-gnu/debug/deps/blocking_xshard_serve_race-7c6972974eb190f2)
test (x86_64-unknown-linux-gnu)	Test (workspace, --lib --tests)	2026-08-10T09:50:05.6985332Z 
test (x86_64-unknown-linux-gnu)	Test (workspace, --lib --tests)	2026-08-10T09:50:05.6985513Z running 1 test
test (x86_64-unknown-linux-gnu)	Test (workspace, --lib --tests)	2026-08-10T09:50:08.6674541Z test a_disconnect_during_the_serve_does_not_lose_the_element ... ok
test (x86_64-unknown-linux-gnu)	Test (workspace, --lib --tests)	2026-08-10T09:50:08.6674979Z 
test (x86_64-unknown-linux-gnu)	Test (workspace, --lib --tests)	2026-08-10T09:50:08.6675280Z test result: ok. 1 passed; 0 failed; 0 ignored; 0 measured; 0 filtered out; finished in 2.97s
test (x86_64-unknown-linux-gnu)	Test (workspace, --lib --tests)	2026-08-10T09:50:08.6675701Z 
test (x86_64-unknown-linux-gnu)	Test (workspace, --lib --tests)	2026-08-10T09:50:08.6686036Z ^[[1m^[[92m     Running^[[0m tests/bullmq_bzpopmin.rs (target/x86_64-unknown-linux-gnu/debug/deps/bullmq_bzpopmin-321d49148895a378)
test (x86_64-unknown-linux-gnu)	Test (workspace, --lib --tests)	2026-08-10T09:50:08.6702208Z 
test (x86_64-unknown-linux-gnu)	Test (workspace, --lib --tests)	2026-08-10T09:50:08.6702473Z running 11 tests
test (x86_64-unknown-linux-gnu)	Test (workspace, --lib --tests)	2026-08-10T09:50:08.6781447Z test bzpopmin_multi_key_returns_from_first_non_empty ... ok
test (x86_64-unknown-linux-gnu)	Test (workspace, --lib --tests)	2026-08-10T09:50:08.6931829Z test bzpopmin_negative_timeout_returns_err ... ok
test (x86_64-unknown-linux-gnu)	Test (workspace, --lib --tests)	2026-08-10T09:50:08.6986141Z test bzpopmin_non_numeric_timeout_returns_err ... ok
test (x86_64-unknown-linux-gnu)	Test (workspace, --lib --tests)	2026-08-10T09:50:08.7042534Z test bzpopmin_returns_float_score_via_fmt_score ... ok
test (x86_64-unknown-linux-gnu)	Test (workspace, --lib --tests)	2026-08-10T09:50:08.7092240Z test bzpopmin_returns_lowest_scored_when_zset_has_members ... ok
test (x86_64-unknown-linux-gnu)	Test (workspace, --lib --tests)	2026-08-10T09:50:08.7326946Z test bzpopmin_multi_key_woken_on_second_key ... ok
test (x86_64-unknown-linux-gnu)	Test (workspace, --lib --tests)	2026-08-10T09:50:08.7700648Z test bzpopmin_woken_by_concurrent_zadd ... ok
test (x86_64-unknown-linux-gnu)	Test (workspace, --lib --tests)	2026-08-10T09:50:08.7766797Z test bzpopmin_wrong_type_key_returns_wrongtype ... ok
test (x86_64-unknown-linux-gnu)	Test (workspace, --lib --tests)	2026-08-10T09:50:08.7895476Z test bzpopmin_woken_by_concurrent_zincrby_on_new_key ... ok
test (x86_64-unknown-linux-gnu)	Test (workspace, --lib --tests)	2026-08-10T09:50:08.8844829Z test bzpopmin_multi_key_times_out_when_all_empty ... ok
test (x86_64-unknown-linux-gnu)	Test (workspace, --lib --tests)	2026-08-10T09:50:08.9110603Z test bzpopmin_times_out_with_nil_array_when_zset_empty ... ok
test (x86_64-unknown-linux-gnu)	Test (workspace, --lib --tests)	2026-08-10T09:50:08.9111377Z 
test (x86_64-unknown-linux-gnu)	Test (workspace, --lib --tests)	2026-08-10T09:50:08.9112019Z test result: ok. 11 passed; 0 failed; 0 ignored; 0 measured; 0 filtered out; finished in 0.24s
test (x86_64-unknown-linux-gnu)	Test (workspace, --lib --tests)	2026-08-10T09:50:08.9112915Z 
test (x86_64-unknown-linux-gnu)	Test (workspace, --lib --tests)	2026-08-10T09:50:08.9118769Z ^[[1m^[[92m     Running^[[0m tests/bullmq_hash.rs (target/x86_64-unknown-linux-gnu/debug/deps/bullmq_hash-7ff75363ab3ee36d)
test (x86_64-unknown-linux-gnu)	Test (workspace, --lib --tests)	2026-08-10T09:50:08.9132897Z 
test (x86_64-unknown-linux-gnu)	Test (workspace, --lib --tests)	2026-08-10T09:50:08.9133072Z running 5 tests
test (x86_64-unknown-linux-gnu)	Test (workspace, --lib --tests)	2026-08-10T09:50:08.9139066Z test hmset_on_wrong_type_errors ... ok
test (x86_64-unknown-linux-gnu)	Test (workspace, --lib --tests)	2026-08-10T09:50:08.9140098Z test hmset_returns_ok_and_stores_pairs ... ok
test (x86_64-unknown-linux-gnu)	Test (workspace, --lib --tests)	2026-08-10T09:50:08.9140550Z test hmset_overwrites_existing_field ... ok
test (x86_64-unknown-linux-gnu)	Test (workspace, --lib --tests)	2026-08-10T09:50:08.9140932Z test hexpire_httl_hpersist_dispatch ... ok
test (x86_64-unknown-linux-gnu)	Test (workspace, --lib --tests)	2026-08-10T09:50:08.9141279Z test hmset_wrong_arity_errors ... ok
test (x86_64-unknown-linux-gnu)	Test (workspace, --lib --tests)	2026-08-10T09:50:08.9141508Z 
test (x86_64-unknown-linux-gnu)	Test (workspace, --lib --tests)	2026-08-10T09:50:08.9142105Z test result: ok. 5 passed; 0 failed; 0 ignored; 0 measured; 0 filtered out; finished in 0.00s
test (x86_64-unknown-linux-gnu)	Test (workspace, --lib --tests)	2026-08-10T09:50:08.9142733Z 
test (x86_64-unknown-linux-gnu)	Test (workspace, --lib --tests)	2026-08-10T09:50:08.9144535Z ^[[1m^[[92m     Running^[[0m tests/bullmq_list.rs (target/x86_64-unknown-linux-gnu/debug/deps/bullmq_list-cb34a3d865bf9a27)
test (x86_64-unknown-linux-gnu)	Test (workspace, --lib --tests)	2026-08-10T09:50:08.9157358Z 
test (x86_64-unknown-linux-gnu)	Test (workspace, --lib --tests)	2026-08-10T09:50:08.9157532Z running 13 tests
test (x86_64-unknown-linux-gnu)	Test (workspace, --lib --tests)	2026-08-10T09:50:08.9163600Z test lmove_empty_src_returns_nil ... ok
test (x86_64-unknown-linux-gnu)	Test (workspace, --lib --tests)	2026-08-10T09:50:08.9164265Z test lmove_bad_direction_errors ... ok
test (x86_64-unknown-linux-gnu)	Test (workspace, --lib --tests)	2026-08-10T09:50:08.9165207Z test lmove_right_to_left_matches_rpoplpush ... ok
test (x86_64-unknown-linux-gnu)	Test (workspace, --lib --tests)	2026-08-10T09:50:08.9166120Z test lmove_left_to_right_moves_head_to_tail ... ok
test (x86_64-unknown-linux-gnu)	Test (workspace, --lib --tests)	2026-08-10T09:50:08.9167086Z test lpos_absent_element_returns_nil_without_count ... ok
test (x86_64-unknown-linux-gnu)	Test (workspace, --lib --tests)	2026-08-10T09:50:08.9167999Z test lpos_rank_negative_scans_from_tail ... ok
test (x86_64-unknown-linux-gnu)	Test (workspace, --lib --tests)	2026-08-10T09:50:08.9168861Z test lpos_count_returns_array_of_indices ... ok
test (x86_64-unknown-linux-gnu)	Test (workspace, --lib --tests)	2026-08-10T09:50:08.9169994Z test lpos_default_returns_first_match_index ... ok
test (x86_64-unknown-linux-gnu)	Test (workspace, --lib --tests)	2026-08-10T09:50:08.9171018Z test lpos_rank_zero_errors ... ok
test (x86_64-unknown-linux-gnu)	Test (workspace, --lib --tests)	2026-08-10T09:50:08.9171632Z test rpoplpush_dst_wrong_type_errors_without_consuming ... ok
test (x86_64-unknown-linux-gnu)	Test (workspace, --lib --tests)	2026-08-10T09:50:08.9172623Z test rpoplpush_empty_src_returns_nil ... ok
test (x86_64-unknown-linux-gnu)	Test (workspace, --lib --tests)	2026-08-10T09:50:08.9173466Z test rpoplpush_moves_tail_of_src_to_head_of_dst ... ok
test (x86_64-unknown-linux-gnu)	Test (workspace, --lib --tests)	2026-08-10T09:50:08.9173830Z test rpoplpush_same_key_rotates ... ok
test (x86_64-unknown-linux-gnu)	Test (workspace, --lib --tests)	2026-08-10T09:50:08.9174018Z 
test (x86_64-unknown-linux-gnu)	Test (workspace, --lib --tests)	2026-08-10T09:50:08.9174273Z test result: ok. 13 passed; 0 failed; 0 ignored; 0 measured; 0 filtered out; finished in 0.00s
test (x86_64-unknown-linux-gnu)	Test (workspace, --lib --tests)	2026-08-10T09:50:08.9174632Z 
test (x86_64-unknown-linux-gnu)	Test (workspace, --lib --tests)	2026-08-10T09:50:08.9177678Z ^[[1m^[[92m     Running^[[0m tests/bullmq_zset.rs (target/x86_64-unknown-linux-gnu/debug/deps/bullmq_zset-d56cd60a739050a2)
test (x86_64-unknown-linux-gnu)	Test (workspace, --lib --tests)	2026-08-10T09:50:08.9190365Z 
test (x86_64-unknown-linux-gnu)	Test (workspace, --lib --tests)	2026-08-10T09:50:08.9190681Z running 15 tests
test (x86_64-unknown-linux-gnu)	Test (workspace, --lib --tests)	2026-08-10T09:50:08.9196573Z test zpopmin_empty_key_returns_empty_array ... ok
test (x86_64-unknown-linux-gnu)	Test (workspace, --lib --tests)	2026-08-10T09:50:08.9197341Z test zpopmin_with_count_returns_n_pairs ... ok
test (x86_64-unknown-linux-gnu)	Test (workspace, --lib --tests)	2026-08-10T09:50:08.9198418Z test zpopmin_returns_lowest_member_and_score ... ok
test (x86_64-unknown-linux-gnu)	Test (workspace, --lib --tests)	2026-08-10T09:50:08.9199552Z test zpopmin_below_pops_only_due ... ok
test (x86_64-unknown-linux-gnu)	Test (workspace, --lib --tests)	2026-08-10T09:50:08.9200393Z test zpopmin_wrong_type_errors ... ok
test (x86_64-unknown-linux-gnu)	Test (workspace, --lib --tests)	2026-08-10T09:50:08.9201219Z test zremrangebyrank_absent_key_returns_zero ... ok
test (x86_64-unknown-linux-gnu)	Test (workspace, --lib --tests)	2026-08-10T09:50:08.9202215Z test zremrangebyrank_negative_indices ... ok
test (x86_64-unknown-linux-gnu)	Test (workspace, --lib --tests)	2026-08-10T09:50:08.9203151Z test zremrangebyrank_removes_in_inclusive_range ... ok
test (x86_64-unknown-linux-gnu)	Test (workspace, --lib --tests)	2026-08-10T09:50:08.9204409Z test zremrangebyscore_exclusive_bound_via_paren ... ok
test (x86_64-unknown-linux-gnu)	Test (workspace, --lib --tests)	2026-08-10T09:50:08.9205188Z test zremrangebyscore_inf_bounds ... ok
test (x86_64-unknown-linux-gnu)	Test (workspace, --lib --tests)	2026-08-10T09:50:08.9206031Z test zremrangebyscore_removes_inclusive_bounds ... ok
test (x86_64-unknown-linux-gnu)	Test (workspace, --lib --tests)	2026-08-10T09:50:08.9206790Z test zrevrangebyscore_bad_bound_errors ... ok
test (x86_64-unknown-linux-gnu)	Test (workspace, --lib --tests)	2026-08-10T09:50:08.9207503Z test zrevrangebyscore_limit ... ok
test (x86_64-unknown-linux-gnu)	Test (workspace, --lib --tests)	2026-08-10T09:50:08.9208134Z test zrevrangebyscore_returns_descending_order ... ok
test (x86_64-unknown-linux-gnu)	Test (workspace, --lib --tests)	2026-08-10T09:50:08.9208552Z test zrevrangebyscore_withscores_v2_shape ... ok
test (x86_64-unknown-linux-gnu)	Test (workspace, --lib --tests)	2026-08-10T09:50:08.9208818Z 
test (x86_64-unknown-linux-gnu)	Test (workspace, --lib --tests)	2026-08-10T09:50:08.9209988Z test result: ok. 15 passed; 0 failed; 0 ignored; 0 measured; 0 filtered out; finished in 0.00s
test (x86_64-unknown-linux-gnu)	Test (workspace, --lib --tests)	2026-08-10T09:50:08.9210627Z 
test (x86_64-unknown-linux-gnu)	Test (workspace, --lib --tests)	2026-08-10T09:50:08.9212877Z ^[[1m^[[92m     Running^[[0m tests/burst_ramp_realistic_chaos.rs (target/x86_64-unknown-linux-gnu/debug/deps/burst_ramp_realistic_chaos-5ac6617e77ec56ab)
test (x86_64-unknown-linux-gnu)	Test (workspace, --lib --tests)	2026-08-10T09:50:08.9221481Z 
test (x86_64-unknown-linux-gnu)	Test (workspace, --lib --tests)	2026-08-10T09:50:08.9221658Z running 1 test
test (x86_64-unknown-linux-gnu)	Test (workspace, --lib --tests)	2026-08-10T09:50:08.9222866Z test burst_ramp_realistic_workload ... ignored, chaos test — opt-in via --ignored, needs `cargo build --release -p kevy` first
test (x86_64-unknown-linux-gnu)	Test (workspace, --lib --tests)	2026-08-10T09:50:08.9223717Z 
test (x86_64-unknown-linux-gnu)	Test (workspace, --lib --tests)	2026-08-10T09:50:08.9224092Z test result: ok. 0 passed; 0 failed; 1 ignored; 0 measured; 0 filtered out; finished in 0.00s
test (x86_64-unknown-linux-gnu)	Test (workspace, --lib --tests)	2026-08-10T09:50:08.9224607Z 
test (x86_64-unknown-linux-gnu)	Test (workspace, --lib --tests)	2026-08-10T09:50:08.9226120Z ^[[1m^[[92m     Running^[[0m tests/client_setname_persistence.rs (target/x86_64-unknown-linux-gnu/debug/deps/client_setname_persistence-c2841c41111540a1)
test (x86_64-unknown-linux-gnu)	Test (workspace, --lib --tests)	2026-08-10T09:50:08.9235134Z 
test (x86_64-unknown-linux-gnu)	Test (workspace, --lib --tests)	2026-08-10T09:50:08.9235315Z running 1 test
test (x86_64-unknown-linux-gnu)	Test (workspace, --lib --tests)	2026-08-10T09:50:08.9236194Z test client_setname_persists_per_connection ... ignored, chaos test — opt-in via --ignored
test (x86_64-unknown-linux-gnu)	Test (workspace, --lib --tests)	2026-08-10T09:50:08.9236829Z 
test (x86_64-unknown-linux-gnu)	Test (workspace, --lib --tests)	2026-08-10T09:50:08.9237238Z test result: ok. 0 passed; 0 failed; 1 ignored; 0 measured; 0 filtered out; finished in 0.00s
test (x86_64-unknown-linux-gnu)	Test (workspace, --lib --tests)	2026-08-10T09:50:08.9237829Z 
test (x86_64-unknown-linux-gnu)	Test (workspace, --lib --tests)	2026-08-10T09:50:08.9238528Z ^[[1m^[[92m     Running^[[0m tests/cluster.rs (target/x86_64-unknown-linux-gnu/debug/deps/cluster-478b5ae4b8ad8ad2)
test (x86_64-unknown-linux-gnu)	Test (workspace, --lib --tests)	2026-08-10T09:50:08.9252277Z 
test (x86_64-unknown-linux-gnu)	Test (workspace, --lib --tests)	2026-08-10T09:50:08.9252498Z running 5 tests
test (x86_64-unknown-linux-gnu)	Test (workspace, --lib --tests)	2026-08-10T09:50:08.9724008Z test compat_port_keeps_forwarding_in_cluster_mode ... ok
test (x86_64-unknown-linux-gnu)	Test (workspace, --lib --tests)	2026-08-10T09:50:08.9821680Z test cluster_port_moves_wrong_shard_key_and_serves_own ... ok
test (x86_64-unknown-linux-gnu)	Test (workspace, --lib --tests)	2026-08-10T09:50:08.9887051Z test cluster_slots_topology_is_exact_and_covering ... ok
test (x86_64-unknown-linux-gnu)	Test (workspace, --lib --tests)	2026-08-10T09:50:09.0012372Z test keyslot_matches_local_computation ... ok
test (x86_64-unknown-linux-gnu)	Test (workspace, --lib --tests)	2026-08-10T09:50:09.0880624Z test reshard_migrates_kevyhash_data_to_slots_losslessly ... ok
test (x86_64-unknown-linux-gnu)	Test (workspace, --lib --tests)	2026-08-10T09:50:09.0881160Z 
test (x86_64-unknown-linux-gnu)	Test (workspace, --lib --tests)	2026-08-10T09:50:09.0881489Z test result: ok. 5 passed; 0 failed; 0 ignored; 0 measured; 0 filtered out; finished in 0.16s
test (x86_64-unknown-linux-gnu)	Test (workspace, --lib --tests)	2026-08-10T09:50:09.0881946Z 
test (x86_64-unknown-linux-gnu)	Test (workspace, --lib --tests)	2026-08-10T09:50:09.0891801Z ^[[1m^[[92m     Running^[[0m tests/cluster_client.rs (target/x86_64-unknown-linux-gnu/debug/deps/cluster_client-94b24b58ee662a84)
test (x86_64-unknown-linux-gnu)	Test (workspace, --lib --tests)	2026-08-10T09:50:09.0907414Z 
test (x86_64-unknown-linux-gnu)	Test (workspace, --lib --tests)	2026-08-10T09:50:09.0907864Z running 1 test
test (x86_64-unknown-linux-gnu)	Test (workspace, --lib --tests)	2026-08-10T09:50:09.2047637Z test cluster_client_routes_every_key_to_owner ... ok
test (x86_64-unknown-linux-gnu)	Test (workspace, --lib --tests)	2026-08-10T09:50:09.2048115Z 
test (x86_64-unknown-linux-gnu)	Test (workspace, --lib --tests)	2026-08-10T09:50:09.2048532Z test result: ok. 1 passed; 0 failed; 0 ignored; 0 measured; 0 filtered out; finished in 0.11s
test (x86_64-unknown-linux-gnu)	Test (workspace, --lib --tests)	2026-08-10T09:50:09.2049075Z 
test (x86_64-unknown-linux-gnu)	Test (workspace, --lib --tests)	2026-08-10T09:50:09.2054927Z ^[[1m^[[92m     Running^[[0m tests/cluster_crossslot_mget.rs (target/x86_64-unknown-linux-gnu/debug/deps/cluster_crossslot_mget-8aca851ae0811759)
test (x86_64-unknown-linux-gnu)	Test (workspace, --lib --tests)	2026-08-10T09:50:09.2065198Z 
test (x86_64-unknown-linux-gnu)	Test (workspace, --lib --tests)	2026-08-10T09:50:09.2065341Z running 1 test
test (x86_64-unknown-linux-gnu)	Test (workspace, --lib --tests)	2026-08-10T09:50:09.2067650Z test cluster_mode_multikey_emits_crossslot ... ignored, chaos test — opt-in via --ignored, needs `cargo build --release -p kevy` first
test (x86_64-unknown-linux-gnu)	Test (workspace, --lib --tests)	2026-08-10T09:50:09.2068470Z 
test (x86_64-unknown-linux-gnu)	Test (workspace, --lib --tests)	2026-08-10T09:50:09.2068883Z test result: ok. 0 passed; 0 failed; 1 ignored; 0 measured; 0 filtered out; finished in 0.00s
test (x86_64-unknown-linux-gnu)	Test (workspace, --lib --tests)	2026-08-10T09:50:09.2069677Z 
test (x86_64-unknown-linux-gnu)	Test (workspace, --lib --tests)	2026-08-10T09:50:09.2070659Z ^[[1m^[[92m     Running^[[0m tests/cluster_known_nodes_count.rs (target/x86_64-unknown-linux-gnu/debug/deps/cluster_known_nodes_count-46e540f13334341f)
test (x86_64-unknown-linux-gnu)	Test (workspace, --lib --tests)	2026-08-10T09:50:09.2077168Z 
test (x86_64-unknown-linux-gnu)	Test (workspace, --lib --tests)	2026-08-10T09:50:09.2077340Z running 1 test
test (x86_64-unknown-linux-gnu)	Test (workspace, --lib --tests)	2026-08-10T09:50:09.2078654Z test cluster_info_known_nodes_reports_peer_count ... ignored, chaos test — opt-in via --ignored, needs `cargo build --release -p kevy` first
test (x86_64-unknown-linux-gnu)	Test (workspace, --lib --tests)	2026-08-10T09:50:09.2079754Z 
test (x86_64-unknown-linux-gnu)	Test (workspace, --lib --tests)	2026-08-10T09:50:09.2080158Z test result: ok. 0 passed; 0 failed; 1 ignored; 0 measured; 0 filtered out; finished in 0.00s
test (x86_64-unknown-linux-gnu)	Test (workspace, --lib --tests)	2026-08-10T09:50:09.2080743Z 
test (x86_64-unknown-linux-gnu)	Test (workspace, --lib --tests)	2026-08-10T09:50:09.2081736Z ^[[1m^[[92m     Running^[[0m tests/cluster_peer_formation_chaos.rs (target/x86_64-unknown-linux-gnu/debug/deps/cluster_peer_formation_chaos-da8a2f4bda17275c)
test (x86_64-unknown-linux-gnu)	Test (workspace, --lib --tests)	2026-08-10T09:50:09.2088711Z 
test (x86_64-unknown-linux-gnu)	Test (workspace, --lib --tests)	2026-08-10T09:50:09.2088896Z running 1 test
test (x86_64-unknown-linux-gnu)	Test (workspace, --lib --tests)	2026-08-10T09:50:09.2090754Z test cluster_peer_formation_survives_node_death ... ignored, chaos test — opt-in via --ignored, needs `cargo build --release -p kevy` first
test (x86_64-unknown-linux-gnu)	Test (workspace, --lib --tests)	2026-08-10T09:50:09.2091641Z 
test (x86_64-unknown-linux-gnu)	Test (workspace, --lib --tests)	2026-08-10T09:50:09.2092054Z test result: ok. 0 passed; 0 failed; 1 ignored; 0 measured; 0 filtered out; finished in 0.00s
test (x86_64-unknown-linux-gnu)	Test (workspace, --lib --tests)	2026-08-10T09:50:09.2092669Z 
test (x86_64-unknown-linux-gnu)	Test (workspace, --lib --tests)	2026-08-10T09:50:09.2093606Z ^[[1m^[[92m     Running^[[0m tests/cluster_topology_chaos.rs (target/x86_64-unknown-linux-gnu/debug/deps/cluster_topology_chaos-32346aa22f2408bd)
test (x86_64-unknown-linux-gnu)	Test (workspace, --lib --tests)	2026-08-10T09:50:09.2100916Z 
test (x86_64-unknown-linux-gnu)	Test (workspace, --lib --tests)	2026-08-10T09:50:09.2101095Z running 1 test
test (x86_64-unknown-linux-gnu)	Test (workspace, --lib --tests)	2026-08-10T09:50:09.2102395Z test cluster_topology_routing_under_chaos ... ignored, chaos test — opt-in via --ignored, needs `cargo build --release -p kevy` first
test (x86_64-unknown-linux-gnu)	Test (workspace, --lib --tests)	2026-08-10T09:50:09.2103246Z 
test (x86_64-unknown-linux-gnu)	Test (workspace, --lib --tests)	2026-08-10T09:50:09.2103657Z test result: ok. 0 passed; 0 failed; 1 ignored; 0 measured; 0 filtered out; finished in 0.00s
test (x86_64-unknown-linux-gnu)	Test (workspace, --lib --tests)	2026-08-10T09:50:09.2104241Z 
test (x86_64-unknown-linux-gnu)	Test (workspace, --lib --tests)	2026-08-10T09:50:09.2104956Z ^[[1m^[[92m     Running^[[0m tests/cmd_matrix.rs (target/x86_64-unknown-linux-gnu/debug/deps/cmd_matrix-874d26004d1562db)
test (x86_64-unknown-linux-gnu)	Test (workspace, --lib --tests)	2026-08-10T09:50:09.2116577Z 
test (x86_64-unknown-linux-gnu)	Test (workspace, --lib --tests)	2026-08-10T09:50:09.2116761Z running 9 tests
test (x86_64-unknown-linux-gnu)	Test (workspace, --lib --tests)	2026-08-10T09:50:09.2123907Z test generic_keyspace ... ok
test (x86_64-unknown-linux-gnu)	Test (workspace, --lib --tests)	2026-08-10T09:50:09.2124382Z test list_full_surface ... ok
test (x86_64-unknown-linux-gnu)	Test (workspace, --lib --tests)	2026-08-10T09:50:09.2124819Z test hash_full_surface ... ok
test (x86_64-unknown-linux-gnu)	Test (workspace, --lib --tests)	2026-08-10T09:50:09.2128132Z test multikey_stubs ... ok
test (x86_64-unknown-linux-gnu)	Test (workspace, --lib --tests)	2026-08-10T09:50:09.2128569Z test set_full_surface ... ok
test (x86_64-unknown-linux-gnu)	Test (workspace, --lib --tests)	2026-08-10T09:50:09.2128983Z test conn_and_introspection ... ok
test (x86_64-unknown-linux-gnu)	Test (workspace, --lib --tests)	2026-08-10T09:50:09.2133835Z test string_counters_and_wrongtype ... ok
test (x86_64-unknown-linux-gnu)	Test (workspace, --lib --tests)	2026-08-10T09:50:09.2134398Z test string_set_get_family ... ok
test (x86_64-unknown-linux-gnu)	Test (workspace, --lib --tests)	2026-08-10T09:50:09.2134848Z test zset_full_surface ... ok
test (x86_64-unknown-linux-gnu)	Test (workspace, --lib --tests)	2026-08-10T09:50:09.2135118Z 
test (x86_64-unknown-linux-gnu)	Test (workspace, --lib --tests)	2026-08-10T09:50:09.2135544Z test result: ok. 9 passed; 0 failed; 0 ignored; 0 measured; 0 filtered out; finished in 0.00s
test (x86_64-unknown-linux-gnu)	Test (workspace, --lib --tests)	2026-08-10T09:50:09.2136180Z 
test (x86_64-unknown-linux-gnu)	Test (workspace, --lib --tests)	2026-08-10T09:50:09.2137992Z ^[[1m^[[92m     Running^[[0m tests/commands.rs (target/x86_64-unknown-linux-gnu/debug/deps/commands-cd8836c4b2a94b72)
test (x86_64-unknown-linux-gnu)	Test (workspace, --lib --tests)	2026-08-10T09:50:09.2151068Z 
test (x86_64-unknown-linux-gnu)	Test (workspace, --lib --tests)	2026-08-10T09:50:09.2151322Z running 4 tests
test (x86_64-unknown-linux-gnu)	Test (workspace, --lib --tests)	2026-08-10T09:50:09.2163906Z test expiry_commands ... ok
test (x86_64-unknown-linux-gnu)	Test (workspace, --lib --tests)	2026-08-10T09:50:09.2164379Z test counters ... ok
test (x86_64-unknown-linux-gnu)	Test (workspace, --lib --tests)	2026-08-10T09:50:09.2164744Z test set_options_and_flush ... ok
test (x86_64-unknown-linux-gnu)	Test (workspace, --lib --tests)	2026-08-10T09:50:09.2165519Z test string_lifecycle ... ok
test (x86_64-unknown-linux-gnu)	Test (workspace, --lib --tests)	2026-08-10T09:50:09.2166041Z 
test (x86_64-unknown-linux-gnu)	Test (workspace, --lib --tests)	2026-08-10T09:50:09.2166483Z test result: ok. 4 passed; 0 failed; 0 ignored; 0 measured; 0 filtered out; finished in 0.00s
test (x86_64-unknown-linux-gnu)	Test (workspace, --lib --tests)	2026-08-10T09:50:09.2167075Z 
test (x86_64-unknown-linux-gnu)	Test (workspace, --lib --tests)	2026-08-10T09:50:09.2169053Z ^[[1m^[[92m     Running^[[0m tests/concurrent_writers_overlap.rs (target/x86_64-unknown-linux-gnu/debug/deps/concurrent_writers_overlap-9d67561a7a445351)
test (x86_64-unknown-linux-gnu)	Test (workspace, --lib --tests)	2026-08-10T09:50:09.2177498Z 
test (x86_64-unknown-linux-gnu)	Test (workspace, --lib --tests)	2026-08-10T09:50:09.2177671Z running 1 test
test (x86_64-unknown-linux-gnu)	Test (workspace, --lib --tests)	2026-08-10T09:50:09.2178973Z test concurrent_writers_overlap_no_fabrication ... ignored, chaos test — opt-in via --ignored, needs `cargo build --release -p kevy` first
test (x86_64-unknown-linux-gnu)	Test (workspace, --lib --tests)	2026-08-10T09:50:09.2180284Z 
test (x86_64-unknown-linux-gnu)	Test (workspace, --lib --tests)	2026-08-10T09:50:09.2181027Z ^[[1m^[[92m     Running^[[0m tests/config_set.rs (target/x86_64-unknown-linux-gnu/debug/deps/config_set-34d8834e0eff5c8d)
test (x86_64-unknown-linux-gnu)	Test (workspace, --lib --tests)	2026-08-10T09:50:09.2182174Z test result: ok. 0 passed; 0 failed; 1 ignored; 0 measured; 0 filtered out; finished in 0.00s
test (x86_64-unknown-linux-gnu)	Test (workspace, --lib --tests)	2026-08-10T09:50:09.2182760Z 
test (x86_64-unknown-linux-gnu)	Test (workspace, --lib --tests)	2026-08-10T09:50:09.2194554Z 
test (x86_64-unknown-linux-gnu)	Test (workspace, --lib --tests)	2026-08-10T09:50:09.2194782Z running 5 tests
test (x86_64-unknown-linux-gnu)	Test (workspace, --lib --tests)	2026-08-10T09:50:09.2270240Z test config_rewrite_without_source_path_returns_error ... ok
test (x86_64-unknown-linux-gnu)	Test (workspace, --lib --tests)	2026-08-10T09:50:09.2273065Z test config_set_appendfsync_round_trips_through_get ... ok
test (x86_64-unknown-linux-gnu)	Test (workspace, --lib --tests)	2026-08-10T09:50:09.2289894Z test config_set_maxmemory_takes_effect_globally ... ok
test (x86_64-unknown-linux-gnu)	Test (workspace, --lib --tests)	2026-08-10T09:50:09.2300918Z test config_rewrite_writes_round_trippable_file_from_source_path ... ok
test (x86_64-unknown-linux-gnu)	Test (workspace, --lib --tests)	2026-08-10T09:50:09.2329400Z test config_set_read_only_bind_returns_restart_required_error ... ok
test (x86_64-unknown-linux-gnu)	Test (workspace, --lib --tests)	2026-08-10T09:50:09.2329942Z 
test (x86_64-unknown-linux-gnu)	Test (workspace, --lib --tests)	2026-08-10T09:50:09.2330363Z test result: ok. 5 passed; 0 failed; 0 ignored; 0 measured; 0 filtered out; finished in 0.01s
test (x86_64-unknown-linux-gnu)	Test (workspace, --lib --tests)	2026-08-10T09:50:09.2330955Z 
test (x86_64-unknown-linux-gnu)	Test (workspace, --lib --tests)	2026-08-10T09:50:09.2335430Z ^[[1m^[[92m     Running^[[0m tests/crash_always.rs (target/x86_64-unknown-linux-gnu/debug/deps/crash_always-4af095d8dd6f9d71)
test (x86_64-unknown-linux-gnu)	Test (workspace, --lib --tests)	2026-08-10T09:50:09.2345402Z 
test (x86_64-unknown-linux-gnu)	Test (workspace, --lib --tests)	2026-08-10T09:50:09.2345550Z running 1 test
test (x86_64-unknown-linux-gnu)	Test (workspace, --lib --tests)	2026-08-10T09:50:09.2346655Z test crash_always_fsync_zero_loss ... ignored, chaos test — opt-in via --ignored, needs `cargo build --release -p kevy` first
test (x86_64-unknown-linux-gnu)	Test (workspace, --lib --tests)	2026-08-10T09:50:09.2347183Z 
test (x86_64-unknown-linux-gnu)	Test (workspace, --lib --tests)	2026-08-10T09:50:09.2347442Z test result: ok. 0 passed; 0 failed; 1 ignored; 0 measured; 0 filtered out; finished in 0.00s
test (x86_64-unknown-linux-gnu)	Test (workspace, --lib --tests)	2026-08-10T09:50:09.2347775Z 
test (x86_64-unknown-linux-gnu)	Test (workspace, --lib --tests)	2026-08-10T09:50:09.2348919Z ^[[1m^[[92m     Running^[[0m tests/crash_during_rewrite.rs (target/x86_64-unknown-linux-gnu/debug/deps/crash_during_rewrite-49357ddb42a795bb)
test (x86_64-unknown-linux-gnu)	Test (workspace, --lib --tests)	2026-08-10T09:50:09.2357202Z 
test (x86_64-unknown-linux-gnu)	Test (workspace, --lib --tests)	2026-08-10T09:50:09.2357341Z running 1 test
test (x86_64-unknown-linux-gnu)	Test (workspace, --lib --tests)	2026-08-10T09:50:09.2360650Z test crash_during_aof_rewrite_no_corruption ... ignored, chaos test — opt-in via --ignored, needs `cargo build --release -p kevy` first
test (x86_64-unknown-linux-gnu)	Test (workspace, --lib --tests)	2026-08-10T09:50:09.2361390Z 
test (x86_64-unknown-linux-gnu)	Test (workspace, --lib --tests)	2026-08-10T09:50:09.2361638Z test result: ok. 0 passed; 0 failed; 1 ignored; 0 measured; 0 filtered out; finished in 0.00s
test (x86_64-unknown-linux-gnu)	Test (workspace, --lib --tests)	2026-08-10T09:50:09.2362041Z 
test (x86_64-unknown-linux-gnu)	Test (workspace, --lib --tests)	2026-08-10T09:50:09.2362685Z ^[[1m^[[92m     Running^[[0m tests/crash_everysec.rs (target/x86_64-unknown-linux-gnu/debug/deps/crash_everysec-92db5756a4fa6258)
test (x86_64-unknown-linux-gnu)	Test (workspace, --lib --tests)	2026-08-10T09:50:09.2370238Z 
test (x86_64-unknown-linux-gnu)	Test (workspace, --lib --tests)	2026-08-10T09:50:09.2370543Z running 1 test
test (x86_64-unknown-linux-gnu)	Test (workspace, --lib --tests)	2026-08-10T09:50:09.2371684Z test crash_everysec_no_corruption_bounded_loss ... ignored, chaos test — opt-in via --ignored, needs `cargo build --release -p kevy` first
test (x86_64-unknown-linux-gnu)	Test (workspace, --lib --tests)	2026-08-10T09:50:09.2372213Z 
test (x86_64-unknown-linux-gnu)	Test (workspace, --lib --tests)	2026-08-10T09:50:09.2372461Z test result: ok. 0 passed; 0 failed; 1 ignored; 0 measured; 0 filtered out; finished in 0.00s
test (x86_64-unknown-linux-gnu)	Test (workspace, --lib --tests)	2026-08-10T09:50:09.2372972Z 
test (x86_64-unknown-linux-gnu)	Test (workspace, --lib --tests)	2026-08-10T09:50:09.2373819Z ^[[1m^[[92m     Running^[[0m tests/crash_replication_followed.rs (target/x86_64-unknown-linux-gnu/debug/deps/crash_replication_followed-508c5db8f3e0f28b)
test (x86_64-unknown-linux-gnu)	Test (workspace, --lib --tests)	2026-08-10T09:50:09.2382054Z 
test (x86_64-unknown-linux-gnu)	Test (workspace, --lib --tests)	2026-08-10T09:50:09.2382218Z running 1 test
test (x86_64-unknown-linux-gnu)	Test (workspace, --lib --tests)	2026-08-10T09:50:09.2383435Z test crash_replication_followed_no_corruption ... ignored, chaos test — opt-in via --ignored, needs `cargo build --release -p kevy` first
test (x86_64-unknown-linux-gnu)	Test (workspace, --lib --tests)	2026-08-10T09:50:09.2383976Z 
test (x86_64-unknown-linux-gnu)	Test (workspace, --lib --tests)	2026-08-10T09:50:09.2384223Z test result: ok. 0 passed; 0 failed; 1 ignored; 0 measured; 0 filtered out; finished in 0.00s
test (x86_64-unknown-linux-gnu)	Test (workspace, --lib --tests)	2026-08-10T09:50:09.2384770Z 
test (x86_64-unknown-linux-gnu)	Test (workspace, --lib --tests)	2026-08-10T09:50:09.2385564Z ^[[1m^[[92m     Running^[[0m tests/disk_full_chaos.rs (target/x86_64-unknown-linux-gnu/debug/deps/disk_full_chaos-6d9f259326b3875b)
test (x86_64-unknown-linux-gnu)	Test (workspace, --lib --tests)	2026-08-10T09:50:09.2394644Z 
test (x86_64-unknown-linux-gnu)	Test (workspace, --lib --tests)	2026-08-10T09:50:09.2394899Z running 1 test
test (x86_64-unknown-linux-gnu)	Test (workspace, --lib --tests)	2026-08-10T09:50:09.2397533Z test disk_full_kevy_stays_alive_after_rlimit_fsize ... ignored, chaos test (Unix) — opt-in via --ignored, needs `cargo build --release -p kevy` first
test (x86_64-unknown-linux-gnu)	Test (workspace, --lib --tests)	2026-08-10T09:50:09.2398092Z 
test (x86_64-unknown-linux-gnu)	Test (workspace, --lib --tests)	2026-08-10T09:50:09.2398347Z test result: ok. 0 passed; 0 failed; 1 ignored; 0 measured; 0 filtered out; finished in 0.00s
test (x86_64-unknown-linux-gnu)	Test (workspace, --lib --tests)	2026-08-10T09:50:09.2398686Z 
test (x86_64-unknown-linux-gnu)	Test (workspace, --lib --tests)	2026-08-10T09:50:09.2399486Z ^[[1m^[[92m     Running^[[0m tests/dual_instance.rs (target/x86_64-unknown-linux-gnu/debug/deps/dual_instance-09940eb4e5a36830)
test (x86_64-unknown-linux-gnu)	Test (workspace, --lib --tests)	2026-08-10T09:50:09.2412545Z 
test (x86_64-unknown-linux-gnu)	Test (workspace, --lib --tests)	2026-08-10T09:50:09.2412692Z running 1 test
test (x86_64-unknown-linux-gnu)	Test (workspace, --lib --tests)	2026-08-10T09:50:09.2837669Z test two_runtimes_in_one_process_do_not_share_state ... ok
test (x86_64-unknown-linux-gnu)	Test (workspace, --lib --tests)	2026-08-10T09:50:09.2838236Z 
test (x86_64-unknown-linux-gnu)	Test (workspace, --lib --tests)	2026-08-10T09:50:09.2838573Z test result: ok. 1 passed; 0 failed; 0 ignored; 0 measured; 0 filtered out; finished in 0.04s
test (x86_64-unknown-linux-gnu)	Test (workspace, --lib --tests)	2026-08-10T09:50:09.2839051Z 
test (x86_64-unknown-linux-gnu)	Test (workspace, --lib --tests)	2026-08-10T09:50:09.2845969Z ^[[1m^[[92m     Running^[[0m tests/fd_exhaust_chaos.rs (target/x86_64-unknown-linux-gnu/debug/deps/fd_exhaust_chaos-aef9ff8e7497234f)
test (x86_64-unknown-linux-gnu)	Test (workspace, --lib --tests)	2026-08-10T09:50:09.2855536Z 
test (x86_64-unknown-linux-gnu)	Test (workspace, --lib --tests)	2026-08-10T09:50:09.2855707Z running 1 test
test (x86_64-unknown-linux-gnu)	Test (workspace, --lib --tests)	2026-08-10T09:50:09.2856956Z test fd_exhaust_kevy_stays_alive_refuses_cleanly ... ignored, chaos test (Unix) — opt-in via --ignored, needs `cargo build --release -p kevy` first
test (x86_64-unknown-linux-gnu)	Test (workspace, --lib --tests)	2026-08-10T09:50:09.2857830Z 
test (x86_64-unknown-linux-gnu)	Test (workspace, --lib --tests)	2026-08-10T09:50:09.2858638Z ^[[1m^[[92m     Running^[[0m tests/feed_cdc.rs (target/x86_64-unknown-linux-gnu/debug/deps/feed_cdc-c6904daaf2a52755)
test (x86_64-unknown-linux-gnu)	Test (workspace, --lib --tests)	2026-08-10T09:50:09.2859768Z test result: ok. 0 passed; 0 failed; 1 ignored; 0 measured; 0 filtered out; finished in 0.00s
test (x86_64-unknown-linux-gnu)	Test (workspace, --lib --tests)	2026-08-10T09:50:09.2860168Z 
test (x86_64-unknown-linux-gnu)	Test (workspace, --lib --tests)	2026-08-10T09:50:09.2872950Z 
test (x86_64-unknown-linux-gnu)	Test (workspace, --lib --tests)	2026-08-10T09:50:09.2873122Z running 7 tests
test (x86_64-unknown-linux-gnu)	Test (workspace, --lib --tests)	2026-08-10T09:50:10.6265230Z test clean_restart_keeps_cursor_unclean_bumps ... ok
test (x86_64-unknown-linux-gnu)	Test (workspace, --lib --tests)	2026-08-10T09:50:10.8036131Z test cross_shard_rename_reaches_the_feed_on_both_ends ... ok
test (x86_64-unknown-linux-gnu)	Test (workspace, --lib --tests)	2026-08-10T09:50:11.2699688Z test flushall_bumps_generation_and_old_cursor_resyncs ... ok
test (x86_64-unknown-linux-gnu)	Test (workspace, --lib --tests)	2026-08-10T09:50:11.5182451Z test prefix_stats_fanout ... ok
test (x86_64-unknown-linux-gnu)	Test (workspace, --lib --tests)	2026-08-10T09:50:11.7684193Z test feed_shards_tail_read_roundtrip ... ok
test (x86_64-unknown-linux-gnu)	Test (workspace, --lib --tests)	2026-08-10T09:50:12.0809312Z test save_snapshot_records_feed_cursor ... ok
test (x86_64-unknown-linux-gnu)	Test (workspace, --lib --tests)	2026-08-10T09:50:12.1430200Z test feed_prefix_filter_and_errors ... ok
test (x86_64-unknown-linux-gnu)	Test (workspace, --lib --tests)	2026-08-10T09:50:12.1430646Z 
test (x86_64-unknown-linux-gnu)	Test (workspace, --lib --tests)	2026-08-10T09:50:12.1431046Z test result: ok. 7 passed; 0 failed; 0 ignored; 0 measured; 0 filtered out; finished in 2.86s
test (x86_64-unknown-linux-gnu)	Test (workspace, --lib --tests)	2026-08-10T09:50:12.1431412Z 
test (x86_64-unknown-linux-gnu)	Test (workspace, --lib --tests)	2026-08-10T09:50:12.1456082Z ^[[1m^[[92m     Running^[[0m tests/geo.rs (target/x86_64-unknown-linux-gnu/debug/deps/geo-14a25a6d4a956d9c)
test (x86_64-unknown-linux-gnu)	Test (workspace, --lib --tests)	2026-08-10T09:50:12.1473296Z 
test (x86_64-unknown-linux-gnu)	Test (workspace, --lib --tests)	2026-08-10T09:50:12.1473553Z running 32 tests
test (x86_64-unknown-linux-gnu)	Test (workspace, --lib --tests)	2026-08-10T09:50:12.1632010Z test geoadd_nx_only_inserts_when_missing ... ok
test (x86_64-unknown-linux-gnu)	Test (workspace, --lib --tests)	2026-08-10T09:50:12.1660727Z test geoadd_rejects_out_of_range_coordinates ... ok
test (x86_64-unknown-linux-gnu)	Test (workspace, --lib --tests)	2026-08-10T09:50:12.1881509Z test geoadd_returns_count_of_new_members ... ok
test (x86_64-unknown-linux-gnu)	Test (workspace, --lib --tests)	2026-08-10T09:50:12.1915117Z test geoadd_xx_only_updates_when_present ... ok
test (x86_64-unknown-linux-gnu)	Test (workspace, --lib --tests)	2026-08-10T09:50:12.1960108Z test geodist_missing_member_returns_nil ... ok
test (x86_64-unknown-linux-gnu)	Test (workspace, --lib --tests)	2026-08-10T09:50:12.2016760Z test geodist_palermo_catania_kilometres ... ok
test (x86_64-unknown-linux-gnu)	Test (workspace, --lib --tests)	2026-08-10T09:50:12.2068324Z test geohash_emits_11_char_base32 ... ok
test (x86_64-unknown-linux-gnu)	Test (workspace, --lib --tests)	2026-08-10T09:50:12.2118190Z test geopos_returns_coordinates_for_known_members ... ok
test (x86_64-unknown-linux-gnu)	Test (workspace, --lib --tests)	2026-08-10T09:50:12.2145051Z test geo_store_empty_result_deletes_the_destination_on_its_shard ... ok
test (x86_64-unknown-linux-gnu)	Test (workspace, --lib --tests)	2026-08-10T09:50:12.2284873Z test georadius_legacy_form_returns_members ... ok
test (x86_64-unknown-linux-gnu)	Test (workspace, --lib --tests)	2026-08-10T09:50:12.2323764Z test geo_storedist_scores_are_in_the_queried_unit ... ok
test (x86_64-unknown-linux-gnu)	Test (workspace, --lib --tests)	2026-08-10T09:50:12.2345878Z test georadius_ro_rejects_store ... ok
test (x86_64-unknown-linux-gnu)	Test (workspace, --lib --tests)	2026-08-10T09:50:12.2383129Z test georadius_store_with_with_clause_is_rejected ... ok
test (x86_64-unknown-linux-gnu)	Test (workspace, --lib --tests)	2026-08-10T09:50:12.2553650Z test georadius_store_writes_geohash_scores ... ok
test (x86_64-unknown-linux-gnu)	Test (workspace, --lib --tests)	2026-08-10T09:50:12.2678314Z test georadiusbymember_legacy_form_returns_members ... ok
test (x86_64-unknown-linux-gnu)	Test (workspace, --lib --tests)	2026-08-10T09:50:12.2754330Z test georadius_desc_with_count_returns_the_farthest ... ok
test (x86_64-unknown-linux-gnu)	Test (workspace, --lib --tests)	2026-08-10T09:50:12.2847239Z test geosearch_asc_orders_by_distance ... ok
test (x86_64-unknown-linux-gnu)	Test (workspace, --lib --tests)	2026-08-10T09:50:12.2916142Z test geosearch_bybox_filters_to_rectangle ... ok
test (x86_64-unknown-linux-gnu)	Test (workspace, --lib --tests)	2026-08-10T09:50:12.2993511Z test geosearch_byradius_fromlonlat_returns_members_within_radius ... ok
test (x86_64-unknown-linux-gnu)	Test (workspace, --lib --tests)	2026-08-10T09:50:12.3019695Z test georadius_store_writes_destination_on_its_own_shard ... ok
test (x86_64-unknown-linux-gnu)	Test (workspace, --lib --tests)	2026-08-10T09:50:12.3070472Z test geosearch_byradius_frommember_with_self_match ... ok
test (x86_64-unknown-linux-gnu)	Test (workspace, --lib --tests)	2026-08-10T09:50:12.3123094Z test geosearch_count_truncates_results ... ok
test (x86_64-unknown-linux-gnu)	Test (workspace, --lib --tests)	2026-08-10T09:50:12.3167776Z test georadius_storedist_scores_are_in_the_queried_unit ... ok
test (x86_64-unknown-linux-gnu)	Test (workspace, --lib --tests)	2026-08-10T09:50:12.3239543Z test geosearch_frommember_unknown_member_errors ... ok
test (x86_64-unknown-linux-gnu)	Test (workspace, --lib --tests)	2026-08-10T09:50:12.3290499Z test geosearch_withcoord_withdist_withhash_emit_nested_arrays ... ok
test (x86_64-unknown-linux-gnu)	Test (workspace, --lib --tests)	2026-08-10T09:50:12.3331843Z test georadiusbymember_store_writes_destination_on_its_own_shard ... ok
test (x86_64-unknown-linux-gnu)	Test (workspace, --lib --tests)	2026-08-10T09:50:12.3344091Z test geosearchstore_empty_result_clears_destination ... ok
test (x86_64-unknown-linux-gnu)	Test (workspace, --lib --tests)	2026-08-10T09:50:12.3462064Z test geosearchstore_with_storedist_writes_distance_scores ... ok
test (x86_64-unknown-linux-gnu)	Test (workspace, --lib --tests)	2026-08-10T09:50:12.3586561Z test geosearchstore_writes_geohash_scores_to_destination ... ok
test (x86_64-unknown-linux-gnu)	Test (workspace, --lib --tests)	2026-08-10T09:50:12.3739052Z test geosearch_desc_with_count_returns_the_farthest ... ok
test (x86_64-unknown-linux-gnu)	Test (workspace, --lib --tests)	2026-08-10T09:50:12.3945235Z test geosearchstore_frommember_resolves_anchor_on_the_source_shard ... ok
test (x86_64-unknown-linux-gnu)	Test (workspace, --lib --tests)	2026-08-10T09:50:12.4076764Z test geosearchstore_writes_destination_on_its_own_shard ... ok
test (x86_64-unknown-linux-gnu)	Test (workspace, --lib --tests)	2026-08-10T09:50:12.4077390Z 
test (x86_64-unknown-linux-gnu)	Test (workspace, --lib --tests)	2026-08-10T09:50:12.4077896Z test result: ok. 32 passed; 0 failed; 0 ignored; 0 measured; 0 filtered out; finished in 0.26s
test (x86_64-unknown-linux-gnu)	Test (workspace, --lib --tests)	2026-08-10T09:50:12.4078643Z 
test (x86_64-unknown-linux-gnu)	Test (workspace, --lib --tests)	2026-08-10T09:50:12.4103743Z ^[[1m^[[92m     Running^[[0m tests/goredis_redispy_battle.rs (target/x86_64-unknown-linux-gnu/debug/deps/goredis_redispy_battle-6e6cd4bba580eec8)
test (x86_64-unknown-linux-gnu)	Test (workspace, --lib --tests)	2026-08-10T09:50:12.4114502Z 
test (x86_64-unknown-linux-gnu)	Test (workspace, --lib --tests)	2026-08-10T09:50:12.4114680Z running 2 tests
test (x86_64-unknown-linux-gnu)	Test (workspace, --lib --tests)	2026-08-10T09:50:12.4115863Z test goredis_v9_golden_path ... ignored, battle test — opt-in via --ignored, needs `cargo build --release -p kevy` first
test (x86_64-unknown-linux-gnu)	Test (workspace, --lib --tests)	2026-08-10T09:50:12.4117045Z test redispy_5x_golden_path ... ignored, battle test — opt-in via --ignored, needs `cargo build --release -p kevy` first
test (x86_64-unknown-linux-gnu)	Test (workspace, --lib --tests)	2026-08-10T09:50:12.4117729Z 
test (x86_64-unknown-linux-gnu)	Test (workspace, --lib --tests)	2026-08-10T09:50:12.4118017Z test result: ok. 0 passed; 0 failed; 2 ignored; 0 measured; 0 filtered out; finished in 0.00s
test (x86_64-unknown-linux-gnu)	Test (workspace, --lib --tests)	2026-08-10T09:50:12.4118619Z 
test (x86_64-unknown-linux-gnu)	Test (workspace, --lib --tests)	2026-08-10T09:50:12.4120132Z ^[[1m^[[92m     Running^[[0m tests/hash_ttl_e2e.rs (target/x86_64-unknown-linux-gnu/debug/deps/hash_ttl_e2e-04c9815ec0f9e576)
test (x86_64-unknown-linux-gnu)	Test (workspace, --lib --tests)	2026-08-10T09:50:12.4132802Z 
test (x86_64-unknown-linux-gnu)	Test (workspace, --lib --tests)	2026-08-10T09:50:12.4132977Z running 1 test
test (x86_64-unknown-linux-gnu)	Test (workspace, --lib --tests)	2026-08-10T09:50:13.8759952Z test hexpire_survives_replay_without_reanchor ... ok
test (x86_64-unknown-linux-gnu)	Test (workspace, --lib --tests)	2026-08-10T09:50:13.8760481Z 
test (x86_64-unknown-linux-gnu)	Test (workspace, --lib --tests)	2026-08-10T09:50:13.8760925Z test result: ok. 1 passed; 0 failed; 0 ignored; 0 measured; 0 filtered out; finished in 1.46s
test (x86_64-unknown-linux-gnu)	Test (workspace, --lib --tests)	2026-08-10T09:50:13.8761565Z 
test (x86_64-unknown-linux-gnu)	Test (workspace, --lib --tests)	2026-08-10T09:50:13.8766441Z ^[[1m^[[92m     Running^[[0m tests/hello3.rs (target/x86_64-unknown-linux-gnu/debug/deps/hello3-ed29788f36a506de)
test (x86_64-unknown-linux-gnu)	Test (workspace, --lib --tests)	2026-08-10T09:50:13.8782585Z 
test (x86_64-unknown-linux-gnu)	Test (workspace, --lib --tests)	2026-08-10T09:50:13.8782759Z running 6 tests
test (x86_64-unknown-linux-gnu)	Test (workspace, --lib --tests)	2026-08-10T09:50:13.8850122Z test hello_2_explicit_returns_array_shape ... ok
test (x86_64-unknown-linux-gnu)	Test (workspace, --lib --tests)	2026-08-10T09:50:13.8902247Z test hello_3_proto_is_per_conn ... ok
test (x86_64-unknown-linux-gnu)	Test (workspace, --lib --tests)	2026-08-10T09:50:13.8954390Z test hello_3_returns_map_shape_and_flips_conn ... ok
test (x86_64-unknown-linux-gnu)	Test (workspace, --lib --tests)	2026-08-10T09:50:13.9012653Z test hello_3_then_normal_command_still_works ... ok
test (x86_64-unknown-linux-gnu)	Test (workspace, --lib --tests)	2026-08-10T09:50:13.9062050Z test hello_4_unsupported_replies_noproto_error ... ok
test (x86_64-unknown-linux-gnu)	Test (workspace, --lib --tests)	2026-08-10T09:50:13.9111210Z test hello_no_arg_keeps_v2_default ... ok
test (x86_64-unknown-linux-gnu)	Test (workspace, --lib --tests)	2026-08-10T09:50:13.9111571Z 
test (x86_64-unknown-linux-gnu)	Test (workspace, --lib --tests)	2026-08-10T09:50:13.9111982Z test result: ok. 6 passed; 0 failed; 0 ignored; 0 measured; 0 filtered out; finished in 0.03s
test (x86_64-unknown-linux-gnu)	Test (workspace, --lib --tests)	2026-08-10T09:50:13.9112501Z 
test (x86_64-unknown-linux-gnu)	Test (workspace, --lib --tests)	2026-08-10T09:50:13.9116853Z ^[[1m^[[92m     Running^[[0m tests/idx_advise_e2e.rs (target/x86_64-unknown-linux-gnu/debug/deps/idx_advise_e2e-724b96c553925b9d)
test (x86_64-unknown-linux-gnu)	Test (workspace, --lib --tests)	2026-08-10T09:50:13.9133201Z 
test (x86_64-unknown-linux-gnu)	Test (workspace, --lib --tests)	2026-08-10T09:50:13.9133491Z running 2 tests
test (x86_64-unknown-linux-gnu)	Test (workspace, --lib --tests)	2026-08-10T09:50:14.7292207Z test refusals_become_declarations_that_serve ... ok
test (x86_64-unknown-linux-gnu)	Test (workspace, --lib --tests)	2026-08-10T09:50:15.7876782Z test autodeclare_serves_a_zero_declaration_workload ... ok
test (x86_64-unknown-linux-gnu)	Test (workspace, --lib --tests)	2026-08-10T09:50:15.7877642Z 
test (x86_64-unknown-linux-gnu)	Test (workspace, --lib --tests)	2026-08-10T09:50:15.7878261Z test result: ok. 2 passed; 0 failed; 0 ignored; 0 measured; 0 filtered out; finished in 1.87s
test (x86_64-unknown-linux-gnu)	Test (workspace, --lib --tests)	2026-08-10T09:50:15.7878866Z 
test (x86_64-unknown-linux-gnu)	Test (workspace, --lib --tests)	2026-08-10T09:50:15.7898027Z ^[[1m^[[92m     Running^[[0m tests/index_e2e.rs (target/x86_64-unknown-linux-gnu/debug/deps/index_e2e-b9b31d5d76726828)
test (x86_64-unknown-linux-gnu)	Test (workspace, --lib --tests)	2026-08-10T09:50:15.7914952Z 
test (x86_64-unknown-linux-gnu)	Test (workspace, --lib --tests)	2026-08-10T09:50:15.7915219Z running 27 tests
test (x86_64-unknown-linux-gnu)	Test (workspace, --lib --tests)	2026-08-10T09:50:16.2824538Z test distinct_over_the_wire ... ok
test (x86_64-unknown-linux-gnu)	Test (workspace, --lib --tests)	2026-08-10T09:50:16.4078457Z test agg_kind_group_by_e2e ... ok
test (x86_64-unknown-linux-gnu)	Test (workspace, --lib --tests)	2026-08-10T09:50:16.7522920Z test facet_over_the_wire ... ok
test (x86_64-unknown-linux-gnu)	Test (workspace, --lib --tests)	2026-08-10T09:50:16.7860246Z test field_scope_over_the_wire ... ok
test (x86_64-unknown-linux-gnu)	Test (workspace, --lib --tests)	2026-08-10T09:50:16.8690795Z test fields_arity_errors ... ok
test (x86_64-unknown-linux-gnu)	Test (workspace, --lib --tests)	2026-08-10T09:50:16.9035024Z test fields_defaults_and_non_text_refusal ... ok
test (x86_64-unknown-linux-gnu)	Test (workspace, --lib --tests)	2026-08-10T09:50:17.0979976Z test fields_multi_attribute_create_and_rank ... ok
test (x86_64-unknown-linux-gnu)	Test (workspace, --lib --tests)	2026-08-10T09:50:17.5236627Z test filter_over_the_wire ... ok
test (x86_64-unknown-linux-gnu)	Test (workspace, --lib --tests)	2026-08-10T09:50:17.5768731Z test create_backfill_query_cursor_count_verify_drop ... ok
test (x86_64-unknown-linux-gnu)	Test (workspace, --lib --tests)	2026-08-10T09:50:17.7528484Z test highlight_returns_match_spans ... ok
test (x86_64-unknown-linux-gnu)	Test (workspace, --lib --tests)	2026-08-10T09:50:17.9290384Z test flushall_empties_the_index_segments ... ok
test (x86_64-unknown-linux-gnu)	Test (workspace, --lib --tests)	2026-08-10T09:50:18.5413006Z test hydration_and_compose ... ok
test (x86_64-unknown-linux-gnu)	Test (workspace, --lib --tests)	2026-08-10T09:50:18.9678544Z test idx_count_applies_filter ... ok
test (x86_64-unknown-linux-gnu)	Test (workspace, --lib --tests)	2026-08-10T09:50:19.4793786Z test offset_pages_the_merged_ranking ... ok
test (x86_64-unknown-linux-gnu)	Test (workspace, --lib --tests)	2026-08-10T09:50:19.6912626Z test phrase_query_matches_only_adjacent_docs ... ok
test (x86_64-unknown-linux-gnu)	Test (workspace, --lib --tests)	2026-08-10T09:50:19.9205735Z test positions_create_succeeds_and_ranking_is_unaffected ... ok
test (x86_64-unknown-linux-gnu)	Test (workspace, --lib --tests)	2026-08-10T09:50:20.0327522Z test positions_flag_is_text_only_and_validated ... ok
test (x86_64-unknown-linux-gnu)	Test (workspace, --lib --tests)	2026-08-10T09:50:20.2439875Z test prefix_digest_server_matches_embedded ... ok
test (x86_64-unknown-linux-gnu)	Test (workspace, --lib --tests)	2026-08-10T09:50:20.2557574Z test multi_key_delete_and_rename_keep_the_index_honest ... ok
test (x86_64-unknown-linux-gnu)	Test (workspace, --lib --tests)	2026-08-10T09:50:20.4579955Z test prefix_query_over_the_wire ... ok
test (x86_64-unknown-linux-gnu)	Test (workspace, --lib --tests)	2026-08-10T09:50:21.2708360Z test scope_ingested_rows_enter_the_index ... ok
test (x86_64-unknown-linux-gnu)	Test (workspace, --lib --tests)	2026-08-10T09:50:21.3666298Z test scalar_values_filter_sort_distinct_facet_offset ... ok
test (x86_64-unknown-linux-gnu)	Test (workspace, --lib --tests)	2026-08-10T09:50:21.9272736Z test text_kind_match_bm25 ... ok
test (x86_64-unknown-linux-gnu)	Test (workspace, --lib --tests)	2026-08-10T09:50:22.0345633Z test sort_over_the_wire ... ok
test (x86_64-unknown-linux-gnu)	Test (workspace, --lib --tests)	2026-08-10T09:50:22.2371100Z test typo_query_over_the_wire ... ok
test (x86_64-unknown-linux-gnu)	Test (workspace, --lib --tests)	2026-08-10T09:50:22.2703641Z test ann_kind_knn_e2e ... ok
test (x86_64-unknown-linux-gnu)	Test (workspace, --lib --tests)	2026-08-10T09:50:24.1464836Z test maxmem_budget_fails_declaratively ... ok
test (x86_64-unknown-linux-gnu)	Test (workspace, --lib --tests)	2026-08-10T09:50:24.1465329Z 
test (x86_64-unknown-linux-gnu)	Test (workspace, --lib --tests)	2026-08-10T09:50:24.1465812Z test result: ok. 27 passed; 0 failed; 0 ignored; 0 measured; 0 filtered out; finished in 8.35s
test (x86_64-unknown-linux-gnu)	Test (workspace, --lib --tests)	2026-08-10T09:50:24.1466477Z 
test (x86_64-unknown-linux-gnu)	Test (workspace, --lib --tests)	2026-08-10T09:50:24.1508319Z ^[[1m^[[92m     Running^[[0m tests/index_write_path_coverage.rs (target/x86_64-unknown-linux-gnu/debug/deps/index_write_path_coverage-85c8db06502378a5)
test (x86_64-unknown-linux-gnu)	Test (workspace, --lib --tests)	2026-08-10T09:50:24.1524615Z 
test (x86_64-unknown-linux-gnu)	Test (workspace, --lib --tests)	2026-08-10T09:50:24.1524793Z running 1 test
test (x86_64-unknown-linux-gnu)	Test (workspace, --lib --tests)	2026-08-10T09:50:28.6171427Z test every_write_path_that_touches_a_row_keeps_the_index_honest ... ok
test (x86_64-unknown-linux-gnu)	Test (workspace, --lib --tests)	2026-08-10T09:50:28.6172324Z 
test (x86_64-unknown-linux-gnu)	Test (workspace, --lib --tests)	2026-08-10T09:50:28.6172959Z test result: ok. 1 passed; 0 failed; 0 ignored; 0 measured; 0 filtered out; finished in 4.46s
test (x86_64-unknown-linux-gnu)	Test (workspace, --lib --tests)	2026-08-10T09:50:28.6173641Z 
test (x86_64-unknown-linux-gnu)	Test (workspace, --lib --tests)	2026-08-10T09:50:28.6179922Z ^[[1m^[[92m     Running^[[0m tests/jedis_stackex_battle.rs (target/x86_64-unknown-linux-gnu/debug/deps/jedis_stackex_battle-970e5ab6b9a797d7)
test (x86_64-unknown-linux-gnu)	Test (workspace, --lib --tests)	2026-08-10T09:50:28.6191336Z 
test (x86_64-unknown-linux-gnu)	Test (workspace, --lib --tests)	2026-08-10T09:50:28.6191530Z running 2 tests
test (x86_64-unknown-linux-gnu)	Test (workspace, --lib --tests)	2026-08-10T09:50:28.6192612Z test jedis_5x_golden_path ... ignored, battle test — opt-in via --ignored, needs `cargo build --release -p kevy` first
test (x86_64-unknown-linux-gnu)	Test (workspace, --lib --tests)	2026-08-10T09:50:28.6194058Z test stackexchange_redis_golden_path ... ignored, battle test — opt-in via --ignored, needs `cargo build --release -p kevy` first
test (x86_64-unknown-linux-gnu)	Test (workspace, --lib --tests)	2026-08-10T09:50:28.6195045Z ^[[1m^[[92m     Running^[[0m tests/keyspace_notify.rs (target/x86_64-unknown-linux-gnu/debug/deps/keyspace_notify-9fd6ebab421410df)
test (x86_64-unknown-linux-gnu)	Test (workspace, --lib --tests)	2026-08-10T09:50:28.6195507Z 
test (x86_64-unknown-linux-gnu)	Test (workspace, --lib --tests)	2026-08-10T09:50:28.6195767Z test result: ok. 0 passed; 0 failed; 2 ignored; 0 measured; 0 filtered out; finished in 0.00s
test (x86_64-unknown-linux-gnu)	Test (workspace, --lib --tests)	2026-08-10T09:50:28.6196120Z 
test (x86_64-unknown-linux-gnu)	Test (workspace, --lib --tests)	2026-08-10T09:50:28.6210594Z 
test (x86_64-unknown-linux-gnu)	Test (workspace, --lib --tests)	2026-08-10T09:50:28.6210796Z running 6 tests
test (x86_64-unknown-linux-gnu)	Test (workspace, --lib --tests)	2026-08-10T09:50:29.3318355Z test class_gate_filters_unrelated_events ... ok
test (x86_64-unknown-linux-gnu)	Test (workspace, --lib --tests)	2026-08-10T09:50:29.8393513Z test both_channels_with_alias_all_classes ... ok
test (x86_64-unknown-linux-gnu)	Test (workspace, --lib --tests)	2026-08-10T09:50:30.5475311Z test default_off_emits_nothing ... ok
test (x86_64-unknown-linux-gnu)	Test (workspace, --lib --tests)	2026-08-10T09:50:31.0549551Z test keyevent_channel_fires_on_set ... ok
test (x86_64-unknown-linux-gnu)	Test (workspace, --lib --tests)	2026-08-10T09:50:31.5622416Z test keyspace_channel_fires_on_set ... ok
test (x86_64-unknown-linux-gnu)	Test (workspace, --lib --tests)	2026-08-10T09:50:32.0833278Z test xadd_fires_stream_keyspace_event ... ok
test (x86_64-unknown-linux-gnu)	Test (workspace, --lib --tests)	2026-08-10T09:50:32.0833916Z 
test (x86_64-unknown-linux-gnu)	Test (workspace, --lib --tests)	2026-08-10T09:50:32.0834491Z test result: ok. 6 passed; 0 failed; 0 ignored; 0 measured; 0 filtered out; finished in 3.46s
test (x86_64-unknown-linux-gnu)	Test (workspace, --lib --tests)	2026-08-10T09:50:32.0835173Z 
test (x86_64-unknown-linux-gnu)	Test (workspace, --lib --tests)	2026-08-10T09:50:32.0840255Z ^[[1m^[[92m     Running^[[0m tests/list_move_cross_shard.rs (target/x86_64-unknown-linux-gnu/debug/deps/list_move_cross_shard-5a4bd819553c677b)
test (x86_64-unknown-linux-gnu)	Test (workspace, --lib --tests)	2026-08-10T09:50:32.0856804Z 
test (x86_64-unknown-linux-gnu)	Test (workspace, --lib --tests)	2026-08-10T09:50:32.0856997Z running 11 tests
test (x86_64-unknown-linux-gnu)	Test (workspace, --lib --tests)	2026-08-10T09:50:33.6153565Z test a_queue_drain_moves_every_job_exactly_once ... ok
test (x86_64-unknown-linux-gnu)	Test (workspace, --lib --tests)	2026-08-10T09:50:33.6223614Z test an_empty_source_replies_nil_and_leaves_the_destination_absent ... ok
test (x86_64-unknown-linux-gnu)	Test (workspace, --lib --tests)	2026-08-10T09:50:33.6246398Z test a_wrongtype_destination_gives_the_element_back_on_the_blocking_path ... ok
test (x86_64-unknown-linux-gnu)	Test (workspace, --lib --tests)	2026-08-10T09:50:33.6303812Z test a_wrongtype_destination_gives_the_element_back ... ok
test (x86_64-unknown-linux-gnu)	Test (workspace, --lib --tests)	2026-08-10T09:50:33.6795658Z test brpoplpush_lands_the_element_on_the_destinations_shard ... ok
test (x86_64-unknown-linux-gnu)	Test (workspace, --lib --tests)	2026-08-10T09:50:33.7091116Z test co_located_keys_still_take_the_atomic_same_shard_path ... ok
test (x86_64-unknown-linux-gnu)	Test (workspace, --lib --tests)	2026-08-10T09:50:33.7396591Z test lmove_honours_both_ends_across_shards ... ok
test (x86_64-unknown-linux-gnu)	Test (workspace, --lib --tests)	2026-08-10T09:50:33.7759739Z test rpoplpush_lands_the_element_on_the_destinations_shard ... ok
test (x86_64-unknown-linux-gnu)	Test (workspace, --lib --tests)	2026-08-10T09:50:33.8018565Z test source_equals_destination_rotates ... ok
test (x86_64-unknown-linux-gnu)	Test (workspace, --lib --tests)	2026-08-10T09:50:33.9947112Z test brpoplpush_parks_then_serves_a_later_push_to_the_right_shard ... ok
test (x86_64-unknown-linux-gnu)	Test (workspace, --lib --tests)	2026-08-10T09:50:34.7521178Z test brpoplpush_times_out_with_nil ... ok
test (x86_64-unknown-linux-gnu)	Test (workspace, --lib --tests)	2026-08-10T09:50:34.7521660Z 
test (x86_64-unknown-linux-gnu)	Test (workspace, --lib --tests)	2026-08-10T09:50:34.7522005Z test result: ok. 11 passed; 0 failed; 0 ignored; 0 measured; 0 filtered out; finished in 2.67s
test (x86_64-unknown-linux-gnu)	Test (workspace, --lib --tests)	2026-08-10T09:50:34.7522462Z 
test (x86_64-unknown-linux-gnu)	Test (workspace, --lib --tests)	2026-08-10T09:50:34.7557010Z ^[[1m^[[92m     Running^[[0m tests/lua_cluster.rs (target/x86_64-unknown-linux-gnu/debug/deps/lua_cluster-e1bf1986fe291ed1)
test (x86_64-unknown-linux-gnu)	Test (workspace, --lib --tests)	2026-08-10T09:50:34.7573879Z 
test (x86_64-unknown-linux-gnu)	Test (workspace, --lib --tests)	2026-08-10T09:50:34.7574164Z running 5 tests
test (x86_64-unknown-linux-gnu)	Test (workspace, --lib --tests)	2026-08-10T09:50:34.7580015Z test eval_cross_slot_rejected_under_cluster ... ok
test (x86_64-unknown-linux-gnu)	Test (workspace, --lib --tests)	2026-08-10T09:50:34.7585627Z test eval_zero_keys_accepted_under_cluster ... ok
test (x86_64-unknown-linux-gnu)	Test (workspace, --lib --tests)	2026-08-10T09:50:34.7586284Z test eval_single_key_accepted_under_cluster ... ok
test (x86_64-unknown-linux-gnu)	Test (workspace, --lib --tests)	2026-08-10T09:50:34.7586942Z test eval_same_slot_via_hashtag_accepted_under_cluster ... ok
test (x86_64-unknown-linux-gnu)	Test (workspace, --lib --tests)	2026-08-10T09:50:34.7587664Z test evalsha_cross_slot_rejected_under_cluster ... ok
test (x86_64-unknown-linux-gnu)	Test (workspace, --lib --tests)	2026-08-10T09:50:34.7588060Z 
test (x86_64-unknown-linux-gnu)	Test (workspace, --lib --tests)	2026-08-10T09:50:34.7588483Z test result: ok. 5 passed; 0 failed; 0 ignored; 0 measured; 0 filtered out; finished in 0.00s
test (x86_64-unknown-linux-gnu)	Test (workspace, --lib --tests)	2026-08-10T09:50:34.7588908Z 
test (x86_64-unknown-linux-gnu)	Test (workspace, --lib --tests)	2026-08-10T09:50:34.7590768Z ^[[1m^[[92m     Running^[[0m tests/lua_ecosystem.rs (target/x86_64-unknown-linux-gnu/debug/deps/lua_ecosystem-cbd0f31ce5e2dafc)
test (x86_64-unknown-linux-gnu)	Test (workspace, --lib --tests)	2026-08-10T09:50:34.7602972Z 
test (x86_64-unknown-linux-gnu)	Test (workspace, --lib --tests)	2026-08-10T09:50:34.7603151Z running 10 tests
test (x86_64-unknown-linux-gnu)	Test (workspace, --lib --tests)	2026-08-10T09:50:34.7616050Z test atomic_incr_or_init_existing_key_skips_init ... ok
test (x86_64-unknown-linux-gnu)	Test (workspace, --lib --tests)	2026-08-10T09:50:34.7616726Z test redlock_extend_success_path ... ok
test (x86_64-unknown-linux-gnu)	Test (workspace, --lib --tests)	2026-08-10T09:50:34.7617262Z test atomic_incr_or_init_fresh_key ... ok
test (x86_64-unknown-linux-gnu)	Test (workspace, --lib --tests)	2026-08-10T09:50:34.7617813Z test atomic_incr_or_init_with_ttl_sets_expire ... ok
test (x86_64-unknown-linux-gnu)	Test (workspace, --lib --tests)	2026-08-10T09:50:34.7631655Z test redlock_unlock_missing_key_returns_zero ... ok
test (x86_64-unknown-linux-gnu)	Test (workspace, --lib --tests)	2026-08-10T09:50:34.7632425Z test redlock_extend_wrong_token_returns_zero ... ok
test (x86_64-unknown-linux-gnu)	Test (workspace, --lib --tests)	2026-08-10T09:50:34.7632988Z test redlock_unlock_success_path ... ok
test (x86_64-unknown-linux-gnu)	Test (workspace, --lib --tests)	2026-08-10T09:50:34.7633633Z test redlock_unlock_wrong_token_returns_zero_and_preserves_lock ... ok
test (x86_64-unknown-linux-gnu)	Test (workspace, --lib --tests)	2026-08-10T09:50:34.7639751Z test sliding_window_rate_limiter_over_limit_rejected ... ok
test (x86_64-unknown-linux-gnu)	Test (workspace, --lib --tests)	2026-08-10T09:50:34.7641051Z test sliding_window_rate_limiter_first_request_allowed ... ok
test (x86_64-unknown-linux-gnu)	Test (workspace, --lib --tests)	2026-08-10T09:50:34.7641340Z 
test (x86_64-unknown-linux-gnu)	Test (workspace, --lib --tests)	2026-08-10T09:50:34.7641589Z test result: ok. 10 passed; 0 failed; 0 ignored; 0 measured; 0 filtered out; finished in 0.00s
test (x86_64-unknown-linux-gnu)	Test (workspace, --lib --tests)	2026-08-10T09:50:34.7641931Z 
test (x86_64-unknown-linux-gnu)	Test (workspace, --lib --tests)	2026-08-10T09:50:34.7645435Z ^[[1m^[[92m     Running^[[0m tests/lua_eval.rs (target/x86_64-unknown-linux-gnu/debug/deps/lua_eval-6a3d9907e1c31a25)
test (x86_64-unknown-linux-gnu)	Test (workspace, --lib --tests)	2026-08-10T09:50:34.7657272Z 
test (x86_64-unknown-linux-gnu)	Test (workspace, --lib --tests)	2026-08-10T09:50:34.7657429Z running 21 tests
test (x86_64-unknown-linux-gnu)	Test (workspace, --lib --tests)	2026-08-10T09:50:34.7662273Z test eval_missing_args_returns_wrong_args_err ... ok
test (x86_64-unknown-linux-gnu)	Test (workspace, --lib --tests)	2026-08-10T09:50:34.7669900Z test eval_pure_lua_no_redis_call ... ok
test (x86_64-unknown-linux-gnu)	Test (workspace, --lib --tests)	2026-08-10T09:50:34.7670461Z test eval_redis_call_set_then_get_round_trips ... ok
test (x86_64-unknown-linux-gnu)	Test (workspace, --lib --tests)	2026-08-10T09:50:34.7670983Z test eval_redlock_unlock_canonical_script ... ok
test (x86_64-unknown-linux-gnu)	Test (workspace, --lib --tests)	2026-08-10T09:50:34.7674125Z test eval_multi_key_cluster_off_passes ... ok
test (x86_64-unknown-linux-gnu)	Test (workspace, --lib --tests)	2026-08-10T09:50:34.7677177Z test eval_redlock_unlock_token_mismatch_returns_zero ... ok
test (x86_64-unknown-linux-gnu)	Test (workspace, --lib --tests)	2026-08-10T09:50:34.7683341Z test eval_ro_blocks_del ... ok
test (x86_64-unknown-linux-gnu)	Test (workspace, --lib --tests)	2026-08-10T09:50:34.7692955Z test eval_ro_allows_get ... ok
test (x86_64-unknown-linux-gnu)	Test (workspace, --lib --tests)	2026-08-10T09:50:34.7693565Z test eval_ro_blocks_incrby_via_pcall_returns_err_table ... ok
test (x86_64-unknown-linux-gnu)	Test (workspace, --lib --tests)	2026-08-10T09:50:34.7694191Z test eval_ro_blocks_set ... ok
test (x86_64-unknown-linux-gnu)	Test (workspace, --lib --tests)	2026-08-10T09:50:34.7694750Z test eval_shebang_lua_53_integer_divide_through_kevy ... ok
test (x86_64-unknown-linux-gnu)	Test (workspace, --lib --tests)	2026-08-10T09:50:34.7697744Z test eval_single_key_never_cross_slots ... ok
test (x86_64-unknown-linux-gnu)	Test (workspace, --lib --tests)	2026-08-10T09:50:34.7698511Z test eval_under_default_budget_runs_modest_loop ... ok
test (x86_64-unknown-linux-gnu)	Test (workspace, --lib --tests)	2026-08-10T09:50:34.7699777Z test eval_uses_kevy_incr_through_redis_call ... ok
test (x86_64-unknown-linux-gnu)	Test (workspace, --lib --tests)	2026-08-10T09:50:34.7700618Z test eval_with_wrong_numkeys_returns_resp_error ... ok
test (x86_64-unknown-linux-gnu)	Test (workspace, --lib --tests)	2026-08-10T09:50:34.7710553Z test script_exists_reports_hits_and_misses ... ok
test (x86_64-unknown-linux-gnu)	Test (workspace, --lib --tests)	2026-08-10T09:50:34.7711619Z test eval_zero_keys_never_cross_slots ... ok
test (x86_64-unknown-linux-gnu)	Test (workspace, --lib --tests)	2026-08-10T09:50:34.7712470Z test eval_writeable_resumes_after_eval_ro ... ok
test (x86_64-unknown-linux-gnu)	Test (workspace, --lib --tests)	2026-08-10T09:50:34.7713102Z test evalsha_ro_blocks_write_in_cached_script ... ok
test (x86_64-unknown-linux-gnu)	Test (workspace, --lib --tests)	2026-08-10T09:50:34.7713667Z test script_flush_clears_cache ... ok
test (x86_64-unknown-linux-gnu)	Test (workspace, --lib --tests)	2026-08-10T09:50:34.7716362Z test script_load_then_evalsha_round_trips ... ok
test (x86_64-unknown-linux-gnu)	Test (workspace, --lib --tests)	2026-08-10T09:50:34.7716752Z 
test (x86_64-unknown-linux-gnu)	Test (workspace, --lib --tests)	2026-08-10T09:50:34.7717159Z test result: ok. 21 passed; 0 failed; 0 ignored; 0 measured; 0 filtered out; finished in 0.01s
test (x86_64-unknown-linux-gnu)	Test (workspace, --lib --tests)	2026-08-10T09:50:34.7717640Z 
test (x86_64-unknown-linux-gnu)	Test (workspace, --lib --tests)	2026-08-10T09:50:34.7720409Z ^[[1m^[[92m     Running^[[0m tests/lua_multishard.rs (target/x86_64-unknown-linux-gnu/debug/deps/lua_multishard-135ca225c6c3d26f)
test (x86_64-unknown-linux-gnu)	Test (workspace, --lib --tests)	2026-08-10T09:50:34.7734408Z 
test (x86_64-unknown-linux-gnu)	Test (workspace, --lib --tests)	2026-08-10T09:50:34.7734586Z running 7 tests
test (x86_64-unknown-linux-gnu)	Test (workspace, --lib --tests)	2026-08-10T09:50:34.7741567Z test route_eval_numkeys0_local ... ok
test (x86_64-unknown-linux-gnu)	Test (workspace, --lib --tests)	2026-08-10T09:50:34.7742267Z test route_eval_to_key1_shard ... ok
test (x86_64-unknown-linux-gnu)	Test (workspace, --lib --tests)	2026-08-10T09:50:34.7742863Z test route_script_local ... ok
test (x86_64-unknown-linux-gnu)	Test (workspace, --lib --tests)	2026-08-10T09:50:34.8118122Z test eval_writes_visible_across_shards ... ok
test (x86_64-unknown-linux-gnu)	Test (workspace, --lib --tests)	2026-08-10T09:50:34.8480809Z test redlock_canonical_works_across_shards ... ok
test (x86_64-unknown-linux-gnu)	Test (workspace, --lib --tests)	2026-08-10T09:50:34.8549035Z test script_flush_clears_global_cache ... ok
test (x86_64-unknown-linux-gnu)	Test (workspace, --lib --tests)	2026-08-10T09:50:34.8727936Z test script_load_then_evalsha_across_shards ... ok
test (x86_64-unknown-linux-gnu)	Test (workspace, --lib --tests)	2026-08-10T09:50:34.8728391Z 
test (x86_64-unknown-linux-gnu)	Test (workspace, --lib --tests)	2026-08-10T09:50:34.8728792Z test result: ok. 7 passed; 0 failed; 0 ignored; 0 measured; 0 filtered out; finished in 0.10s
test (x86_64-unknown-linux-gnu)	Test (workspace, --lib --tests)	2026-08-10T09:50:34.8729603Z 
test (x86_64-unknown-linux-gnu)	Test (workspace, --lib --tests)	2026-08-10T09:50:34.8737027Z ^[[1m^[[92m     Running^[[0m tests/maxclients_chaos.rs (target/x86_64-unknown-linux-gnu/debug/deps/maxclients_chaos-98ad24c014652bab)
test (x86_64-unknown-linux-gnu)	Test (workspace, --lib --tests)	2026-08-10T09:50:34.8747307Z 
test (x86_64-unknown-linux-gnu)	Test (workspace, --lib --tests)	2026-08-10T09:50:34.8747533Z running 1 test
test (x86_64-unknown-linux-gnu)	Test (workspace, --lib --tests)	2026-08-10T09:50:34.8748730Z test maxclients_storm_refuses_past_cap ... ignored, chaos test — opt-in via --ignored, needs `cargo build --release -p kevy` first
test (x86_64-unknown-linux-gnu)	Test (workspace, --lib --tests)	2026-08-10T09:50:34.8749637Z 
test (x86_64-unknown-linux-gnu)	Test (workspace, --lib --tests)	2026-08-10T09:50:34.8749904Z test result: ok. 0 passed; 0 failed; 1 ignored; 0 measured; 0 filtered out; finished in 0.00s
test (x86_64-unknown-linux-gnu)	Test (workspace, --lib --tests)	2026-08-10T09:50:34.8750489Z 
test (x86_64-unknown-linux-gnu)	Test (workspace, --lib --tests)	2026-08-10T09:50:34.8751215Z ^[[1m^[[92m     Running^[[0m tests/multi_mget_ryow.rs (target/x86_64-unknown-linux-gnu/debug/deps/multi_mget_ryow-a2bab363f5da4852)
test (x86_64-unknown-linux-gnu)	Test (workspace, --lib --tests)	2026-08-10T09:50:34.8764424Z 
test (x86_64-unknown-linux-gnu)	Test (workspace, --lib --tests)	2026-08-10T09:50:34.8764601Z running 5 tests
test (x86_64-unknown-linux-gnu)	Test (workspace, --lib --tests)	2026-08-10T09:50:34.9401799Z test interleaved_set_mget_in_multi_cross_shard ... ok
test (x86_64-unknown-linux-gnu)	Test (workspace, --lib --tests)	2026-08-10T09:50:34.9548531Z test get_in_multi_still_sees_earlier_write_cross_shard ... ok
test (x86_64-unknown-linux-gnu)	Test (workspace, --lib --tests)	2026-08-10T09:50:34.9602788Z test mget_in_multi_sees_earlier_writes_cross_shard ... ok
test (x86_64-unknown-linux-gnu)	Test (workspace, --lib --tests)	2026-08-10T09:50:34.9677353Z test mset_then_mget_in_multi_cross_shard ... ok
test (x86_64-unknown-linux-gnu)	Test (workspace, --lib --tests)	2026-08-10T09:50:35.0006038Z test nontxn_mget_fans_out_cross_shard ... ok
test (x86_64-unknown-linux-gnu)	Test (workspace, --lib --tests)	2026-08-10T09:50:35.0006809Z 
test (x86_64-unknown-linux-gnu)	Test (workspace, --lib --tests)	2026-08-10T09:50:35.0007524Z test result: ok. 5 passed; 0 failed; 0 ignored; 0 measured; 0 filtered out; finished in 0.12s
test (x86_64-unknown-linux-gnu)	Test (workspace, --lib --tests)	2026-08-10T09:50:35.0008394Z 
test (x86_64-unknown-linux-gnu)	Test (workspace, --lib --tests)	2026-08-10T09:50:35.0036990Z ^[[1m^[[92m     Running^[[0m tests/multi_tenant_e2e_chaos.rs (target/x86_64-unknown-linux-gnu/debug/deps/multi_tenant_e2e_chaos-a57b280a5648bab0)
test (x86_64-unknown-linux-gnu)	Test (workspace, --lib --tests)	2026-08-10T09:50:35.0047163Z 
test (x86_64-unknown-linux-gnu)	Test (workspace, --lib --tests)	2026-08-10T09:50:35.0047479Z running 1 test
test (x86_64-unknown-linux-gnu)	Test (workspace, --lib --tests)	2026-08-10T09:50:35.0048794Z test multi_tenant_e2e_isolation_and_fairness ... ignored, chaos test — opt-in via --ignored, needs `cargo build --release -p kevy` first
test (x86_64-unknown-linux-gnu)	Test (workspace, --lib --tests)	2026-08-10T09:50:35.0050614Z 
test (x86_64-unknown-linux-gnu)	Test (workspace, --lib --tests)	2026-08-10T09:50:35.0051998Z ^[[1m^[[92m     Running^[[0m tests/network_partition_chaos.rs (target/x86_64-unknown-linux-gnu/debug/deps/network_partition_chaos-c23aeeb5661b6fc3)
test (x86_64-unknown-linux-gnu)	Test (workspace, --lib --tests)	2026-08-10T09:50:35.0053332Z test result: ok. 0 passed; 0 failed; 1 ignored; 0 measured; 0 filtered out; finished in 0.00s
test (x86_64-unknown-linux-gnu)	Test (workspace, --lib --tests)	2026-08-10T09:50:35.0054064Z 
test (x86_64-unknown-linux-gnu)	Test (workspace, --lib --tests)	2026-08-10T09:50:35.0060318Z 
test (x86_64-unknown-linux-gnu)	Test (workspace, --lib --tests)	2026-08-10T09:50:35.0060567Z running 1 test
test (x86_64-unknown-linux-gnu)	Test (workspace, --lib --tests)	2026-08-10T09:50:35.0061782Z test network_partition_client_side_disconnects ... ignored, chaos test — opt-in via --ignored, needs `cargo build --release -p kevy` first
test (x86_64-unknown-linux-gnu)	Test (workspace, --lib --tests)	2026-08-10T09:50:35.0062821Z 
test (x86_64-unknown-linux-gnu)	Test (workspace, --lib --tests)	2026-08-10T09:50:35.0063574Z test result: ok. 0 passed; 0 failed; 1 ignored; 0 measured; 0 filtered out; finished in 0.00s
test (x86_64-unknown-linux-gnu)	Test (workspace, --lib --tests)	2026-08-10T09:50:35.0064287Z 
test (x86_64-unknown-linux-gnu)	Test (workspace, --lib --tests)	2026-08-10T09:50:35.0064927Z ^[[1m^[[92m     Running^[[0m tests/persistence.rs (target/x86_64-unknown-linux-gnu/debug/deps/persistence-bf40ad1d2bf32d94)
test (x86_64-unknown-linux-gnu)	Test (workspace, --lib --tests)	2026-08-10T09:50:35.0078826Z 
test (x86_64-unknown-linux-gnu)	Test (workspace, --lib --tests)	2026-08-10T09:50:35.0078988Z running 18 tests
test (x86_64-unknown-linux-gnu)	Test (workspace, --lib --tests)	2026-08-10T09:50:35.4261940Z test bgrewriteaof_shrinks_log_and_preserves_data ... ok
test (x86_64-unknown-linux-gnu)	Test (workspace, --lib --tests)	2026-08-10T09:50:35.6380992Z test bgsave_writes_snapshot_in_background_and_keeps_post_save_writes ... ok
test (x86_64-unknown-linux-gnu)	Test (workspace, --lib --tests)	2026-08-10T09:50:35.7086640Z test auto_aof_rewrite_respects_pct_zero_disable ... ok
test (x86_64-unknown-linux-gnu)	Test (workspace, --lib --tests)	2026-08-10T09:50:35.7474997Z test cross_shard_rename_survives_a_restart ... ok
test (x86_64-unknown-linux-gnu)	Test (workspace, --lib --tests)	2026-08-10T09:50:35.8260543Z test data_survives_restart_via_aof_without_save ... ok
test (x86_64-unknown-linux-gnu)	Test (workspace, --lib --tests)	2026-08-10T09:50:35.8565479Z test data_survives_restart_via_save ... ok
test (x86_64-unknown-linux-gnu)	Test (workspace, --lib --tests)	2026-08-10T09:50:35.8842249Z test every_value_type_round_trips_through_a_snapshot ... ok
test (x86_64-unknown-linux-gnu)	Test (workspace, --lib --tests)	2026-08-10T09:50:35.8930596Z test aof_truncated_tail_is_tolerated_on_restart ... ok
test (x86_64-unknown-linux-gnu)	Test (workspace, --lib --tests)	2026-08-10T09:50:35.8969957Z test mset_and_rename_survive_a_restart ... ok
test (x86_64-unknown-linux-gnu)	Test (workspace, --lib --tests)	2026-08-10T09:50:36.1695335Z test info_persistence_reports_rewrite_completion ... ok
test (x86_64-unknown-linux-gnu)	Test (workspace, --lib --tests)	2026-08-10T09:50:36.1762166Z test restart_tolerates_corrupt_snapshot ... ok
test (x86_64-unknown-linux-gnu)	Test (workspace, --lib --tests)	2026-08-10T09:50:36.9344140Z test save_at_shutdown_drains_to_disk ... ok
test (x86_64-unknown-linux-gnu)	Test (workspace, --lib --tests)	2026-08-10T09:50:37.2444454Z test auto_aof_rewrite_fires_when_threshold_crossed ... ok
test (x86_64-unknown-linux-gnu)	Test (workspace, --lib --tests)	2026-08-10T09:50:37.3615001Z test stream_groups_survive_bgrewriteaof_restart ... ok
test (x86_64-unknown-linux-gnu)	Test (workspace, --lib --tests)	2026-08-10T09:50:37.3800313Z test stream_groups_survive_save_restart ... ok
test (x86_64-unknown-linux-gnu)	Test (workspace, --lib --tests)	2026-08-10T09:50:38.4102147Z test relative_ttl_frames_do_not_reanchor_on_replay ... ok
test (x86_64-unknown-linux-gnu)	Test (workspace, --lib --tests)	2026-08-10T09:50:38.9575722Z test relative_ttl_survives_restart_at_original_deadline ... ok
test (x86_64-unknown-linux-gnu)	Test (workspace, --lib --tests)	2026-08-10T09:50:39.9020277Z test save_does_not_block_reactor_for_disk_write ... ok
test (x86_64-unknown-linux-gnu)	Test (workspace, --lib --tests)	2026-08-10T09:50:39.9020686Z 
test (x86_64-unknown-linux-gnu)	Test (workspace, --lib --tests)	2026-08-10T09:50:39.9021336Z test result: ok. 18 passed; 0 failed; 0 ignored; 0 measured; 0 filtered out; finished in 4.89s
test (x86_64-unknown-linux-gnu)	Test (workspace, --lib --tests)	2026-08-10T09:50:39.9021835Z 
test (x86_64-unknown-linux-gnu)	Test (workspace, --lib --tests)	2026-08-10T09:50:39.9045202Z ^[[1m^[[92m     Running^[[0m tests/psubscribe.rs (target/x86_64-unknown-linux-gnu/debug/deps/psubscribe-7cc3940cb46c8d1a)
test (x86_64-unknown-linux-gnu)	Test (workspace, --lib --tests)	2026-08-10T09:50:39.9061764Z 
test (x86_64-unknown-linux-gnu)	Test (workspace, --lib --tests)	2026-08-10T09:50:39.9062130Z running 8 tests
test (x86_64-unknown-linux-gnu)	Test (workspace, --lib --tests)	2026-08-10T09:50:39.9628921Z test channel_plus_pattern_both_fire ... ok
test (x86_64-unknown-linux-gnu)	Test (workspace, --lib --tests)	2026-08-10T09:50:39.9837474Z test psubscribe_ack_then_pmessage_round_trip ... ok
test (x86_64-unknown-linux-gnu)	Test (workspace, --lib --tests)	2026-08-10T09:50:40.0193998Z test punsubscribe_all_drains_held_patterns ... ok
test (x86_64-unknown-linux-gnu)	Test (workspace, --lib --tests)	2026-08-10T09:50:40.0255354Z test punsubscribe_with_no_patterns_held_emits_nil_ack ... ok
test (x86_64-unknown-linux-gnu)	Test (workspace, --lib --tests)	2026-08-10T09:50:40.0389458Z test punsubscribe_specific_pattern_stops_delivery ... ok
test (x86_64-unknown-linux-gnu)	Test (workspace, --lib --tests)	2026-08-10T09:50:40.1315629Z test subscriber_disconnect_unregisters_patterns ... ok
test (x86_64-unknown-linux-gnu)	Test (workspace, --lib --tests)	2026-08-10T09:50:40.1788918Z test pattern_no_match_no_delivery ... ok
test (x86_64-unknown-linux-gnu)	Test (workspace, --lib --tests)	2026-08-10T09:50:40.7306243Z test cross_shard_pattern_delivery ... ok
test (x86_64-unknown-linux-gnu)	Test (workspace, --lib --tests)	2026-08-10T09:50:40.7307048Z 
test (x86_64-unknown-linux-gnu)	Test (workspace, --lib --tests)	2026-08-10T09:50:40.7307613Z test result: ok. 8 passed; 0 failed; 0 ignored; 0 measured; 0 filtered out; finished in 0.82s
test (x86_64-unknown-linux-gnu)	Test (workspace, --lib --tests)	2026-08-10T09:50:40.7308275Z 
test (x86_64-unknown-linux-gnu)	Test (workspace, --lib --tests)	2026-08-10T09:50:40.7323701Z ^[[1m^[[92m     Running^[[0m tests/query_buffer_limit.rs (target/x86_64-unknown-linux-gnu/debug/deps/query_buffer_limit-d7d7ccb93465e4ec)
test (x86_64-unknown-linux-gnu)	Test (workspace, --lib --tests)	2026-08-10T09:50:40.7342539Z 
test (x86_64-unknown-linux-gnu)	Test (workspace, --lib --tests)	2026-08-10T09:50:40.7342678Z running 1 test
test (x86_64-unknown-linux-gnu)	Test (workspace, --lib --tests)	2026-08-10T09:50:40.8121901Z test a_streaming_giant_frame_is_disconnected_at_the_cap ... ok
test (x86_64-unknown-linux-gnu)	Test (workspace, --lib --tests)	2026-08-10T09:50:40.8122318Z 
test (x86_64-unknown-linux-gnu)	Test (workspace, --lib --tests)	2026-08-10T09:50:40.8122945Z test result: ok. 1 passed; 0 failed; 0 ignored; 0 measured; 0 filtered out; finished in 0.08s
test (x86_64-unknown-linux-gnu)	Test (workspace, --lib --tests)	2026-08-10T09:50:40.8123528Z 
test (x86_64-unknown-linux-gnu)	Test (workspace, --lib --tests)	2026-08-10T09:50:40.8127617Z ^[[1m^[[92m     Running^[[0m tests/randomkey_is_random.rs (target/x86_64-unknown-linux-gnu/debug/deps/randomkey_is_random-35a6ccfea4ceaea7)
test (x86_64-unknown-linux-gnu)	Test (workspace, --lib --tests)	2026-08-10T09:50:40.8147276Z 
test (x86_64-unknown-linux-gnu)	Test (workspace, --lib --tests)	2026-08-10T09:50:40.8147573Z running 4 tests
test (x86_64-unknown-linux-gnu)	Test (workspace, --lib --tests)	2026-08-10T09:50:40.8862353Z test randomkey_on_an_empty_db_is_nil ... ok
test (x86_64-unknown-linux-gnu)	Test (workspace, --lib --tests)	2026-08-10T09:50:40.9960420Z test a_single_key_is_always_found ... ok
test (x86_64-unknown-linux-gnu)	Test (workspace, --lib --tests)	2026-08-10T09:50:41.1320422Z test two_servers_disagree_about_arbitrary ... ok
test (x86_64-unknown-linux-gnu)	Test (workspace, --lib --tests)	2026-08-10T09:50:41.3188412Z test randomkey_ranges_over_the_whole_keyspace ... ok
test (x86_64-unknown-linux-gnu)	Test (workspace, --lib --tests)	2026-08-10T09:50:41.3188985Z 
test (x86_64-unknown-linux-gnu)	Test (workspace, --lib --tests)	2026-08-10T09:50:41.3189671Z test result: ok. 4 passed; 0 failed; 0 ignored; 0 measured; 0 filtered out; finished in 0.50s
test (x86_64-unknown-linux-gnu)	Test (workspace, --lib --tests)	2026-08-10T09:50:41.3190389Z 
test (x86_64-unknown-linux-gnu)	Test (workspace, --lib --tests)	2026-08-10T09:50:41.3218335Z ^[[1m^[[92m     Running^[[0m tests/rename.rs (target/x86_64-unknown-linux-gnu/debug/deps/rename-440f0b89157742ee)
test (x86_64-unknown-linux-gnu)	Test (workspace, --lib --tests)	2026-08-10T09:50:41.3234846Z 
test (x86_64-unknown-linux-gnu)	Test (workspace, --lib --tests)	2026-08-10T09:50:41.3235049Z running 10 tests
test (x86_64-unknown-linux-gnu)	Test (workspace, --lib --tests)	2026-08-10T09:50:41.3463221Z test rename_no_such_key_errors ... ok
test (x86_64-unknown-linux-gnu)	Test (workspace, --lib --tests)	2026-08-10T09:50:41.3533966Z test rename_overwrites_destination ... ok
test (x86_64-unknown-linux-gnu)	Test (workspace, --lib --tests)	2026-08-10T09:50:41.3578280Z test rename_preserves_ttl ... ok
test (x86_64-unknown-linux-gnu)	Test (workspace, --lib --tests)	2026-08-10T09:50:41.3648817Z test rename_same_key_is_ok_for_rename ... ok
test (x86_64-unknown-linux-gnu)	Test (workspace, --lib --tests)	2026-08-10T09:50:41.3715314Z test renamenx_returns_one_when_dst_missing ... ok
test (x86_64-unknown-linux-gnu)	Test (workspace, --lib --tests)	2026-08-10T09:50:41.3781100Z test renamenx_returns_zero_when_dst_exists ... ok
test (x86_64-unknown-linux-gnu)	Test (workspace, --lib --tests)	2026-08-10T09:50:41.3795939Z test cross_shard_rename_preserves_ttl_v2_3b ... ok
test (x86_64-unknown-linux-gnu)	Test (workspace, --lib --tests)	2026-08-10T09:50:41.3848066Z test renamenx_same_key_returns_zero ... ok
test (x86_64-unknown-linux-gnu)	Test (workspace, --lib --tests)	2026-08-10T09:50:41.3852773Z test cross_shard_rename_succeeds_v2_3b ... ok
test (x86_64-unknown-linux-gnu)	Test (workspace, --lib --tests)	2026-08-10T09:50:41.3937180Z test cross_shard_renamenx_returns_zero_when_dst_exists ... ok
test (x86_64-unknown-linux-gnu)	Test (workspace, --lib --tests)	2026-08-10T09:50:41.3937761Z 
test (x86_64-unknown-linux-gnu)	Test (workspace, --lib --tests)	2026-08-10T09:50:41.3938324Z test result: ok. 10 passed; 0 failed; 0 ignored; 0 measured; 0 filtered out; finished in 0.07s
test (x86_64-unknown-linux-gnu)	Test (workspace, --lib --tests)	2026-08-10T09:50:41.3938980Z 
test (x86_64-unknown-linux-gnu)	Test (workspace, --lib --tests)	2026-08-10T09:50:41.3949869Z ^[[1m^[[92m     Running^[[0m tests/replication.rs (target/x86_64-unknown-linux-gnu/debug/deps/replication-7b028490a4d1d982)
test (x86_64-unknown-linux-gnu)	Test (workspace, --lib --tests)	2026-08-10T09:50:41.3965868Z 
test (x86_64-unknown-linux-gnu)	Test (workspace, --lib --tests)	2026-08-10T09:50:41.3966013Z running 24 tests
test (x86_64-unknown-linux-gnu)	Test (workspace, --lib --tests)	2026-08-10T09:50:41.4055905Z test fresh_replica_join_snapshot_then_live_frames ... ok
test (x86_64-unknown-linux-gnu)	Test (workspace, --lib --tests)	2026-08-10T09:50:41.4139554Z test malformed_handshake_closes_connection_no_ack ... ok
test (x86_64-unknown-linux-gnu)	Test (workspace, --lib --tests)	2026-08-10T09:50:41.4261255Z test repl_token_on_primary_reports_live_per_shard_pairs ... ok
test (x86_64-unknown-linux-gnu)	Test (workspace, --lib --tests)	2026-08-10T09:50:41.4660691Z test multi_key_delete_reaches_a_replica ... ok
test (x86_64-unknown-linux-gnu)	Test (workspace, --lib --tests)	2026-08-10T09:50:41.4730440Z test replica_apply_dispatch_mirrors_primary_store ... ok
test (x86_64-unknown-linux-gnu)	Test (workspace, --lib --tests)	2026-08-10T09:50:41.4794622Z test replica_client_handshake_and_receive_set_frame ... ok
test (x86_64-unknown-linux-gnu)	Test (workspace, --lib --tests)	2026-08-10T09:50:41.4795881Z test replica_client_handshake_failure_on_closed_port ... ok
test (x86_64-unknown-linux-gnu)	Test (workspace, --lib --tests)	2026-08-10T09:50:41.9061550Z test repl_wait_read_your_writes_and_future_token_misdirects ... ok
test (x86_64-unknown-linux-gnu)	Test (workspace, --lib --tests)	2026-08-10T09:50:41.9891546Z test replicaof_command_dynamically_attaches_to_primary ... ok
test (x86_64-unknown-linux-gnu)	Test (workspace, --lib --tests)	2026-08-10T09:50:41.9950220Z test replication_disabled_means_no_listener_on_replication_port ... ok
test (x86_64-unknown-linux-gnu)	Test (workspace, --lib --tests)	2026-08-10T09:50:42.1150589Z test role_reports_master_offset_advancing_with_writes ... ok
test (x86_64-unknown-linux-gnu)	Test (workspace, --lib --tests)	2026-08-10T09:50:42.2480952Z test server_as_replica_applies_upstream_writes ... ok
test (x86_64-unknown-linux-gnu)	Test (workspace, --lib --tests)	2026-08-10T09:50:42.2558818Z test snapshot_ship_loaded_into_local_store_matches_primary ... ok
test (x86_64-unknown-linux-gnu)	Test (workspace, --lib --tests)	2026-08-10T09:50:42.2638691Z test snapshot_ship_triggers_when_replica_falls_behind_backlog ... ok
test (x86_64-unknown-linux-gnu)	Test (workspace, --lib --tests)	2026-08-10T09:50:42.3851286Z test spop_storm_keeps_replica_sets_identical ... ok
test (x86_64-unknown-linux-gnu)	Test (workspace, --lib --tests)	2026-08-10T09:50:42.3919862Z test streaming_replica_receives_multiple_frames_in_order ... ok
test (x86_64-unknown-linux-gnu)	Test (workspace, --lib --tests)	2026-08-10T09:50:43.9541453Z test streaming_replica_receives_only_its_shards_writes ... ok
test (x86_64-unknown-linux-gnu)	Test (workspace, --lib --tests)	2026-08-10T09:50:43.9607311Z test streaming_replica_receives_set_command_as_wire_frame ... ok
test (x86_64-unknown-linux-gnu)	Test (workspace, --lib --tests)	2026-08-10T09:50:43.9746866Z test unclean_restart_generation_fence_ships_instead_of_aliasing ... ok
test (x86_64-unknown-linux-gnu)	Test (workspace, --lib --tests)	2026-08-10T09:50:44.0336842Z test wait_one_with_live_replica_returns_at_least_one ... ok
test (x86_64-unknown-linux-gnu)	Test (workspace, --lib --tests)	2026-08-10T09:50:44.2920045Z test wait_with_no_replica_times_out_to_zero_and_wait_zero_is_immediate ... ok
test (x86_64-unknown-linux-gnu)	Test (workspace, --lib --tests)	2026-08-10T09:50:44.4672461Z test handshake_with_nonzero_offset_echoed_in_ack_then_fence_ships ... ok
test (x86_64-unknown-linux-gnu)	Test (workspace, --lib --tests)	2026-08-10T09:50:44.5490285Z test replica_handshake_receives_ack_and_stays_connected ... ok
test (x86_64-unknown-linux-gnu)	Test (workspace, --lib --tests)	2026-08-10T09:50:50.4990634Z test multi_shard_listener_binds_per_shard_port ... ok
test (x86_64-unknown-linux-gnu)	Test (workspace, --lib --tests)	2026-08-10T09:50:50.4991238Z 
test (x86_64-unknown-linux-gnu)	Test (workspace, --lib --tests)	2026-08-10T09:50:50.4991775Z test result: ok. 24 passed; 0 failed; 0 ignored; 0 measured; 0 filtered out; finished in 9.10s
test (x86_64-unknown-linux-gnu)	Test (workspace, --lib --tests)	2026-08-10T09:50:50.4992577Z 
test (x86_64-unknown-linux-gnu)	Test (workspace, --lib --tests)	2026-08-10T09:50:50.5000525Z ^[[1m^[[92m     Running^[[0m tests/resp3_replies.rs (target/x86_64-unknown-linux-gnu/debug/deps/resp3_replies-30eff7e14ca6d27b)
test (x86_64-unknown-linux-gnu)	Test (workspace, --lib --tests)	2026-08-10T09:50:50.5016623Z 
test (x86_64-unknown-linux-gnu)	Test (workspace, --lib --tests)	2026-08-10T09:50:50.5016811Z running 14 tests
test (x86_64-unknown-linux-gnu)	Test (workspace, --lib --tests)	2026-08-10T09:50:50.5085801Z test config_get_returns_map_on_resp3 ... ok
test (x86_64-unknown-linux-gnu)	Test (workspace, --lib --tests)	2026-08-10T09:50:50.5141833Z test hgetall_returns_map_on_resp3 ... ok
test (x86_64-unknown-linux-gnu)	Test (workspace, --lib --tests)	2026-08-10T09:50:50.5194758Z test info_and_client_info_use_verbatim_on_resp3 ... ok
test (x86_64-unknown-linux-gnu)	Test (workspace, --lib --tests)	2026-08-10T09:50:50.5299928Z test pmessage_uses_push_frame_on_resp3 ... ok
test (x86_64-unknown-linux-gnu)	Test (workspace, --lib --tests)	2026-08-10T09:50:50.5352748Z test pubsub_message_uses_push_frame_on_resp3 ... ok
test (x86_64-unknown-linux-gnu)	Test (workspace, --lib --tests)	2026-08-10T09:50:50.5461001Z test smembers_returns_set_on_resp3 ... ok
test (x86_64-unknown-linux-gnu)	Test (workspace, --lib --tests)	2026-08-10T09:50:50.5514419Z test unmigrated_cmds_still_emit_resp2_on_v3_conn ... ok
test (x86_64-unknown-linux-gnu)	Test (workspace, --lib --tests)	2026-08-10T09:50:50.5576894Z test v2_wire_byte_for_byte_unchanged_after_resp3_migration ... ok
test (x86_64-unknown-linux-gnu)	Test (workspace, --lib --tests)	2026-08-10T09:50:50.5624740Z test zincrby_returns_double_on_resp3 ... ok
test (x86_64-unknown-linux-gnu)	Test (workspace, --lib --tests)	2026-08-10T09:50:50.5671977Z test zrange_withscores_returns_nested_array_on_resp3 ... ok
test (x86_64-unknown-linux-gnu)	Test (workspace, --lib --tests)	2026-08-10T09:50:50.5727103Z test zrangebyscore_withscores_returns_nested_array_on_resp3 ... ok
test (x86_64-unknown-linux-gnu)	Test (workspace, --lib --tests)	2026-08-10T09:50:50.5734378Z test mget_stays_array_on_resp3 ... ok
test (x86_64-unknown-linux-gnu)	Test (workspace, --lib --tests)	2026-08-10T09:50:50.5782126Z test zscore_returns_double_on_resp3 ... ok
test (x86_64-unknown-linux-gnu)	Test (workspace, --lib --tests)	2026-08-10T09:50:50.5894589Z test sinter_sunion_sdiff_return_set_on_resp3_cross_shard ... ok
test (x86_64-unknown-linux-gnu)	Test (workspace, --lib --tests)	2026-08-10T09:50:50.5895185Z 
test (x86_64-unknown-linux-gnu)	Test (workspace, --lib --tests)	2026-08-10T09:50:50.5895690Z test result: ok. 14 passed; 0 failed; 0 ignored; 0 measured; 0 filtered out; finished in 0.09s
test (x86_64-unknown-linux-gnu)	Test (workspace, --lib --tests)	2026-08-10T09:50:50.5896304Z 
test (x86_64-unknown-linux-gnu)	Test (workspace, --lib --tests)	2026-08-10T09:50:50.5904681Z ^[[1m^[[92m     Running^[[0m tests/resp3_subscriber.rs (target/x86_64-unknown-linux-gnu/debug/deps/resp3_subscriber-14ae9747307e8d97)
test (x86_64-unknown-linux-gnu)	Test (workspace, --lib --tests)	2026-08-10T09:50:50.5921179Z 
test (x86_64-unknown-linux-gnu)	Test (workspace, --lib --tests)	2026-08-10T09:50:50.5921363Z running 3 tests
test (x86_64-unknown-linux-gnu)	Test (workspace, --lib --tests)	2026-08-10T09:50:50.5991036Z test hello3_then_psubscribe_recv_pmessage_push ... ok
test (x86_64-unknown-linux-gnu)	Test (workspace, --lib --tests)	2026-08-10T09:50:50.6041052Z test hello3_then_subscribe_recv_push_frames ... ok
test (x86_64-unknown-linux-gnu)	Test (workspace, --lib --tests)	2026-08-10T09:50:50.6930423Z test hello3_on_embedded_subscriber_returns_unsupported ... ok
test (x86_64-unknown-linux-gnu)	Test (workspace, --lib --tests)	2026-08-10T09:50:50.6931127Z 
test (x86_64-unknown-linux-gnu)	Test (workspace, --lib --tests)	2026-08-10T09:50:50.6931615Z test result: ok. 3 passed; 0 failed; 0 ignored; 0 measured; 0 filtered out; finished in 0.10s
test (x86_64-unknown-linux-gnu)	Test (workspace, --lib --tests)	2026-08-10T09:50:50.6932311Z 
test (x86_64-unknown-linux-gnu)	Test (workspace, --lib --tests)	2026-08-10T09:50:50.6938063Z ^[[1m^[[92m     Running^[[0m tests/scan_is_incremental.rs (target/x86_64-unknown-linux-gnu/debug/deps/scan_is_incremental-4eb42c9450904dd3)
test (x86_64-unknown-linux-gnu)	Test (workspace, --lib --tests)	2026-08-10T09:50:50.6954283Z 
test (x86_64-unknown-linux-gnu)	Test (workspace, --lib --tests)	2026-08-10T09:50:50.6954564Z running 5 tests
test (x86_64-unknown-linux-gnu)	Test (workspace, --lib --tests)	2026-08-10T09:50:50.7734789Z test scan_on_empty_db_finishes_in_one_call ... ok
test (x86_64-unknown-linux-gnu)	Test (workspace, --lib --tests)	2026-08-10T09:50:50.8836850Z test scan_match_returns_exactly_the_matching_set ... ok
test (x86_64-unknown-linux-gnu)	Test (workspace, --lib --tests)	2026-08-10T09:50:50.9019937Z test scan_type_filters_by_value_type ... ok
test (x86_64-unknown-linux-gnu)	Test (workspace, --lib --tests)	2026-08-10T09:50:51.1111154Z test scan_survives_rehash_mid_sweep ... ok
test (x86_64-unknown-linux-gnu)	Test (workspace, --lib --tests)	2026-08-10T09:50:51.4286082Z test scan_pages_are_bounded_and_cover_exactly ... ok
test (x86_64-unknown-linux-gnu)	Test (workspace, --lib --tests)	2026-08-10T09:50:51.4286624Z 
test (x86_64-unknown-linux-gnu)	Test (workspace, --lib --tests)	2026-08-10T09:50:51.4287176Z test result: ok. 5 passed; 0 failed; 0 ignored; 0 measured; 0 filtered out; finished in 0.73s
test (x86_64-unknown-linux-gnu)	Test (workspace, --lib --tests)	2026-08-10T09:50:51.4288265Z 
test (x86_64-unknown-linux-gnu)	Test (workspace, --lib --tests)	2026-08-10T09:50:51.4348367Z ^[[1m^[[92m     Running^[[0m tests/scope_misdirected_chaos.rs (target/x86_64-unknown-linux-gnu/debug/deps/scope_misdirected_chaos-e203c48a4856d3d8)
test (x86_64-unknown-linux-gnu)	Test (workspace, --lib --tests)	2026-08-10T09:50:51.4361406Z 
test (x86_64-unknown-linux-gnu)	Test (workspace, --lib --tests)	2026-08-10T09:50:51.4361575Z running 1 test
test (x86_64-unknown-linux-gnu)	Test (workspace, --lib --tests)	2026-08-10T09:50:51.4363090Z test scope_misdirected_chaos_writes_into_wrong_node ... ignored, chaos test — opt-in via --ignored, needs `cargo build --release -p kevy` first
test (x86_64-unknown-linux-gnu)	Test (workspace, --lib --tests)	2026-08-10T09:50:51.4364009Z 
test (x86_64-unknown-linux-gnu)	Test (workspace, --lib --tests)	2026-08-10T09:50:51.4365281Z ^[[1m^[[92m     Running^[[0m tests/scope_misdirected_client_port.rs (target/x86_64-unknown-linux-gnu/debug/deps/scope_misdirected_client_port-e9357ed04fb6384b)
test (x86_64-unknown-linux-gnu)	Test (workspace, --lib --tests)	2026-08-10T09:50:51.4366652Z test result: ok. 0 passed; 0 failed; 1 ignored; 0 measured; 0 filtered out; finished in 0.00s
test (x86_64-unknown-linux-gnu)	Test (workspace, --lib --tests)	2026-08-10T09:50:51.4367260Z 
test (x86_64-unknown-linux-gnu)	Test (workspace, --lib --tests)	2026-08-10T09:50:51.4376784Z 
test (x86_64-unknown-linux-gnu)	Test (workspace, --lib --tests)	2026-08-10T09:50:51.4377041Z running 1 test
test (x86_64-unknown-linux-gnu)	Test (workspace, --lib --tests)	2026-08-10T09:50:51.4378097Z test scope_misdirected_reply_uses_client_port ... ignored, chaos test — opt-in via --ignored, needs `cargo build --release -p kevy` first
test (x86_64-unknown-linux-gnu)	Test (workspace, --lib --tests)	2026-08-10T09:50:51.4378942Z 
test (x86_64-unknown-linux-gnu)	Test (workspace, --lib --tests)	2026-08-10T09:50:51.4379806Z test result: ok. 0 passed; 0 failed; 1 ignored; 0 measured; 0 filtered out; finished in 0.00s
test (x86_64-unknown-linux-gnu)	Test (workspace, --lib --tests)	2026-08-10T09:50:51.4380446Z 
test (x86_64-unknown-linux-gnu)	Test (workspace, --lib --tests)	2026-08-10T09:50:51.4381220Z ^[[1m^[[92m     Running^[[0m tests/scope_misdirected_e2e.rs (target/x86_64-unknown-linux-gnu/debug/deps/scope_misdirected_e2e-6922bd5ddc2cc093)
test (x86_64-unknown-linux-gnu)	Test (workspace, --lib --tests)	2026-08-10T09:50:51.4396791Z 
test (x86_64-unknown-linux-gnu)	Test (workspace, --lib --tests)	2026-08-10T09:50:51.4397035Z running 2 tests
test (x86_64-unknown-linux-gnu)	Test (workspace, --lib --tests)	2026-08-10T09:50:51.4405383Z test read_to_non_writer_node_is_not_misdirected ... ok
test (x86_64-unknown-linux-gnu)	Test (workspace, --lib --tests)	2026-08-10T09:50:51.4406289Z test write_to_non_writer_node_returns_misdirected ... ok
test (x86_64-unknown-linux-gnu)	Test (workspace, --lib --tests)	2026-08-10T09:50:51.4406818Z 
test (x86_64-unknown-linux-gnu)	Test (workspace, --lib --tests)	2026-08-10T09:50:51.4407274Z test result: ok. 2 passed; 0 failed; 0 ignored; 0 measured; 0 filtered out; finished in 0.00s
test (x86_64-unknown-linux-gnu)	Test (workspace, --lib --tests)	2026-08-10T09:50:51.4407879Z 
test (x86_64-unknown-linux-gnu)	Test (workspace, --lib --tests)	2026-08-10T09:50:51.4419079Z 
test (x86_64-unknown-linux-gnu)	Test (workspace, --lib --tests)	2026-08-10T09:50:51.4419589Z running 1 test
test (x86_64-unknown-linux-gnu)	Test (workspace, --lib --tests)	2026-08-10T09:50:51.4420662Z ^[[1m^[[92m     Running^[[0m tests/scope_move_e2e.rs (target/x86_64-unknown-linux-gnu/debug/deps/scope_move_e2e-0c9a75db400fa69b)
test (x86_64-unknown-linux-gnu)	Test (workspace, --lib --tests)	2026-08-10T09:50:51.4426804Z test move_scope_ships_prefix_slice_to_mock_target_and_commits ... ok
test (x86_64-unknown-linux-gnu)	Test (workspace, --lib --tests)	2026-08-10T09:50:51.4427402Z 
test (x86_64-unknown-linux-gnu)	Test (workspace, --lib --tests)	2026-08-10T09:50:51.4427983Z test result: ok. 1 passed; 0 failed; 0 ignored; 0 measured; 0 filtered out; finished in 0.00s
test (x86_64-unknown-linux-gnu)	Test (workspace, --lib --tests)	2026-08-10T09:50:51.4428621Z 
test (x86_64-unknown-linux-gnu)	Test (workspace, --lib --tests)	2026-08-10T09:50:51.4430974Z ^[[1m^[[92m     Running^[[0m tests/segmented_stitch_e2e.rs (target/x86_64-unknown-linux-gnu/debug/deps/segmented_stitch_e2e-0ba2946859ed24ee)
test (x86_64-unknown-linux-gnu)	Test (workspace, --lib --tests)	2026-08-10T09:50:51.4441867Z 
test (x86_64-unknown-linux-gnu)	Test (workspace, --lib --tests)	2026-08-10T09:50:51.4442205Z running 1 test
test (x86_64-unknown-linux-gnu)	Test (workspace, --lib --tests)	2026-08-10T09:50:51.4443463Z test stitch_evicts_revives_and_refuses_through_the_server ... ignored, chaos test — opt-in via --ignored, needs `cargo build --release -p kevy` first
test (x86_64-unknown-linux-gnu)	Test (workspace, --lib --tests)	2026-08-10T09:50:51.4444424Z 
test (x86_64-unknown-linux-gnu)	Test (workspace, --lib --tests)	2026-08-10T09:50:51.4444844Z test result: ok. 0 passed; 0 failed; 1 ignored; 0 measured; 0 filtered out; finished in 0.00s
test (x86_64-unknown-linux-gnu)	Test (workspace, --lib --tests)	2026-08-10T09:50:51.4445425Z 
test (x86_64-unknown-linux-gnu)	Test (workspace, --lib --tests)	2026-08-10T09:50:51.4446637Z ^[[1m^[[92m     Running^[[0m tests/sharded.rs (target/x86_64-unknown-linux-gnu/debug/deps/sharded-38ff5bc62f8824b2)
test (x86_64-unknown-linux-gnu)	Test (workspace, --lib --tests)	2026-08-10T09:50:51.4461538Z 
test (x86_64-unknown-linux-gnu)	Test (workspace, --lib --tests)	2026-08-10T09:50:51.4461811Z running 13 tests
test (x86_64-unknown-linux-gnu)	Test (workspace, --lib --tests)	2026-08-10T09:50:51.5067613Z test cross_shard_multikey ... ok
test (x86_64-unknown-linux-gnu)	Test (workspace, --lib --tests)	2026-08-10T09:50:51.5185340Z test fanout_dbsize_del_flush ... ok
test (x86_64-unknown-linux-gnu)	Test (workspace, --lib --tests)	2026-08-10T09:50:51.5210224Z test hash_type_across_cores ... ok
test (x86_64-unknown-linux-gnu)	Test (workspace, --lib --tests)	2026-08-10T09:50:51.5674583Z test keys_scan_randomkey_across_cores ... ok
test (x86_64-unknown-linux-gnu)	Test (workspace, --lib --tests)	2026-08-10T09:50:51.5905150Z test list_type_across_cores ... ok
test (x86_64-unknown-linux-gnu)	Test (workspace, --lib --tests)	2026-08-10T09:50:51.6586407Z test pipelined_order_is_preserved ... ok
test (x86_64-unknown-linux-gnu)	Test (workspace, --lib --tests)	2026-08-10T09:50:51.7187539Z test pubsub_across_cores ... ok
test (x86_64-unknown-linux-gnu)	Test (workspace, --lib --tests)	2026-08-10T09:50:51.7261142Z test info_aggregates_across_shards ... ok
test (x86_64-unknown-linux-gnu)	Test (workspace, --lib --tests)	2026-08-10T09:50:51.7270316Z test single_shard_still_works ... ok
test (x86_64-unknown-linux-gnu)	Test (workspace, --lib --tests)	2026-08-10T09:50:51.7317181Z test keyspace_is_shared_across_cores ... ok
test (x86_64-unknown-linux-gnu)	Test (workspace, --lib --tests)	2026-08-10T09:50:51.7459836Z test pipelined_cross_shard_no_deadlock ... ok
test (x86_64-unknown-linux-gnu)	Test (workspace, --lib --tests)	2026-08-10T09:50:51.7915073Z test transactions ... ok
test (x86_64-unknown-linux-gnu)	Test (workspace, --lib --tests)	2026-08-10T09:50:51.8319640Z test subscriber_disconnect_unregisters_subs ... ok
test (x86_64-unknown-linux-gnu)	Test (workspace, --lib --tests)	2026-08-10T09:50:51.8320333Z 
test (x86_64-unknown-linux-gnu)	Test (workspace, --lib --tests)	2026-08-10T09:50:51.8321135Z test result: ok. 13 passed; 0 failed; 0 ignored; 0 measured; 0 filtered out; finished in 0.39s
test (x86_64-unknown-linux-gnu)	Test (workspace, --lib --tests)	2026-08-10T09:50:51.8321717Z 
test (x86_64-unknown-linux-gnu)	Test (workspace, --lib --tests)	2026-08-10T09:50:51.8347468Z ^[[1m^[[92m     Running^[[0m tests/shutdown_drain_chaos.rs (target/x86_64-unknown-linux-gnu/debug/deps/shutdown_drain_chaos-0b08b4e9711ad922)
test (x86_64-unknown-linux-gnu)	Test (workspace, --lib --tests)	2026-08-10T09:50:51.8359978Z 
test (x86_64-unknown-linux-gnu)	Test (workspace, --lib --tests)	2026-08-10T09:50:51.8360184Z running 2 tests
test (x86_64-unknown-linux-gnu)	Test (workspace, --lib --tests)	2026-08-10T09:50:51.8363360Z test shutdown_drains_cleanly_no_lost_writes ... ignored, chaos test — opt-in via --ignored, needs `cargo build --release -p kevy` first
test (x86_64-unknown-linux-gnu)	Test (workspace, --lib --tests)	2026-08-10T09:50:51.8364669Z test shutdown_save_writes_final_snapshot ... ignored, chaos test — opt-in via --ignored, needs `cargo build --release -p kevy` first
test (x86_64-unknown-linux-gnu)	Test (workspace, --lib --tests)	2026-08-10T09:50:51.8365395Z 
test (x86_64-unknown-linux-gnu)	Test (workspace, --lib --tests)	2026-08-10T09:50:51.8365692Z test result: ok. 0 passed; 0 failed; 2 ignored; 0 measured; 0 filtered out; finished in 0.00s
test (x86_64-unknown-linux-gnu)	Test (workspace, --lib --tests)	2026-08-10T09:50:51.8366055Z 
test (x86_64-unknown-linux-gnu)	Test (workspace, --lib --tests)	2026-08-10T09:50:51.8366865Z ^[[1m^[[92m     Running^[[0m tests/sigterm_drain_chaos.rs (target/x86_64-unknown-linux-gnu/debug/deps/sigterm_drain_chaos-bc5f957ec80e8f34)
test (x86_64-unknown-linux-gnu)	Test (workspace, --lib --tests)	2026-08-10T09:50:51.8373987Z 
test (x86_64-unknown-linux-gnu)	Test (workspace, --lib --tests)	2026-08-10T09:50:51.8374227Z running 1 test
test (x86_64-unknown-linux-gnu)	Test (workspace, --lib --tests)	2026-08-10T09:50:51.8377516Z test sigterm_drains_cleanly_no_lost_writes ... ignored, chaos test — opt-in via --ignored, needs `cargo build --release -p kevy` first
test (x86_64-unknown-linux-gnu)	Test (workspace, --lib --tests)	2026-08-10T09:50:51.8378346Z 
test (x86_64-unknown-linux-gnu)	Test (workspace, --lib --tests)	2026-08-10T09:50:51.8378635Z test result: ok. 0 passed; 0 failed; 1 ignored; 0 measured; 0 filtered out; finished in 0.00s
test (x86_64-unknown-linux-gnu)	Test (workspace, --lib --tests)	2026-08-10T09:50:51.8379021Z 
test (x86_64-unknown-linux-gnu)	Test (workspace, --lib --tests)	2026-08-10T09:50:51.8381291Z ^[[1m^[[92m     Running^[[0m tests/sigxfsz_survival_chaos.rs (target/x86_64-unknown-linux-gnu/debug/deps/sigxfsz_survival_chaos-49f15b1dfa453872)
test (x86_64-unknown-linux-gnu)	Test (workspace, --lib --tests)	2026-08-10T09:50:51.8388424Z 
test (x86_64-unknown-linux-gnu)	Test (workspace, --lib --tests)	2026-08-10T09:50:51.8388685Z running 1 test
test (x86_64-unknown-linux-gnu)	Test (workspace, --lib --tests)	2026-08-10T09:50:51.8390131Z test sigxfsz_does_not_kill_kevy ... ignored, chaos test — opt-in via --ignored, needs `cargo build --release -p kevy` first
test (x86_64-unknown-linux-gnu)	Test (workspace, --lib --tests)	2026-08-10T09:50:51.8390968Z 
test (x86_64-unknown-linux-gnu)	Test (workspace, --lib --tests)	2026-08-10T09:50:51.8392024Z ^[[1m^[[92m     Running^[[0m tests/skeleton.rs (target/x86_64-unknown-linux-gnu/debug/deps/skeleton-59bbbda4ca3aeed8)
test (x86_64-unknown-linux-gnu)	Test (workspace, --lib --tests)	2026-08-10T09:50:51.8392936Z test result: ok. 0 passed; 0 failed; 1 ignored; 0 measured; 0 filtered out; finished in 0.00s
test (x86_64-unknown-linux-gnu)	Test (workspace, --lib --tests)	2026-08-10T09:50:51.8393539Z 
test (x86_64-unknown-linux-gnu)	Test (workspace, --lib --tests)	2026-08-10T09:50:51.8406665Z 
test (x86_64-unknown-linux-gnu)	Test (workspace, --lib --tests)	2026-08-10T09:50:51.8406855Z running 3 tests
test (x86_64-unknown-linux-gnu)	Test (workspace, --lib --tests)	2026-08-10T09:50:51.8417044Z test inline_command_works ... ok
test (x86_64-unknown-linux-gnu)	Test (workspace, --lib --tests)	2026-08-10T09:50:51.8417920Z test ping_and_echo_over_resp ... ok
test (x86_64-unknown-linux-gnu)	Test (workspace, --lib --tests)	2026-08-10T09:50:51.8418611Z test unknown_command_errors ... ok
test (x86_64-unknown-linux-gnu)	Test (workspace, --lib --tests)	2026-08-10T09:50:51.8418963Z 
test (x86_64-unknown-linux-gnu)	Test (workspace, --lib --tests)	2026-08-10T09:50:51.8419648Z test result: ok. 3 passed; 0 failed; 0 ignored; 0 measured; 0 filtered out; finished in 0.00s
test (x86_64-unknown-linux-gnu)	Test (workspace, --lib --tests)	2026-08-10T09:50:51.8420285Z 
test (x86_64-unknown-linux-gnu)	Test (workspace, --lib --tests)	2026-08-10T09:50:51.8421956Z ^[[1m^[[92m     Running^[[0m tests/slowlog.rs (target/x86_64-unknown-linux-gnu/debug/deps/slowlog-7178062386f3ab34)
test (x86_64-unknown-linux-gnu)	Test (workspace, --lib --tests)	2026-08-10T09:50:51.8439823Z 
test (x86_64-unknown-linux-gnu)	Test (workspace, --lib --tests)	2026-08-10T09:50:51.8439999Z running 8 tests
test (x86_64-unknown-linux-gnu)	Test (workspace, --lib --tests)	2026-08-10T09:50:51.8586489Z test slowlog_get_len_reset_basic_flow_records_everything_when_threshold_zero ... ok
test (x86_64-unknown-linux-gnu)	Test (workspace, --lib --tests)	2026-08-10T09:50:51.8632304Z test slowlog_get_with_count_truncates ... ok
test (x86_64-unknown-linux-gnu)	Test (workspace, --lib --tests)	2026-08-10T09:50:51.8665596Z test slowlog_help_returns_static_array ... ok
test (x86_64-unknown-linux-gnu)	Test (workspace, --lib --tests)	2026-08-10T09:50:51.8726319Z test slowlog_max_len_evicts_oldest ... ok
test (x86_64-unknown-linux-gnu)	Test (workspace, --lib --tests)	2026-08-10T09:50:51.8776186Z test slowlog_off_skips_clock_and_records_nothing ... ok
test (x86_64-unknown-linux-gnu)	Test (workspace, --lib --tests)	2026-08-10T09:50:51.8848981Z test slowlog_threshold_high_records_nothing ... ok
test (x86_64-unknown-linux-gnu)	Test (workspace, --lib --tests)	2026-08-10T09:50:51.8884152Z test slowlog_unknown_subcommand_returns_error ... ok
test (x86_64-unknown-linux-gnu)	Test (workspace, --lib --tests)	2026-08-10T09:50:51.8992877Z test slowlog_aggregates_across_shards ... ok
test (x86_64-unknown-linux-gnu)	Test (workspace, --lib --tests)	2026-08-10T09:50:51.8993165Z 
test (x86_64-unknown-linux-gnu)	Test (workspace, --lib --tests)	2026-08-10T09:50:51.8993725Z test result: ok. 8 passed; 0 failed; 0 ignored; 0 measured; 0 filtered out; finished in 0.06s
test (x86_64-unknown-linux-gnu)	Test (workspace, --lib --tests)	2026-08-10T09:50:51.8994197Z 
test (x86_64-unknown-linux-gnu)	Test (workspace, --lib --tests)	2026-08-10T09:50:51.9002602Z ^[[1m^[[92m     Running^[[0m tests/slowlog_hotreload.rs (target/x86_64-unknown-linux-gnu/debug/deps/slowlog_hotreload-1cfc2ba888e5916c)
test (x86_64-unknown-linux-gnu)	Test (workspace, --lib --tests)	2026-08-10T09:50:51.9021439Z 
test (x86_64-unknown-linux-gnu)	Test (workspace, --lib --tests)	2026-08-10T09:50:51.9021695Z running 1 test
test (x86_64-unknown-linux-gnu)	Test (workspace, --lib --tests)	2026-08-10T09:50:52.9102634Z test hot_reload_takes_effect_within_one_tick ... ok
test (x86_64-unknown-linux-gnu)	Test (workspace, --lib --tests)	2026-08-10T09:50:52.9103164Z 
test (x86_64-unknown-linux-gnu)	Test (workspace, --lib --tests)	2026-08-10T09:50:52.9103968Z test result: ok. 1 passed; 0 failed; 0 ignored; 0 measured; 0 filtered out; finished in 1.01s
test (x86_64-unknown-linux-gnu)	Test (workspace, --lib --tests)	2026-08-10T09:50:52.9104955Z 
test (x86_64-unknown-linux-gnu)	Test (workspace, --lib --tests)	2026-08-10T09:50:52.9108759Z ^[[1m^[[92m     Running^[[0m tests/soak_long_running_chaos.rs (target/x86_64-unknown-linux-gnu/debug/deps/soak_long_running_chaos-09799a78c0b115f8)
test (x86_64-unknown-linux-gnu)	Test (workspace, --lib --tests)	2026-08-10T09:50:52.9121369Z 
test (x86_64-unknown-linux-gnu)	Test (workspace, --lib --tests)	2026-08-10T09:50:52.9121667Z running 1 test
test (x86_64-unknown-linux-gnu)	Test (workspace, --lib --tests)	2026-08-10T09:50:52.9122840Z test soak_long_running_no_leak ... ignored, chaos test — opt-in via --ignored, needs `cargo build --release -p kevy` first
test (x86_64-unknown-linux-gnu)	Test (workspace, --lib --tests)	2026-08-10T09:50:52.9123675Z 
test (x86_64-unknown-linux-gnu)	Test (workspace, --lib --tests)	2026-08-10T09:50:52.9124173Z test result: ok. 0 passed; 0 failed; 1 ignored; 0 measured; 0 filtered out; finished in 0.00s
test (x86_64-unknown-linux-gnu)	Test (workspace, --lib --tests)	2026-08-10T09:50:52.9124536Z 
test (x86_64-unknown-linux-gnu)	Test (workspace, --lib --tests)	2026-08-10T09:50:52.9125915Z ^[[1m^[[92m     Running^[[0m tests/soak_then_crash.rs (target/x86_64-unknown-linux-gnu/debug/deps/soak_then_crash-c660805c2210737f)
test (x86_64-unknown-linux-gnu)	Test (workspace, --lib --tests)	2026-08-10T09:50:52.9135127Z 
test (x86_64-unknown-linux-gnu)	Test (workspace, --lib --tests)	2026-08-10T09:50:52.9135412Z running 1 test
test (x86_64-unknown-linux-gnu)	Test (workspace, --lib --tests)	2026-08-10T09:50:52.9137038Z test soak_then_crash_no_corruption_no_degradation ... ignored, soak chaos test — opt-in via --ignored, needs `cargo build --release -p kevy` first; SOAK_SECONDS env var (default 30, set 3600 for 1 h)
test (x86_64-unknown-linux-gnu)	Test (workspace, --lib --tests)	2026-08-10T09:50:52.9139422Z ^[[1m^[[92m     Running^[[0m tests/spop_is_random.rs (target/x86_64-unknown-linux-gnu/debug/deps/spop_is_random-06ddc248f797c1cc)
test (x86_64-unknown-linux-gnu)	Test (workspace, --lib --tests)	2026-08-10T09:50:52.9140859Z 
test (x86_64-unknown-linux-gnu)	Test (workspace, --lib --tests)	2026-08-10T09:50:52.9141308Z test result: ok. 0 passed; 0 failed; 1 ignored; 0 measured; 0 filtered out; finished in 0.00s
test (x86_64-unknown-linux-gnu)	Test (workspace, --lib --tests)	2026-08-10T09:50:52.9142028Z 
test (x86_64-unknown-linux-gnu)	Test (workspace, --lib --tests)	2026-08-10T09:50:52.9149746Z 
test (x86_64-unknown-linux-gnu)	Test (workspace, --lib --tests)	2026-08-10T09:50:52.9150028Z running 10 tests
test (x86_64-unknown-linux-gnu)	Test (workspace, --lib --tests)	2026-08-10T09:50:52.9183555Z test empty_and_missing_sets_are_empty_not_an_error ... ok
test (x86_64-unknown-linux-gnu)	Test (workspace, --lib --tests)	2026-08-10T09:50:52.9198671Z test spop_more_than_the_set_holds_empties_it ... ok
test (x86_64-unknown-linux-gnu)	Test (workspace, --lib --tests)	2026-08-10T09:50:52.9199948Z test spop_removes_what_it_returns_and_nothing_else ... ok
test (x86_64-unknown-linux-gnu)	Test (workspace, --lib --tests)	2026-08-10T09:50:52.9200726Z test spop_returns_distinct_members ... ok
test (x86_64-unknown-linux-gnu)	Test (workspace, --lib --tests)	2026-08-10T09:50:52.9201559Z test srandmember_returns_distinct_members_and_removes_none ... ok
test (x86_64-unknown-linux-gnu)	Test (workspace, --lib --tests)	2026-08-10T09:50:52.9202449Z test the_inline_encoding_is_random_and_lossless ... ok
test (x86_64-unknown-linux-gnu)	Test (workspace, --lib --tests)	2026-08-10T09:50:52.9203233Z test srandmember_across_both_regimes ... ok
test (x86_64-unknown-linux-gnu)	Test (workspace, --lib --tests)	2026-08-10T09:50:52.9203959Z test two_stores_with_identical_sets_disagree ... ok
test (x86_64-unknown-linux-gnu)	Test (workspace, --lib --tests)	2026-08-10T09:50:52.9346458Z test srandmember_does_not_return_the_same_member_forever ... ok
test (x86_64-unknown-linux-gnu)	Test (workspace, --lib --tests)	2026-08-10T09:50:52.9357088Z test spop_does_not_drain_in_the_same_order_every_time ... ok
test (x86_64-unknown-linux-gnu)	Test (workspace, --lib --tests)	2026-08-10T09:50:52.9357638Z 
test (x86_64-unknown-linux-gnu)	Test (workspace, --lib --tests)	2026-08-10T09:50:52.9358279Z test result: ok. 10 passed; 0 failed; 0 ignored; 0 measured; 0 filtered out; finished in 0.02s
test (x86_64-unknown-linux-gnu)	Test (workspace, --lib --tests)	2026-08-10T09:50:52.9358947Z 
test (x86_64-unknown-linux-gnu)	Test (workspace, --lib --tests)	2026-08-10T09:50:52.9361194Z ^[[1m^[[92m     Running^[[0m tests/spop_propagation.rs (target/x86_64-unknown-linux-gnu/debug/deps/spop_propagation-63f50ea52243dbd9)
test (x86_64-unknown-linux-gnu)	Test (workspace, --lib --tests)	2026-08-10T09:50:52.9374324Z 
test (x86_64-unknown-linux-gnu)	Test (workspace, --lib --tests)	2026-08-10T09:50:52.9374547Z running 1 test
test (x86_64-unknown-linux-gnu)	Test (workspace, --lib --tests)	2026-08-10T09:50:52.9535318Z test spop_effect_survives_aof_restart ... ok
test (x86_64-unknown-linux-gnu)	Test (workspace, --lib --tests)	2026-08-10T09:50:52.9535792Z 
test (x86_64-unknown-linux-gnu)	Test (workspace, --lib --tests)	2026-08-10T09:50:52.9536413Z test result: ok. 1 passed; 0 failed; 0 ignored; 0 measured; 0 filtered out; finished in 0.02s
test (x86_64-unknown-linux-gnu)	Test (workspace, --lib --tests)	2026-08-10T09:50:52.9537032Z 
test (x86_64-unknown-linux-gnu)	Test (workspace, --lib --tests)	2026-08-10T09:50:52.9540364Z ^[[1m^[[92m     Running^[[0m tests/srandmember_repeats.rs (target/x86_64-unknown-linux-gnu/debug/deps/srandmember_repeats-0b520a7bb8763fd1)
test (x86_64-unknown-linux-gnu)	Test (workspace, --lib --tests)	2026-08-10T09:50:52.9549523Z 
test (x86_64-unknown-linux-gnu)	Test (workspace, --lib --tests)	2026-08-10T09:50:52.9549832Z running 2 tests
test (x86_64-unknown-linux-gnu)	Test (workspace, --lib --tests)	2026-08-10T09:50:52.9551913Z test a_missing_key_is_empty_not_an_error ... ok
test (x86_64-unknown-linux-gnu)	Test (workspace, --lib --tests)	2026-08-10T09:50:52.9554316Z test srandmember_negative_count_allows_repeats ... ok
test (x86_64-unknown-linux-gnu)	Test (workspace, --lib --tests)	2026-08-10T09:50:52.9554709Z 
test (x86_64-unknown-linux-gnu)	Test (workspace, --lib --tests)	2026-08-10T09:50:52.9555516Z ^[[1m^[[92m     Running^[[0m tests/stream.rs (target/x86_64-unknown-linux-gnu/debug/deps/stream-51f3a8c2935d8ab9)
test (x86_64-unknown-linux-gnu)	Test (workspace, --lib --tests)	2026-08-10T09:50:52.9556599Z test result: ok. 2 passed; 0 failed; 0 ignored; 0 measured; 0 filtered out; finished in 0.00s
test (x86_64-unknown-linux-gnu)	Test (workspace, --lib --tests)	2026-08-10T09:50:52.9557298Z 
test (x86_64-unknown-linux-gnu)	Test (workspace, --lib --tests)	2026-08-10T09:50:52.9569855Z 
test (x86_64-unknown-linux-gnu)	Test (workspace, --lib --tests)	2026-08-10T09:50:52.9570039Z running 23 tests
test (x86_64-unknown-linux-gnu)	Test (workspace, --lib --tests)	2026-08-10T09:50:52.9648264Z test type_of_stream_key_is_stream ... ok
test (x86_64-unknown-linux-gnu)	Test (workspace, --lib --tests)	2026-08-10T09:50:52.9697240Z test xadd_explicit_id_returns_id_bulk ... ok
test (x86_64-unknown-linux-gnu)	Test (workspace, --lib --tests)	2026-08-10T09:50:52.9759084Z test xadd_explicit_must_be_strictly_increasing ... ok
test (x86_64-unknown-linux-gnu)	Test (workspace, --lib --tests)	2026-08-10T09:50:52.9805832Z test xadd_auto_id_monotonic ... ok
test (x86_64-unknown-linux-gnu)	Test (workspace, --lib --tests)	2026-08-10T09:50:52.9862209Z test xadd_nomkstream_returns_nil_when_missing ... ok
test (x86_64-unknown-linux-gnu)	Test (workspace, --lib --tests)	2026-08-10T09:50:52.9921853Z test xadd_on_wrong_type_errors ... ok
test (x86_64-unknown-linux-gnu)	Test (workspace, --lib --tests)	2026-08-10T09:50:52.9962421Z test xadd_partial_auto_seq ... ok
test (x86_64-unknown-linux-gnu)	Test (workspace, --lib --tests)	2026-08-10T09:50:53.0016387Z test xadd_with_maxlen_trims_inline ... ok
test (x86_64-unknown-linux-gnu)	Test (workspace, --lib --tests)	2026-08-10T09:50:53.0075486Z test xdel_removes_known_ids ... ok
test (x86_64-unknown-linux-gnu)	Test (workspace, --lib --tests)	2026-08-10T09:50:53.0122143Z test xlen_after_inserts ... ok
test (x86_64-unknown-linux-gnu)	Test (workspace, --lib --tests)	2026-08-10T09:50:53.0174097Z test xlen_missing_key_is_zero ... ok
test (x86_64-unknown-linux-gnu)	Test (workspace, --lib --tests)	2026-08-10T09:50:53.0231289Z test xrange_count_truncates ... ok
test (x86_64-unknown-linux-gnu)	Test (workspace, --lib --tests)	2026-08-10T09:50:53.0293408Z test xrange_inclusive_and_dash_plus ... ok
test (x86_64-unknown-linux-gnu)	Test (workspace, --lib --tests)	2026-08-10T09:50:53.0335041Z test xrange_partial_id_treats_seq_as_zero_or_max ... ok
test (x86_64-unknown-linux-gnu)	Test (workspace, --lib --tests)	2026-08-10T09:50:53.0396197Z test xread_after_specific_id_skips_earlier ... ok
test (x86_64-unknown-linux-gnu)	Test (workspace, --lib --tests)	2026-08-10T09:50:53.0475183Z test xread_count_truncates ... ok
test (x86_64-unknown-linux-gnu)	Test (workspace, --lib --tests)	2026-08-10T09:50:53.0495476Z test xread_dollar_means_only_new_entries ... ok
test (x86_64-unknown-linux-gnu)	Test (workspace, --lib --tests)	2026-08-10T09:50:53.0567294Z test xrevrange_descending ... ok
test (x86_64-unknown-linux-gnu)	Test (workspace, --lib --tests)	2026-08-10T09:50:53.0608328Z test xread_returns_entries_after_last_seen ... ok
test (x86_64-unknown-linux-gnu)	Test (workspace, --lib --tests)	2026-08-10T09:50:53.0669331Z test xread_no_entries_returns_null_array ... ok
test (x86_64-unknown-linux-gnu)	Test (workspace, --lib --tests)	2026-08-10T09:50:53.0725800Z test xsetid_bumps_clock_and_rejects_rollback ... ok
test (x86_64-unknown-linux-gnu)	Test (workspace, --lib --tests)	2026-08-10T09:50:53.0778850Z test xtrim_maxlen_drops_oldest ... ok
test (x86_64-unknown-linux-gnu)	Test (workspace, --lib --tests)	2026-08-10T09:50:53.0817374Z test xtrim_minid_drops_below_threshold ... ok
test (x86_64-unknown-linux-gnu)	Test (workspace, --lib --tests)	2026-08-10T09:50:53.0817866Z 
test (x86_64-unknown-linux-gnu)	Test (workspace, --lib --tests)	2026-08-10T09:50:53.0818444Z test result: ok. 23 passed; 0 failed; 0 ignored; 0 measured; 0 filtered out; finished in 0.12s
test (x86_64-unknown-linux-gnu)	Test (workspace, --lib --tests)	2026-08-10T09:50:53.0819015Z 
test (x86_64-unknown-linux-gnu)	Test (workspace, --lib --tests)	2026-08-10T09:50:53.0825441Z ^[[1m^[[92m     Running^[[0m tests/stream_group.rs (target/x86_64-unknown-linux-gnu/debug/deps/stream_group-7acecfa0e30eaed8)
test (x86_64-unknown-linux-gnu)	Test (workspace, --lib --tests)	2026-08-10T09:50:53.0842841Z 
test (x86_64-unknown-linux-gnu)	Test (workspace, --lib --tests)	2026-08-10T09:50:53.0843164Z running 18 tests
test (x86_64-unknown-linux-gnu)	Test (workspace, --lib --tests)	2026-08-10T09:50:53.0944270Z test xack_drops_from_pel ... ok
test (x86_64-unknown-linux-gnu)	Test (workspace, --lib --tests)	2026-08-10T09:50:53.0975874Z test xautoclaim_walks_pel_and_returns_cursor ... ok
test (x86_64-unknown-linux-gnu)	Test (workspace, --lib --tests)	2026-08-10T09:50:53.1035339Z test xclaim_transfers_ownership ... ok
test (x86_64-unknown-linux-gnu)	Test (workspace, --lib --tests)	2026-08-10T09:50:53.1088979Z test xclaim_justid_returns_id_array ... ok
test (x86_64-unknown-linux-gnu)	Test (workspace, --lib --tests)	2026-08-10T09:50:53.1135447Z test xgroup_create_at_id_returns_ok ... ok
test (x86_64-unknown-linux-gnu)	Test (workspace, --lib --tests)	2026-08-10T09:50:53.1200042Z test xgroup_create_busygroup_when_duplicate ... ok
test (x86_64-unknown-linux-gnu)	Test (workspace, --lib --tests)	2026-08-10T09:50:53.1246891Z test xgroup_create_dollar_means_current_last_id ... ok
test (x86_64-unknown-linux-gnu)	Test (workspace, --lib --tests)	2026-08-10T09:50:53.1283633Z test xgroup_create_mkstream_creates_missing_key ... ok
test (x86_64-unknown-linux-gnu)	Test (workspace, --lib --tests)	2026-08-10T09:50:53.1357270Z test xgroup_createconsumer_then_delconsumer ... ok
test (x86_64-unknown-linux-gnu)	Test (workspace, --lib --tests)	2026-08-10T09:50:53.1395812Z test xgroup_destroy_returns_one_then_zero ... ok
test (x86_64-unknown-linux-gnu)	Test (workspace, --lib --tests)	2026-08-10T09:50:53.1454297Z test xinfo_consumers_lists_after_delivery ... ok
test (x86_64-unknown-linux-gnu)	Test (workspace, --lib --tests)	2026-08-10T09:50:53.1544405Z test xinfo_stream_missing_key_errors ... ok
test (x86_64-unknown-linux-gnu)	Test (workspace, --lib --tests)	2026-08-10T09:50:53.1550731Z test xinfo_groups_lists_each_group ... ok
test (x86_64-unknown-linux-gnu)	Test (workspace, --lib --tests)	2026-08-10T09:50:53.1617843Z test xinfo_stream_reports_basic_fields ... ok
test (x86_64-unknown-linux-gnu)	Test (workspace, --lib --tests)	2026-08-10T09:50:53.1676325Z test xpending_extended_form_lists_rows ... ok
test (x86_64-unknown-linux-gnu)	Test (workspace, --lib --tests)	2026-08-10T09:50:53.1727697Z test xreadgroup_explicit_id_replays_pel ... ok
test (x86_64-unknown-linux-gnu)	Test (workspace, --lib --tests)	2026-08-10T09:50:53.1777234Z test xreadgroup_noack_skips_pel ... ok
test (x86_64-unknown-linux-gnu)	Test (workspace, --lib --tests)	2026-08-10T09:50:53.1821800Z test xreadgroup_with_new_returns_unread_and_grows_pel ... ok
test (x86_64-unknown-linux-gnu)	Test (workspace, --lib --tests)	2026-08-10T09:50:53.1822318Z 
test (x86_64-unknown-linux-gnu)	Test (workspace, --lib --tests)	2026-08-10T09:50:53.1822742Z test result: ok. 18 passed; 0 failed; 0 ignored; 0 measured; 0 filtered out; finished in 0.10s
test (x86_64-unknown-linux-gnu)	Test (workspace, --lib --tests)	2026-08-10T09:50:53.1823322Z 
test (x86_64-unknown-linux-gnu)	Test (workspace, --lib --tests)	2026-08-10T09:50:53.1830804Z ^[[1m^[[92m     Running^[[0m tests/table_e2e.rs (target/x86_64-unknown-linux-gnu/debug/deps/table_e2e-3553d243cec2e8f0)
test (x86_64-unknown-linux-gnu)	Test (workspace, --lib --tests)	2026-08-10T09:50:53.1849614Z 
test (x86_64-unknown-linux-gnu)	Test (workspace, --lib --tests)	2026-08-10T09:50:53.1849780Z running 13 tests
test (x86_64-unknown-linux-gnu)	Test (workspace, --lib --tests)	2026-08-10T09:50:53.4421529Z test ensure_and_replace_are_the_boot_verbs ... ok
test (x86_64-unknown-linux-gnu)	Test (workspace, --lib --tests)	2026-08-10T09:50:53.6621493Z test c2_table_verify_clean_after_declare_and_writes ... ok
test (x86_64-unknown-linux-gnu)	Test (workspace, --lib --tests)	2026-08-10T09:50:54.1676089Z test r10_optimistic_lock_via_watch_multi_exec ... ok
test (x86_64-unknown-linux-gnu)	Test (workspace, --lib --tests)	2026-08-10T09:50:54.4277877Z test r11_uniqueness_sequence_and_soft_delete_recipes ... ok
test (x86_64-unknown-linux-gnu)	Test (workspace, --lib --tests)	2026-08-10T09:50:54.6470475Z test r1_declare_round_trip_and_compiled_paths ... ok
test (x86_64-unknown-linux-gnu)	Test (workspace, --lib --tests)	2026-08-10T09:50:54.9907031Z test r2_r3_r4_point_range_compose_and_residual_filter ... ok
test (x86_64-unknown-linux-gnu)	Test (workspace, --lib --tests)	2026-08-10T09:50:55.2089059Z test r5_order_by_single_and_composite_orderpath ... ok
test (x86_64-unknown-linux-gnu)	Test (workspace, --lib --tests)	2026-08-10T09:50:55.4099352Z test r6_limit_offset_two_pages_do_not_overlap ... ok
test (x86_64-unknown-linux-gnu)	Test (workspace, --lib --tests)	2026-08-10T09:50:55.6801846Z test r7_count_and_the_agg_kind_is_a_named_refusal ... ok
test (x86_64-unknown-linux-gnu)	Test (workspace, --lib --tests)	2026-08-10T09:50:55.8305428Z test r8_via_lookup_over_a_compiled_index_unchanged ... ok
test (x86_64-unknown-linux-gnu)	Test (workspace, --lib --tests)	2026-08-10T09:50:56.2316042Z test d2_fully_cold_table_index_only_queries_pay_zero_cold_reads ... ok
test (x86_64-unknown-linux-gnu)	Test (workspace, --lib --tests)	2026-08-10T09:50:56.2927805Z test r9_c3_the_refusal_surface_errors_by_name ... ok
test (x86_64-unknown-linux-gnu)	Test (workspace, --lib --tests)	2026-08-10T09:50:56.7562908Z test c6_index_only_queries_touch_zero_cold_rows ... ok
test (x86_64-unknown-linux-gnu)	Test (workspace, --lib --tests)	2026-08-10T09:50:56.7563249Z 
test (x86_64-unknown-linux-gnu)	Test (workspace, --lib --tests)	2026-08-10T09:50:56.7563542Z test result: ok. 13 passed; 0 failed; 0 ignored; 0 measured; 0 filtered out; finished in 3.57s
test (x86_64-unknown-linux-gnu)	Test (workspace, --lib --tests)	2026-08-10T09:50:56.7563921Z 
test (x86_64-unknown-linux-gnu)	Test (workspace, --lib --tests)	2026-08-10T09:50:56.7597239Z ^[[1m^[[92m     Running^[[0m tests/text_global_bm25.rs (target/x86_64-unknown-linux-gnu/debug/deps/text_global_bm25-3781f960609b3d95)
test (x86_64-unknown-linux-gnu)	Test (workspace, --lib --tests)	2026-08-10T09:50:56.7613594Z 
test (x86_64-unknown-linux-gnu)	Test (workspace, --lib --tests)	2026-08-10T09:50:56.7613788Z running 2 tests
test (x86_64-unknown-linux-gnu)	Test (workspace, --lib --tests)	2026-08-10T09:50:57.4821123Z test match_with_fields_hydrates_across_shards ... ok
test (x86_64-unknown-linux-gnu)	Test (workspace, --lib --tests)	2026-08-10T09:50:58.2272412Z test match_ranking_is_shard_invariant ... ok
test (x86_64-unknown-linux-gnu)	Test (workspace, --lib --tests)	2026-08-10T09:50:58.2272865Z 
test (x86_64-unknown-linux-gnu)	Test (workspace, --lib --tests)	2026-08-10T09:50:58.2273269Z test result: ok. 2 passed; 0 failed; 0 ignored; 0 measured; 0 filtered out; finished in 1.47s
test (x86_64-unknown-linux-gnu)	Test (workspace, --lib --tests)	2026-08-10T09:50:58.2273663Z 
test (x86_64-unknown-linux-gnu)	Test (workspace, --lib --tests)	2026-08-10T09:50:58.2284189Z ^[[1m^[[92m     Running^[[0m tests/tier_hydration.rs (target/x86_64-unknown-linux-gnu/debug/deps/tier_hydration-9ab5cc0940afabe9)
test (x86_64-unknown-linux-gnu)	Test (workspace, --lib --tests)	2026-08-10T09:50:58.2299750Z 
test (x86_64-unknown-linux-gnu)	Test (workspace, --lib --tests)	2026-08-10T09:50:58.2299995Z running 1 test
test (x86_64-unknown-linux-gnu)	Test (workspace, --lib --tests)	2026-08-10T09:51:04.1540582Z test cold_table_digest_backfill_and_hydration_match_the_hot_twin ... ok
test (x86_64-unknown-linux-gnu)	Test (workspace, --lib --tests)	2026-08-10T09:51:04.1541001Z 
test (x86_64-unknown-linux-gnu)	Test (workspace, --lib --tests)	2026-08-10T09:51:04.1541278Z test result: ok. 1 passed; 0 failed; 0 ignored; 0 measured; 0 filtered out; finished in 5.92s
test (x86_64-unknown-linux-gnu)	Test (workspace, --lib --tests)	2026-08-10T09:51:04.1541677Z 
test (x86_64-unknown-linux-gnu)	Test (workspace, --lib --tests)	2026-08-10T09:51:04.1561462Z ^[[1m^[[92m     Running^[[0m tests/time_bounds_e2e.rs (target/x86_64-unknown-linux-gnu/debug/deps/time_bounds_e2e-f54632afa6abc95a)
test (x86_64-unknown-linux-gnu)	Test (workspace, --lib --tests)	2026-08-10T09:51:04.1576975Z 
test (x86_64-unknown-linux-gnu)	Test (workspace, --lib --tests)	2026-08-10T09:51:04.1577140Z running 1 test
test (x86_64-unknown-linux-gnu)	Test (workspace, --lib --tests)	2026-08-10T09:51:04.2714276Z test at_expressions_answer_like_their_hand_computed_bounds ... ok
test (x86_64-unknown-linux-gnu)	Test (workspace, --lib --tests)	2026-08-10T09:51:04.2714808Z 
test (x86_64-unknown-linux-gnu)	Test (workspace, --lib --tests)	2026-08-10T09:51:04.2715221Z test result: ok. 1 passed; 0 failed; 0 ignored; 0 measured; 0 filtered out; finished in 0.11s
test (x86_64-unknown-linux-gnu)	Test (workspace, --lib --tests)	2026-08-10T09:51:04.2715767Z 
test (x86_64-unknown-linux-gnu)	Test (workspace, --lib --tests)	2026-08-10T09:51:04.2720846Z ^[[1m^[[92m     Running^[[0m tests/uds_readiness_reactor.rs (target/x86_64-unknown-linux-gnu/debug/deps/uds_readiness_reactor-4cd171f2b78cc282)
test (x86_64-unknown-linux-gnu)	Test (workspace, --lib --tests)	2026-08-10T09:51:04.2731332Z 
test (x86_64-unknown-linux-gnu)	Test (workspace, --lib --tests)	2026-08-10T09:51:04.2731604Z running 2 tests
test (x86_64-unknown-linux-gnu)	Test (workspace, --lib --tests)	2026-08-10T09:51:04.3750377Z test the_unix_socket_answers_on_the_readiness_reactor ... ok
test (x86_64-unknown-linux-gnu)	Test (workspace, --lib --tests)	2026-08-10T09:51:04.3753387Z test a_write_through_the_unix_socket_reads_back ... ok
test (x86_64-unknown-linux-gnu)	Test (workspace, --lib --tests)	2026-08-10T09:51:04.3753898Z 
test (x86_64-unknown-linux-gnu)	Test (workspace, --lib --tests)	2026-08-10T09:51:04.3754242Z test result: ok. 2 passed; 0 failed; 0 ignored; 0 measured; 0 filtered out; finished in 0.10s
test (x86_64-unknown-linux-gnu)	Test (workspace, --lib --tests)	2026-08-10T09:51:04.3754673Z 
test (x86_64-unknown-linux-gnu)	Test (workspace, --lib --tests)	2026-08-10T09:51:04.3755307Z ^[[1m^[[92m     Running^[[0m tests/view_e2e.rs (target/x86_64-unknown-linux-gnu/debug/deps/view_e2e-4a43677f656483af)
test (x86_64-unknown-linux-gnu)	Test (workspace, --lib --tests)	2026-08-10T09:51:04.3771582Z 
test (x86_64-unknown-linux-gnu)	Test (workspace, --lib --tests)	2026-08-10T09:51:04.3771859Z running 3 tests
test (x86_64-unknown-linux-gnu)	Test (workspace, --lib --tests)	2026-08-10T09:51:04.8418665Z test materialized_topk_desc_maintenance ... ok
test (x86_64-unknown-linux-gnu)	Test (workspace, --lib --tests)	2026-08-10T09:51:04.9697485Z test via_hydration_two_phase ... ok
test (x86_64-unknown-linux-gnu)	Test (workspace, --lib --tests)	2026-08-10T09:51:05.0927073Z test virtual_view_query_order_cursor ... ok
test (x86_64-unknown-linux-gnu)	Test (workspace, --lib --tests)	2026-08-10T09:51:05.0927549Z 
test (x86_64-unknown-linux-gnu)	Test (workspace, --lib --tests)	2026-08-10T09:51:05.0927996Z test result: ok. 3 passed; 0 failed; 0 ignored; 0 measured; 0 filtered out; finished in 0.72s
test (x86_64-unknown-linux-gnu)	Test (workspace, --lib --tests)	2026-08-10T09:51:05.0928607Z 
test (x86_64-unknown-linux-gnu)	Test (workspace, --lib --tests)	2026-08-10T09:51:05.0944356Z ^[[1m^[[92m     Running^[[0m tests/watch.rs (target/x86_64-unknown-linux-gnu/debug/deps/watch-2ff5f7ed3beda8f4)
test (x86_64-unknown-linux-gnu)	Test (workspace, --lib --tests)	2026-08-10T09:51:05.0960635Z 
test (x86_64-unknown-linux-gnu)	Test (workspace, --lib --tests)	2026-08-10T09:51:05.0960814Z running 16 tests
test (x86_64-unknown-linux-gnu)	Test (workspace, --lib --tests)	2026-08-10T09:51:05.1037280Z test discard_clears_watched_set ... ok
test (x86_64-unknown-linux-gnu)	Test (workspace, --lib --tests)	2026-08-10T09:51:05.1188141Z test too_few_args_in_multi_aborts_exec ... ok
test (x86_64-unknown-linux-gnu)	Test (workspace, --lib --tests)	2026-08-10T09:51:05.1245676Z test unknown_command_in_multi_aborts_exec ... ok
test (x86_64-unknown-linux-gnu)	Test (workspace, --lib --tests)	2026-08-10T09:51:05.1308170Z test unwatch_clears_watched_set ... ok
test (x86_64-unknown-linux-gnu)	Test (workspace, --lib --tests)	2026-08-10T09:51:05.1344311Z test watch_inside_multi_is_an_error ... ok
test (x86_64-unknown-linux-gnu)	Test (workspace, --lib --tests)	2026-08-10T09:51:05.1467020Z test watch_many_keys_cross_shard_stomp_aborts ... ok
test (x86_64-unknown-linux-gnu)	Test (workspace, --lib --tests)	2026-08-10T09:51:05.1533886Z test watch_no_stomp_then_exec_commits ... ok
test (x86_64-unknown-linux-gnu)	Test (workspace, --lib --tests)	2026-08-10T09:51:05.1574202Z test exec_after_watch_with_multi_cmd_queue ... ok
test (x86_64-unknown-linux-gnu)	Test (workspace, --lib --tests)	2026-08-10T09:51:05.1603019Z test watch_then_concurrent_write_aborts ... ok
test (x86_64-unknown-linux-gnu)	Test (workspace, --lib --tests)	2026-08-10T09:51:05.1624181Z test pipelined_command_after_exec_is_unaffected ... ok
test (x86_64-unknown-linux-gnu)	Test (workspace, --lib --tests)	2026-08-10T09:51:05.1658123Z test watch_then_exec_clean_commits ... ok
test (x86_64-unknown-linux-gnu)	Test (workspace, --lib --tests)	2026-08-10T09:51:05.1893935Z test watch_many_keys_cross_shard_clean_commits ... ok
test (x86_64-unknown-linux-gnu)	Test (workspace, --lib --tests)	2026-08-10T09:51:05.2248807Z test watched_exec_with_queued_multi_target_del ... ok
test (x86_64-unknown-linux-gnu)	Test (workspace, --lib --tests)	2026-08-10T09:51:05.2303759Z test watched_exec_with_queued_publish_emits_error_placeholder ... ok
test (x86_64-unknown-linux-gnu)	Test (workspace, --lib --tests)	2026-08-10T09:51:05.2455570Z test watched_exec_with_queued_unwatch_is_ok_noop ... ok
test (x86_64-unknown-linux-gnu)	Test (workspace, --lib --tests)	2026-08-10T09:51:15.5936099Z test watched_exec_quit_inside_multi_closes_after_drain ... ok
test (x86_64-unknown-linux-gnu)	Test (workspace, --lib --tests)	2026-08-10T09:51:15.5936773Z 
test (x86_64-unknown-linux-gnu)	Test (workspace, --lib --tests)	2026-08-10T09:51:15.5937298Z test result: ok. 16 passed; 0 failed; 0 ignored; 0 measured; 0 filtered out; finished in 10.50s
test (x86_64-unknown-linux-gnu)	Test (workspace, --lib --tests)	2026-08-10T09:51:15.5937983Z 
test (x86_64-unknown-linux-gnu)	Test (workspace, --lib --tests)	2026-08-10T09:51:15.5950806Z ^[[1m^[[92m     Running^[[0m tests/window_orderpath_e2e.rs (target/x86_64-unknown-linux-gnu/debug/deps/window_orderpath_e2e-9f4c7f82a6d7b5bf)
test (x86_64-unknown-linux-gnu)	Test (workspace, --lib --tests)	2026-08-10T09:51:15.5966011Z 
test (x86_64-unknown-linux-gnu)	Test (workspace, --lib --tests)	2026-08-10T09:51:15.5966173Z running 2 tests
test (x86_64-unknown-linux-gnu)	Test (workspace, --lib --tests)	2026-08-10T09:51:15.7107173Z test orderpath_only_window_slides_rows_and_serves ... ok
test (x86_64-unknown-linux-gnu)	Test (workspace, --lib --tests)	2026-08-10T09:51:15.7291535Z test windowed_orderpath_answers_byte_identically_to_the_control ... ok
test (x86_64-unknown-linux-gnu)	Test (workspace, --lib --tests)	2026-08-10T09:51:15.7291982Z 
test (x86_64-unknown-linux-gnu)	Test (workspace, --lib --tests)	2026-08-10T09:51:15.7292307Z test result: ok. 2 passed; 0 failed; 0 ignored; 0 measured; 0 filtered out; finished in 0.13s
test (x86_64-unknown-linux-gnu)	Test (workspace, --lib --tests)	2026-08-10T09:51:15.7292760Z 
test (x86_64-unknown-linux-gnu)	Test (workspace, --lib --tests)	2026-08-10T09:51:15.7299064Z ^[[1m^[[92m     Running^[[0m tests/window_scalar_e2e.rs (target/x86_64-unknown-linux-gnu/debug/deps/window_scalar_e2e-31be1667aa54d834)
test (x86_64-unknown-linux-gnu)	Test (workspace, --lib --tests)	2026-08-10T09:51:15.7314736Z 
test (x86_64-unknown-linux-gnu)	Test (workspace, --lib --tests)	2026-08-10T09:51:15.7314923Z running 1 test
test (x86_64-unknown-linux-gnu)	Test (workspace, --lib --tests)	2026-08-10T09:51:15.8751747Z test windowed_index_answers_byte_identically_to_the_control ... ok
test (x86_64-unknown-linux-gnu)	Test (workspace, --lib --tests)	2026-08-10T09:51:15.8752212Z 
test (x86_64-unknown-linux-gnu)	Test (workspace, --lib --tests)	2026-08-10T09:51:15.8752477Z test result: ok. 1 passed; 0 failed; 0 ignored; 0 measured; 0 filtered out; finished in 0.14s
test (x86_64-unknown-linux-gnu)	Test (workspace, --lib --tests)	2026-08-10T09:51:15.8752838Z 
test (x86_64-unknown-linux-gnu)	Test (workspace, --lib --tests)	2026-08-10T09:51:15.8757592Z ^[[1m^[[92m     Running^[[0m tests/window_text_e2e.rs (target/x86_64-unknown-linux-gnu/debug/deps/window_text_e2e-b62bae401f677714)
test (x86_64-unknown-linux-gnu)	Test (workspace, --lib --tests)	2026-08-10T09:51:15.8773582Z 
test (x86_64-unknown-linux-gnu)	Test (workspace, --lib --tests)	2026-08-10T09:51:15.8773865Z running 1 test
test (x86_64-unknown-linux-gnu)	Test (workspace, --lib --tests)	2026-08-10T09:51:16.2287857Z test cold_text_answers_byte_identically_to_the_control ... ok
test (x86_64-unknown-linux-gnu)	Test (workspace, --lib --tests)	2026-08-10T09:51:16.2288509Z 
test (x86_64-unknown-linux-gnu)	Test (workspace, --lib --tests)	2026-08-10T09:51:16.2288999Z test result: ok. 1 passed; 0 failed; 0 ignored; 0 measured; 0 filtered out; finished in 0.35s
test (x86_64-unknown-linux-gnu)	Test (workspace, --lib --tests)	2026-08-10T09:51:16.2289934Z 
test (x86_64-unknown-linux-gnu)	Test (workspace, --lib --tests)	2026-08-10T09:51:16.2294691Z ^[[1m^[[92m     Running^[[0m tests/wire_torture_chaos.rs (target/x86_64-unknown-linux-gnu/debug/deps/wire_torture_chaos-7eb1d8569c8aff55)
test (x86_64-unknown-linux-gnu)	Test (workspace, --lib --tests)	2026-08-10T09:51:16.2305723Z 
test (x86_64-unknown-linux-gnu)	Test (workspace, --lib --tests)	2026-08-10T09:51:16.2305965Z running 3 tests
test (x86_64-unknown-linux-gnu)	Test (workspace, --lib --tests)	2026-08-10T09:51:16.2307368Z test wire_torture_live_kevy_pathological_frames ... ignored, chaos test — opt-in via --ignored, needs `cargo build --release -p kevy` first
test (x86_64-unknown-linux-gnu)	Test (workspace, --lib --tests)	2026-08-10T09:51:16.2309530Z ^[[1m^[[92m     Running^[[0m tests/xread_gather.rs (target/x86_64-unknown-linux-gnu/debug/deps/xread_gather-d85532960dcf67bf)
test (x86_64-unknown-linux-gnu)	Test (workspace, --lib --tests)	2026-08-10T09:51:16.2311357Z test wire_torture_parser_fuzz_1m ... ignored, chaos test — opt-in via --ignored, needs `cargo build --release -p kevy` first
test (x86_64-unknown-linux-gnu)	Test (workspace, --lib --tests)	2026-08-10T09:51:16.2312982Z test wire_torture_strategy_coverage ... ignored, chaos test — opt-in via --ignored, needs `cargo build --release -p kevy` first
test (x86_64-unknown-linux-gnu)	Test (workspace, --lib --tests)	2026-08-10T09:51:16.2313600Z 
test (x86_64-unknown-linux-gnu)	Test (workspace, --lib --tests)	2026-08-10T09:51:16.2313918Z test result: ok. 0 passed; 0 failed; 3 ignored; 0 measured; 0 filtered out; finished in 0.00s
test (x86_64-unknown-linux-gnu)	Test (workspace, --lib --tests)	2026-08-10T09:51:16.2314372Z 
test (x86_64-unknown-linux-gnu)	Test (workspace, --lib --tests)	2026-08-10T09:51:16.2323319Z 
test (x86_64-unknown-linux-gnu)	Test (workspace, --lib --tests)	2026-08-10T09:51:16.2323484Z running 9 tests
test (x86_64-unknown-linux-gnu)	Test (workspace, --lib --tests)	2026-08-10T09:51:16.2897171Z test bare_xreadgroup_does_not_panic_shard ... ok
test (x86_64-unknown-linux-gnu)	Test (workspace, --lib --tests)	2026-08-10T09:51:16.3460181Z test xread_multistream_all_empty_is_nil ... ok
test (x86_64-unknown-linux-gnu)	Test (workspace, --lib --tests)	2026-08-10T09:51:16.4024562Z test xread_multistream_count_is_honoured_per_stream ... ok
test (x86_64-unknown-linux-gnu)	Test (workspace, --lib --tests)	2026-08-10T09:51:16.4585102Z test xread_multistream_crossshard_returns_all_in_order ... ok
test (x86_64-unknown-linux-gnu)	Test (workspace, --lib --tests)	2026-08-10T09:51:16.5138891Z test xread_multistream_skips_empty_streams ... ok
test (x86_64-unknown-linux-gnu)	Test (workspace, --lib --tests)	2026-08-10T09:51:16.6243239Z test xreadgroup_gather_pel_survives_aof_restart ... ok
test (x86_64-unknown-linux-gnu)	Test (workspace, --lib --tests)	2026-08-10T09:51:16.6820955Z test xreadgroup_group_named_streams_routes_correct_key ... ok
test (x86_64-unknown-linux-gnu)	Test (workspace, --lib --tests)	2026-08-10T09:51:16.7378315Z test xreadgroup_multistream_crossshard_returns_all_streams ... ok
test (x86_64-unknown-linux-gnu)	Test (workspace, --lib --tests)	2026-08-10T09:51:16.7950799Z test xreadgroup_multistream_missing_group_errors ... ok
test (x86_64-unknown-linux-gnu)	Test (workspace, --lib --tests)	2026-08-10T09:51:16.7951354Z 
test (x86_64-unknown-linux-gnu)	Test (workspace, --lib --tests)	2026-08-10T09:51:16.7951694Z test result: ok. 9 passed; 0 failed; 0 ignored; 0 measured; 0 filtered out; finished in 0.56s
test (x86_64-unknown-linux-gnu)	Test (workspace, --lib --tests)	2026-08-10T09:51:16.7952161Z 
test (x86_64-unknown-linux-gnu)	Test (workspace, --lib --tests)	2026-08-10T09:51:16.7959342Z ^[[1m^[[92m     Running^[[0m tests/zalgebra_cross_shard.rs (target/x86_64-unknown-linux-gnu/debug/deps/zalgebra_cross_shard-13a7456c8e88ac4b)
test (x86_64-unknown-linux-gnu)	Test (workspace, --lib --tests)	2026-08-10T09:51:16.7975226Z 
test (x86_64-unknown-linux-gnu)	Test (workspace, --lib --tests)	2026-08-10T09:51:16.7975398Z running 5 tests
test (x86_64-unknown-linux-gnu)	Test (workspace, --lib --tests)	2026-08-10T09:51:16.8625583Z test set_store_family_cross_shard ... ok
test (x86_64-unknown-linux-gnu)	Test (workspace, --lib --tests)	2026-08-10T09:51:16.9266917Z test zalgebra_survives_restart_via_effect_aof ... ok
test (x86_64-unknown-linux-gnu)	Test (workspace, --lib --tests)	2026-08-10T09:51:16.9903854Z test zdiffstore_zintercard_and_errors ... ok
test (x86_64-unknown-linux-gnu)	Test (workspace, --lib --tests)	2026-08-10T09:51:17.0002963Z test zinterstore_cross_shard_weights_aggregate ... ok
test (x86_64-unknown-linux-gnu)	Test (workspace, --lib --tests)	2026-08-10T09:51:17.0076530Z test zunionstore_with_plain_set_and_overwrite ... ok
test (x86_64-unknown-linux-gnu)	Test (workspace, --lib --tests)	2026-08-10T09:51:17.0077113Z 
test (x86_64-unknown-linux-gnu)	Test (workspace, --lib --tests)	2026-08-10T09:51:17.0077646Z test result: ok. 5 passed; 0 failed; 0 ignored; 0 measured; 0 filtered out; finished in 0.21s
test (x86_64-unknown-linux-gnu)	Test (workspace, --lib --tests)	2026-08-10T09:51:17.0078145Z 
test (x86_64-unknown-linux-gnu)	Test (workspace, --lib --tests)	2026-08-10T09:51:17.0109851Z ^[[1m^[[92m     Running^[[0m tests/zrank_scales.rs (target/x86_64-unknown-linux-gnu/debug/deps/zrank_scales-f960924dcc661bc2)
test (x86_64-unknown-linux-gnu)	Test (workspace, --lib --tests)	2026-08-10T09:51:17.0121048Z 
test (x86_64-unknown-linux-gnu)	Test (workspace, --lib --tests)	2026-08-10T09:51:17.0121189Z running 3 tests
test (x86_64-unknown-linux-gnu)	Test (workspace, --lib --tests)	2026-08-10T09:51:17.0124791Z test zpopmin_below_keeps_exact_semantics ... ok
test (x86_64-unknown-linux-gnu)	Test (workspace, --lib --tests)	2026-08-10T09:51:17.1290350Z test rank_range_count_agree_with_oracle_through_churn ... ok
test (x86_64-unknown-linux-gnu)	Test (workspace, --lib --tests)	2026-08-10T09:51:17.2535956Z test zrank_cost_does_not_scale_linearly ... ok
test (x86_64-unknown-linux-gnu)	Test (workspace, --lib --tests)	2026-08-10T09:51:17.2536552Z 
test (x86_64-unknown-linux-gnu)	Test (workspace, --lib --tests)	2026-08-10T09:51:17.2537069Z test result: ok. 3 passed; 0 failed; 0 ignored; 0 measured; 0 filtered out; finished in 0.24s
test (x86_64-unknown-linux-gnu)	Test (workspace, --lib --tests)	2026-08-10T09:51:17.2537761Z 
test (x86_64-unknown-linux-gnu)	Test (workspace, --lib --tests)	2026-08-10T09:51:17.2543347Z ^[[1m^[[92m     Running^[[0m unittests src/lib.rs (target/x86_64-unknown-linux-gnu/debug/deps/kevy_alloc-7a946cc043407e0a)
test (x86_64-unknown-linux-gnu)	Test (workspace, --lib --tests)	2026-08-10T09:51:17.2554308Z 
test (x86_64-unknown-linux-gnu)	Test (workspace, --lib --tests)	2026-08-10T09:51:17.2554459Z running 38 tests
test (x86_64-unknown-linux-gnu)	Test (workspace, --lib --tests)	2026-08-10T09:51:17.2558282Z test class::tests::classes_ascend_and_are_natively_aligned ... ok
test (x86_64-unknown-linux-gnu)	Test (workspace, --lib --tests)	2026-08-10T09:51:17.2559719Z test class::tests::every_span_holds_at_least_a_few_slots ... ok
test (x86_64-unknown-linux-gnu)	Test (workspace, --lib --tests)	2026-08-10T09:51:17.2561068Z test class::tests::requests_off_the_class_path_have_no_class ... ok
test (x86_64-unknown-linux-gnu)	Test (workspace, --lib --tests)	2026-08-10T09:51:17.2571020Z test class::tests::the_rounding_bound_is_relative_above_128_and_absolute_below ... ok
test (x86_64-unknown-linux-gnu)	Test (workspace, --lib --tests)	2026-08-10T09:51:17.2572292Z test large::pool_tests::the_pool_holds_a_teardown_burst_and_refuses_any_giant ... ok
test (x86_64-unknown-linux-gnu)	Test (workspace, --lib --tests)	2026-08-10T09:51:17.2573551Z test pagemap::tests::a_freed_low_slot_is_taken_before_a_higher_hole ... ok
test (x86_64-unknown-linux-gnu)	Test (workspace, --lib --tests)	2026-08-10T09:51:17.2574771Z test pagemap::tests::allocation_is_lowest_first_and_exhausts_exactly ... ok
test (x86_64-unknown-linux-gnu)	Test (workspace, --lib --tests)	2026-08-10T09:51:17.2575887Z test pagemap::tests::claim_respects_the_capacity_edge ... ok
test (x86_64-unknown-linux-gnu)	Test (workspace, --lib --tests)	2026-08-10T09:51:17.2576996Z test pagemap::tests::claim_takes_the_lowest_holed_word_and_retire_reverses_it ... ok
test (x86_64-unknown-linux-gnu)	Test (workspace, --lib --tests)	2026-08-10T09:51:17.2578156Z test class::tests::lookup_picks_the_smallest_class_that_fits ... ok
test (x86_64-unknown-linux-gnu)	Test (workspace, --lib --tests)	2026-08-10T09:51:17.2580074Z test pagemap::tests::range_has_live_sees_across_word_boundaries ... ok
test (x86_64-unknown-linux-gnu)	Test (workspace, --lib --tests)	2026-08-10T09:51:17.2581072Z test segment::tests::geometry_is_maskable ... ok
test (x86_64-unknown-linux-gnu)	Test (workspace, --lib --tests)	2026-08-10T09:51:17.2581964Z test pagemap::tests::page_and_slot_maps_are_inverses ... ok
test (x86_64-unknown-linux-gnu)	Test (workspace, --lib --tests)	2026-08-10T09:51:17.2582926Z test segment::tests::the_bitmap_header_still_fits_its_span ... ok
test (x86_64-unknown-linux-gnu)	Test (workspace, --lib --tests)	2026-08-10T09:51:17.2583955Z test segment::tests::the_header_fits_inside_the_span_it_occupies ... ok
test (x86_64-unknown-linux-gnu)	Test (workspace, --lib --tests)	2026-08-10T09:51:17.2584857Z test stats::tests::an_empty_heap_balances ... ok
test (x86_64-unknown-linux-gnu)	Test (workspace, --lib --tests)	2026-08-10T09:51:17.2586178Z test stats::tests::an_imbalance_is_visible ... ok
test (x86_64-unknown-linux-gnu)	Test (workspace, --lib --tests)	2026-08-10T09:51:17.2586946Z test stats::tests::merge_is_additive_in_every_term ... ok
test (x86_64-unknown-linux-gnu)	Test (workspace, --lib --tests)	2026-08-10T09:51:17.2592334Z test class::tests::sixteen_byte_alignment_is_served_by_class_choice ... ok
test (x86_64-unknown-linux-gnu)	Test (workspace, --lib --tests)	2026-08-10T09:51:17.2593435Z test tests::a_foreign_free_leaves_the_owner_balanced_before_and_after_draining ... ok
test (x86_64-unknown-linux-gnu)	Test (workspace, --lib --tests)	2026-08-10T09:51:17.2594783Z test tests::a_freed_slot_comes_back ... ok
test (x86_64-unknown-linux-gnu)	Test (workspace, --lib --tests)	2026-08-10T09:51:17.2600168Z test tests::a_round_trip_leaves_nothing_live ... ok
test (x86_64-unknown-linux-gnu)	Test (workspace, --lib --tests)	2026-08-10T09:51:17.2601522Z test tests::claims_span_words_and_never_strand_occupancy ... ok
test (x86_64-unknown-linux-gnu)	Test (workspace, --lib --tests)	2026-08-10T09:51:17.2602053Z test tests::claimed_word_recycles_locally_and_retires_honestly ... ok
test (x86_64-unknown-linux-gnu)	Test (workspace, --lib --tests)	2026-08-10T09:51:17.2602567Z test tests::large_requests_bypass_the_classes ... ok
test (x86_64-unknown-linux-gnu)	Test (workspace, --lib --tests)	2026-08-10T09:51:17.2640012Z test tests::m6_an_exhausted_class_refuses_instead_of_handing_back_a_wild_pointer ... ok
test (x86_64-unknown-linux-gnu)	Test (workspace, --lib --tests)	2026-08-10T09:51:17.2669718Z test tests::m4_emptied_spans_have_their_pages_returned ... ok
test (x86_64-unknown-linux-gnu)	Test (workspace, --lib --tests)	2026-08-10T09:51:17.2680687Z test tests::slots_are_distinct_and_usable ... ok
test (x86_64-unknown-linux-gnu)	Test (workspace, --lib --tests)	2026-08-10T09:51:17.2687582Z test tests::spans_are_page_multiples_so_discard_is_legal ... ok
test (x86_64-unknown-linux-gnu)	Test (workspace, --lib --tests)	2026-08-10T09:51:17.2690357Z test tests::spans_with_room_are_reused_before_new_ones_are_claimed ... ok
test (x86_64-unknown-linux-gnu)	Test (workspace, --lib --tests)	2026-08-10T09:51:17.2691877Z test tests::spliced_chains_from_two_freeing_heaps_arrive_complete ... ok
test (x86_64-unknown-linux-gnu)	Test (workspace, --lib --tests)	2026-08-10T09:51:17.2700442Z test tests::reclaimed_spans_are_reusable_and_start_clean ... ok
test (x86_64-unknown-linux-gnu)	Test (workspace, --lib --tests)	2026-08-10T09:51:17.2701534Z test tests::v2_densification_migrates_free_space_into_whole_pages ... ok
test (x86_64-unknown-linux-gnu)	Test (workspace, --lib --tests)	2026-08-10T09:51:17.2702528Z test tests::v2_pages_return_while_the_span_still_lives ... ok
test (x86_64-unknown-linux-gnu)	Test (workspace, --lib --tests)	2026-08-10T09:51:17.2714757Z test tests::the_identity_holds_across_a_churn ... ok
test (x86_64-unknown-linux-gnu)	Test (workspace, --lib --tests)	2026-08-10T09:51:17.2798631Z test tests::v2_the_kernel_reclaims_pages_from_spans_with_survivors ... ok
test (x86_64-unknown-linux-gnu)	Test (workspace, --lib --tests)	2026-08-10T09:51:17.3103386Z test tests::m4_the_kernel_agrees_that_pages_came_back ... ok
test (x86_64-unknown-linux-gnu)	Test (workspace, --lib --tests)	2026-08-10T09:51:17.3589820Z test class::tests::the_reciprocal_agrees_with_division_everywhere ... ok
test (x86_64-unknown-linux-gnu)	Test (workspace, --lib --tests)	2026-08-10T09:51:17.3590278Z 
test (x86_64-unknown-linux-gnu)	Test (workspace, --lib --tests)	2026-08-10T09:51:17.3590803Z test result: ok. 38 passed; 0 failed; 0 ignored; 0 measured; 0 filtered out; finished in 0.10s
test (x86_64-unknown-linux-gnu)	Test (workspace, --lib --tests)	2026-08-10T09:51:17.3591156Z 
test (x86_64-unknown-linux-gnu)	Test (workspace, --lib --tests)	2026-08-10T09:51:17.3594747Z ^[[1m^[[92m     Running^[[0m unittests src/lib.rs (target/x86_64-unknown-linux-gnu/debug/deps/kevy_bench-7a1ae2c405f9f4b9)
test (x86_64-unknown-linux-gnu)	Test (workspace, --lib --tests)	2026-08-10T09:51:17.3605963Z 
test (x86_64-unknown-linux-gnu)	Test (workspace, --lib --tests)	2026-08-10T09:51:17.3606247Z running 3 tests
test (x86_64-unknown-linux-gnu)	Test (workspace, --lib --tests)	2026-08-10T09:51:17.3608889Z test tests::compare_returns_ratio ... ok
test (x86_64-unknown-linux-gnu)	Test (workspace, --lib --tests)	2026-08-10T09:51:17.3610280Z test tests::time_median_nonzero ... ok
test (x86_64-unknown-linux-gnu)	Test (workspace, --lib --tests)	2026-08-10T09:51:17.3612774Z test tests::bench_runs_and_orders_stats ... ok
test (x86_64-unknown-linux-gnu)	Test (workspace, --lib --tests)	2026-08-10T09:51:17.3613375Z 
test (x86_64-unknown-linux-gnu)	Test (workspace, --lib --tests)	2026-08-10T09:51:17.3613934Z test result: ok. 3 passed; 0 failed; 0 ignored; 0 measured; 0 filtered out; finished in 0.00s
test (x86_64-unknown-linux-gnu)	Test (workspace, --lib --tests)	2026-08-10T09:51:17.3614634Z 
test (x86_64-unknown-linux-gnu)	Test (workspace, --lib --tests)	2026-08-10T09:51:17.3615261Z ^[[1m^[[92m     Running^[[0m unittests src/lib.rs (target/x86_64-unknown-linux-gnu/debug/deps/kevy_bytes-862fd2f9271ae861)
test (x86_64-unknown-linux-gnu)	Test (workspace, --lib --tests)	2026-08-10T09:51:17.3624071Z 
test (x86_64-unknown-linux-gnu)	Test (workspace, --lib --tests)	2026-08-10T09:51:17.3624283Z running 41 tests
test (x86_64-unknown-linux-gnu)	Test (workspace, --lib --tests)	2026-08-10T09:51:17.3629104Z test find_crlf::tests::crlf_at_every_offset ... ok
test (x86_64-unknown-linux-gnu)	Test (workspace, --lib --tests)	2026-08-10T09:51:17.3633793Z test find_crlf::tests::empty_and_short_buffers ... ok
test (x86_64-unknown-linux-gnu)	Test (workspace, --lib --tests)	2026-08-10T09:51:17.3634763Z test find_crlf::tests::cross_tier_oracle_random_shapes ... ok
test (x86_64-unknown-linux-gnu)	Test (workspace, --lib --tests)	2026-08-10T09:51:17.3635861Z test find_crlf::tests::lone_cr_does_not_terminate ... ok
test (x86_64-unknown-linux-gnu)	Test (workspace, --lib --tests)	2026-08-10T09:51:17.3636700Z test find_crlf::tests::multiple_crs_in_a_row ... ok
test (x86_64-unknown-linux-gnu)	Test (workspace, --lib --tests)	2026-08-10T09:51:17.3637456Z test find_crlf::tests::returns_none_when_only_one_byte_after_start ... ok
test (x86_64-unknown-linux-gnu)	Test (workspace, --lib --tests)	2026-08-10T09:51:17.3638511Z test find_crlf::tests::start_past_crlf_finds_next ... ok
test (x86_64-unknown-linux-gnu)	Test (workspace, --lib --tests)	2026-08-10T09:51:17.3639685Z test tests::as_ref_is_zero_copy_view ... ok
test (x86_64-unknown-linux-gnu)	Test (workspace, --lib --tests)	2026-08-10T09:51:17.3640522Z test tests::borrow_lookup_works_in_collection ... ok
test (x86_64-unknown-linux-gnu)	Test (workspace, --lib --tests)	2026-08-10T09:51:17.3641408Z test tests::clone_heap ... ok
test (x86_64-unknown-linux-gnu)	Test (workspace, --lib --tests)	2026-08-10T09:51:17.3642199Z test tests::clone_heap_keeps_data_and_is_independent ... ok
test (x86_64-unknown-linux-gnu)	Test (workspace, --lib --tests)	2026-08-10T09:51:17.3643092Z test tests::clone_inline ... ok
test (x86_64-unknown-linux-gnu)	Test (workspace, --lib --tests)	2026-08-10T09:51:17.3644284Z test tests::default_is_empty_inline ... ok
test (x86_64-unknown-linux-gnu)	Test (workspace, --lib --tests)	2026-08-10T09:51:17.3645476Z test tests::drop_inline_is_noop ... ok
test (x86_64-unknown-linux-gnu)	Test (workspace, --lib --tests)	2026-08-10T09:51:17.3646236Z test tests::empty_is_inline ... ok
test (x86_64-unknown-linux-gnu)	Test (workspace, --lib --tests)	2026-08-10T09:51:17.3646947Z test tests::eq_by_content ... ok
test (x86_64-unknown-linux-gnu)	Test (workspace, --lib --tests)	2026-08-10T09:51:17.3647694Z test tests::eq_is_reflexive_and_symmetric_heap ... ok
test (x86_64-unknown-linux-gnu)	Test (workspace, --lib --tests)	2026-08-10T09:51:17.3648600Z test tests::eq_is_reflexive_and_symmetric_inline ... ok
test (x86_64-unknown-linux-gnu)	Test (workspace, --lib --tests)	2026-08-10T09:51:17.3649731Z test tests::debug_format_matches_slice ... ok
test (x86_64-unknown-linux-gnu)	Test (workspace, --lib --tests)	2026-08-10T09:51:17.3650604Z test tests::from_byte_slice_round_trip ... ok
test (x86_64-unknown-linux-gnu)	Test (workspace, --lib --tests)	2026-08-10T09:51:17.3651438Z test tests::from_vec_dispatches_inline_or_heap ... ok
test (x86_64-unknown-linux-gnu)	Test (workspace, --lib --tests)	2026-08-10T09:51:17.3652085Z test tests::from_vec_heap_reuses_alloc ... ok
test (x86_64-unknown-linux-gnu)	Test (workspace, --lib --tests)	2026-08-10T09:51:17.3653220Z ^[[1m^[[92m     Running^[[0m tests/perf_gate.rs (target/x86_64-unknown-linux-gnu/debug/deps/perf_gate-203026c1e461bdd2)
test (x86_64-unknown-linux-gnu)	Test (workspace, --lib --tests)	2026-08-10T09:51:17.3654412Z test tests::heap_at_boundary_23 ... ok
test (x86_64-unknown-linux-gnu)	Test (workspace, --lib --tests)	2026-08-10T09:51:17.3655164Z test tests::from_vec_inline ... ok
test (x86_64-unknown-linux-gnu)	Test (workspace, --lib --tests)	2026-08-10T09:51:17.3655976Z test tests::heap_payload_does_allocate ... ok
test (x86_64-unknown-linux-gnu)	Test (workspace, --lib --tests)	2026-08-10T09:51:17.3656713Z test tests::heap_large ... ok
test (x86_64-unknown-linux-gnu)	Test (workspace, --lib --tests)	2026-08-10T09:51:17.3657363Z test tests::inline_at_boundary_22 ... ok
test (x86_64-unknown-linux-gnu)	Test (workspace, --lib --tests)	2026-08-10T09:51:17.3658074Z test tests::inline_one_byte ... ok
test (x86_64-unknown-linux-gnu)	Test (workspace, --lib --tests)	2026-08-10T09:51:17.3658819Z test tests::inline_payload_does_not_allocate ... ok
test (x86_64-unknown-linux-gnu)	Test (workspace, --lib --tests)	2026-08-10T09:51:17.3660063Z test tests::into_vec_heap_reuses_alloc ... ok
test (x86_64-unknown-linux-gnu)	Test (workspace, --lib --tests)	2026-08-10T09:51:17.3660837Z test tests::into_vec_inline_copies ... ok
test (x86_64-unknown-linux-gnu)	Test (workspace, --lib --tests)	2026-08-10T09:51:17.3661601Z test tests::kevy_hash_agrees_with_byte_slice ... ok
test (x86_64-unknown-linux-gnu)	Test (workspace, --lib --tests)	2026-08-10T09:51:17.3662361Z test tests::into_vec_zero_size_path ... ok
test (x86_64-unknown-linux-gnu)	Test (workspace, --lib --tests)	2026-08-10T09:51:17.3663115Z test tests::hash_agrees_with_byte_slice ... ok
test (x86_64-unknown-linux-gnu)	Test (workspace, --lib --tests)	2026-08-10T09:51:17.3663865Z test tests::ord_lex ... ok
test (x86_64-unknown-linux-gnu)	Test (workspace, --lib --tests)	2026-08-10T09:51:17.3664563Z test tests::partial_eq_mixed_arm_does_not_panic ... ok
test (x86_64-unknown-linux-gnu)	Test (workspace, --lib --tests)	2026-08-10T09:51:17.3665360Z test tests::partial_cmp_matches_cmp_inline ... ok
test (x86_64-unknown-linux-gnu)	Test (workspace, --lib --tests)	2026-08-10T09:51:17.3666171Z test tests::partial_eq_unequal_length_across_inline_heap_is_false ... ok
test (x86_64-unknown-linux-gnu)	Test (workspace, --lib --tests)	2026-08-10T09:51:17.3667231Z ^[[1m^[[92m     Running^[[0m unittests src/lib.rs (target/x86_64-unknown-linux-gnu/debug/deps/kevy_chaos-fa8884728b160035)
test (x86_64-unknown-linux-gnu)	Test (workspace, --lib --tests)	2026-08-10T09:51:17.3667961Z test tests::size_and_align ... ok
test (x86_64-unknown-linux-gnu)	Test (workspace, --lib --tests)	2026-08-10T09:51:17.3668426Z test tests::to_vec_copies_inline_and_heap ... ok
test (x86_64-unknown-linux-gnu)	Test (workspace, --lib --tests)	2026-08-10T09:51:17.3668914Z test tests::drop_heap_does_not_leak_or_double_free ... ok
test (x86_64-unknown-linux-gnu)	Test (workspace, --lib --tests)	2026-08-10T09:51:17.3669637Z 
test (x86_64-unknown-linux-gnu)	Test (workspace, --lib --tests)	2026-08-10T09:51:17.3670246Z test result: ok. 41 passed; 0 failed; 0 ignored; 0 measured; 0 filtered out; finished in 0.00s
test (x86_64-unknown-linux-gnu)	Test (workspace, --lib --tests)	2026-08-10T09:51:17.3671062Z 
test (x86_64-unknown-linux-gnu)	Test (workspace, --lib --tests)	2026-08-10T09:51:17.3671076Z 
test (x86_64-unknown-linux-gnu)	Test (workspace, --lib --tests)	2026-08-10T09:51:17.3671234Z running 0 tests
test (x86_64-unknown-linux-gnu)	Test (workspace, --lib --tests)	2026-08-10T09:51:17.3671455Z 
test (x86_64-unknown-linux-gnu)	Test (workspace, --lib --tests)	2026-08-10T09:51:17.3671850Z test result: ok. 0 passed; 0 failed; 0 ignored; 0 measured; 0 filtered out; finished in 0.00s
test (x86_64-unknown-linux-gnu)	Test (workspace, --lib --tests)	2026-08-10T09:51:17.3672347Z 
test (x86_64-unknown-linux-gnu)	Test (workspace, --lib --tests)	2026-08-10T09:51:17.3675946Z 
test (x86_64-unknown-linux-gnu)	Test (workspace, --lib --tests)	2026-08-10T09:51:17.3676082Z running 5 tests
test (x86_64-unknown-linux-gnu)	Test (workspace, --lib --tests)	2026-08-10T09:51:17.3708725Z test proxy::tests::heal_restores_service ... ok
test (x86_64-unknown-linux-gnu)	Test (workspace, --lib --tests)	2026-08-10T09:51:17.3738057Z test proxy::tests::cut_kills_existing_and_refuses_new ... ok
test (x86_64-unknown-linux-gnu)	Test (workspace, --lib --tests)	2026-08-10T09:51:17.3753432Z test proxy::tests::passthrough_bytes ... ok
test (x86_64-unknown-linux-gnu)	Test (workspace, --lib --tests)	2026-08-10T09:51:17.6717225Z test proxy::tests::delay_slows_round_trip ... ok
test (x86_64-unknown-linux-gnu)	Test (workspace, --lib --tests)	2026-08-10T09:51:18.6776102Z test proxy::tests::cut_dir_to_upstream_black_holes_one_way ... ok
test (x86_64-unknown-linux-gnu)	Test (workspace, --lib --tests)	2026-08-10T09:51:18.6776681Z 
test (x86_64-unknown-linux-gnu)	Test (workspace, --lib --tests)	2026-08-10T09:51:18.6777421Z test result: ok. 5 passed; 0 failed; 0 ignored; 0 measured; 0 filtered out; finished in 1.31s
test (x86_64-unknown-linux-gnu)	Test (workspace, --lib --tests)	2026-08-10T09:51:18.6777913Z 
test (x86_64-unknown-linux-gnu)	Test (workspace, --lib --tests)	2026-08-10T09:51:18.6782497Z ^[[1m^[[92m     Running^[[0m unittests src/lib.rs (target/x86_64-unknown-linux-gnu/debug/deps/kevy_cli-a1292c87f234dccf)
test (x86_64-unknown-linux-gnu)	Test (workspace, --lib --tests)	2026-08-10T09:51:18.6793869Z 
test (x86_64-unknown-linux-gnu)	Test (workspace, --lib --tests)	2026-08-10T09:51:18.6794123Z running 19 tests
test (x86_64-unknown-linux-gnu)	Test (workspace, --lib --tests)	2026-08-10T09:51:18.6797672Z test backfill_keys::tests::a_lone_source_owns_everything_it_names ... ok
test (x86_64-unknown-linux-gnu)	Test (workspace, --lib --tests)	2026-08-10T09:51:18.6798638Z test backfill_keys::tests::sources_that_agree_have_nothing_unique ... ok
test (x86_64-unknown-linux-gnu)	Test (workspace, --lib --tests)	2026-08-10T09:51:18.6800112Z test backfill_keys::tests::unique_means_no_other_source_named_it ... ok
test (x86_64-unknown-linux-gnu)	Test (workspace, --lib --tests)	2026-08-10T09:51:18.6804159Z test backup::tests::unpack_refuses_non_empty_target ... ok
test (x86_64-unknown-linux-gnu)	Test (workspace, --lib --tests)	2026-08-10T09:51:18.6805366Z test backup::tests::unpack_refuses_path_traversal ... ok
test (x86_64-unknown-linux-gnu)	Test (workspace, --lib --tests)	2026-08-10T09:51:18.6813190Z test doctor::tests::drift_and_missing_are_the_failing_counters ... ok
test (x86_64-unknown-linux-gnu)	Test (workspace, --lib --tests)	2026-08-10T09:51:18.6814035Z test doctor::tests::duplicates_warn_rather_than_fail ... ok
test (x86_64-unknown-linux-gnu)	Test (workspace, --lib --tests)	2026-08-10T09:51:18.6814846Z test doctor::tests::exclusion_causes_never_fail ... ok
test (x86_64-unknown-linux-gnu)	Test (workspace, --lib --tests)	2026-08-10T09:51:18.6815729Z test lint::tests::a_copied_column_shows_up_below_perfect_agreement ... ok
test (x86_64-unknown-linux-gnu)	Test (workspace, --lib --tests)	2026-08-10T09:51:18.6816586Z test lint::tests::a_name_under_two_owners_is_the_multi_valued_signal ... ok
test (x86_64-unknown-linux-gnu)	Test (workspace, --lib --tests)	2026-08-10T09:51:18.6817242Z test backup::tests::subdirectories_are_derived_spill_only ... ok
test (x86_64-unknown-linux-gnu)	Test (workspace, --lib --tests)	2026-08-10T09:51:18.6817691Z test lint::tests::disjoint_owners_leave_nothing_shared ... ok
test (x86_64-unknown-linux-gnu)	Test (workspace, --lib --tests)	2026-08-10T09:51:18.6818951Z ^[[1m^[[92m     Running^[[0m unittests src/main.rs (target/x86_64-unknown-linux-gnu/debug/deps/kevy_cli-0115e4a8262e1470)
test (x86_64-unknown-linux-gnu)	Test (workspace, --lib --tests)	2026-08-10T09:51:18.6820308Z test lint::tests::a_threshold_above_the_agreement_reports_nothing ... ok
test (x86_64-unknown-linux-gnu)	Test (workspace, --lib --tests)	2026-08-10T09:51:18.6820871Z test shadow::tests::a_paged_reply_is_read_without_being_declared ... ok
test (x86_64-unknown-linux-gnu)	Test (workspace, --lib --tests)	2026-08-10T09:51:18.6821273Z test backup::tests::pack_unpack_round_trip ... ok
test (x86_64-unknown-linux-gnu)	Test (workspace, --lib --tests)	2026-08-10T09:51:18.6821674Z test shadow::tests::a_row_only_the_old_path_has_is_reported_missing ... ok
test (x86_64-unknown-linux-gnu)	Test (workspace, --lib --tests)	2026-08-10T09:51:18.6822090Z test shadow::tests::agreement_reports_nothing ... ok
test (x86_64-unknown-linux-gnu)	Test (workspace, --lib --tests)	2026-08-10T09:51:18.6822512Z test shadow::tests::identical_sets_in_different_orders_still_diverge ... ok
test (x86_64-unknown-linux-gnu)	Test (workspace, --lib --tests)	2026-08-10T09:51:18.6822988Z test shadow::tests::pairs_and_flat_are_told_apart_by_the_caller ... ok
test (x86_64-unknown-linux-gnu)	Test (workspace, --lib --tests)	2026-08-10T09:51:18.6823269Z 
test (x86_64-unknown-linux-gnu)	Test (workspace, --lib --tests)	2026-08-10T09:51:18.6823515Z test result: ok. 19 passed; 0 failed; 0 ignored; 0 measured; 0 filtered out; finished in 0.00s
test (x86_64-unknown-linux-gnu)	Test (workspace, --lib --tests)	2026-08-10T09:51:18.6823849Z 
test (x86_64-unknown-linux-gnu)	Test (workspace, --lib --tests)	2026-08-10T09:51:18.6827704Z 
test (x86_64-unknown-linux-gnu)	Test (workspace, --lib --tests)	2026-08-10T09:51:18.6827867Z running 0 tests
test (x86_64-unknown-linux-gnu)	Test (workspace, --lib --tests)	2026-08-10T09:51:18.6828109Z 
test (x86_64-unknown-linux-gnu)	Test (workspace, --lib --tests)	2026-08-10T09:51:18.6828734Z test result: ok. 0 passed; 0 failed; 0 ignored; 0 measured; 0 filtered out; finished in 0.00s
test (x86_64-unknown-linux-gnu)	Test (workspace, --lib --tests)	2026-08-10T09:51:18.6829760Z 
test (x86_64-unknown-linux-gnu)	Test (workspace, --lib --tests)	2026-08-10T09:51:18.6831031Z ^[[1m^[[92m     Running^[[0m tests/backfill_keys_union.rs (target/x86_64-unknown-linux-gnu/debug/deps/backfill_keys_union-d03680f939ed0ac2)
test (x86_64-unknown-linux-gnu)	Test (workspace, --lib --tests)	2026-08-10T09:51:18.6839842Z 
test (x86_64-unknown-linux-gnu)	Test (workspace, --lib --tests)	2026-08-10T09:51:18.6840013Z running 2 tests
test (x86_64-unknown-linux-gnu)	Test (workspace, --lib --tests)	2026-08-10T09:51:18.7100751Z test an_unreadable_source_fails_rather_than_contributing_nothing ... ok
test (x86_64-unknown-linux-gnu)	Test (workspace, --lib --tests)	2026-08-10T09:51:18.7487030Z test the_union_spans_every_source_kind_and_names_what_only_one_had ... ok
test (x86_64-unknown-linux-gnu)	Test (workspace, --lib --tests)	2026-08-10T09:51:18.7487688Z 
test (x86_64-unknown-linux-gnu)	Test (workspace, --lib --tests)	2026-08-10T09:51:18.7487996Z test result: ok. 2 passed; 0 failed; 0 ignored; 0 measured; 0 filtered out; finished in 0.06s
test (x86_64-unknown-linux-gnu)	Test (workspace, --lib --tests)	2026-08-10T09:51:18.7488353Z 
test (x86_64-unknown-linux-gnu)	Test (workspace, --lib --tests)	2026-08-10T09:51:18.7489712Z ^[[1m^[[92m     Running^[[0m tests/lint_shapes.rs (target/x86_64-unknown-linux-gnu/debug/deps/lint_shapes-e79fc21508240f84)
test (x86_64-unknown-linux-gnu)	Test (workspace, --lib --tests)	2026-08-10T09:51:18.7499443Z 
test (x86_64-unknown-linux-gnu)	Test (workspace, --lib --tests)	2026-08-10T09:51:18.7499736Z running 2 tests
test (x86_64-unknown-linux-gnu)	Test (workspace, --lib --tests)	2026-08-10T09:51:18.7772706Z test overlap_fails_when_a_name_lives_under_two_owners ... ok
test (x86_64-unknown-linux-gnu)	Test (workspace, --lib --tests)	2026-08-10T09:51:18.7779444Z test copied_columns_are_reported_without_failing ... ok
test (x86_64-unknown-linux-gnu)	Test (workspace, --lib --tests)	2026-08-10T09:51:18.7779933Z 
test (x86_64-unknown-linux-gnu)	Test (workspace, --lib --tests)	2026-08-10T09:51:18.7780357Z test result: ok. 2 passed; 0 failed; 0 ignored; 0 measured; 0 filtered out; finished in 0.03s
test (x86_64-unknown-linux-gnu)	Test (workspace, --lib --tests)	2026-08-10T09:51:18.7781002Z 
test (x86_64-unknown-linux-gnu)	Test (workspace, --lib --tests)	2026-08-10T09:51:18.7782722Z ^[[1m^[[92m     Running^[[0m tests/migrate_roundtrip.rs (target/x86_64-unknown-linux-gnu/debug/deps/migrate_roundtrip-ef5f4c03b2c64cc7)
test (x86_64-unknown-linux-gnu)	Test (workspace, --lib --tests)	2026-08-10T09:51:18.7792632Z 
test (x86_64-unknown-linux-gnu)	Test (workspace, --lib --tests)	2026-08-10T09:51:18.7792811Z running 3 tests
test (x86_64-unknown-linux-gnu)	Test (workspace, --lib --tests)	2026-08-10T09:51:18.8097272Z test every_type_is_either_exported_or_reported ... ok
test (x86_64-unknown-linux-gnu)	Test (workspace, --lib --tests)	2026-08-10T09:51:19.3054330Z test export_import_roundtrip_digest_equal ... ok
test (x86_64-unknown-linux-gnu)	Test (workspace, --lib --tests)	2026-08-10T09:51:19.4812155Z test bulk_ops_and_diff ... ok
test (x86_64-unknown-linux-gnu)	Test (workspace, --lib --tests)	2026-08-10T09:51:19.4812520Z 
test (x86_64-unknown-linux-gnu)	Test (workspace, --lib --tests)	2026-08-10T09:51:19.4812908Z test result: ok. 3 passed; 0 failed; 0 ignored; 0 measured; 0 filtered out; finished in 0.70s
test (x86_64-unknown-linux-gnu)	Test (workspace, --lib --tests)	2026-08-10T09:51:19.4813281Z 
test (x86_64-unknown-linux-gnu)	Test (workspace, --lib --tests)	2026-08-10T09:51:19.4816223Z ^[[1m^[[92m     Running^[[0m tests/sql_compile_apply.rs (target/x86_64-unknown-linux-gnu/debug/deps/sql_compile_apply-7745a5268afaa77d)
test (x86_64-unknown-linux-gnu)	Test (workspace, --lib --tests)	2026-08-10T09:51:19.4826437Z 
test (x86_64-unknown-linux-gnu)	Test (workspace, --lib --tests)	2026-08-10T09:51:19.4826807Z running 4 tests
test (x86_64-unknown-linux-gnu)	Test (workspace, --lib --tests)	2026-08-10T09:51:19.4849758Z test compile_error_is_the_teaching_refusal ... ok
test (x86_64-unknown-linux-gnu)	Test (workspace, --lib --tests)	2026-08-10T09:51:19.4851150Z test compile_prints_the_script ... ok
test (x86_64-unknown-linux-gnu)	Test (workspace, --lib --tests)	2026-08-10T09:51:19.5097075Z test apply_stops_on_error_reply_nonzero_exit ... ok
test (x86_64-unknown-linux-gnu)	Test (workspace, --lib --tests)	2026-08-10T09:51:19.6003145Z test apply_declares_then_a_card_query_serves ... ok
test (x86_64-unknown-linux-gnu)	Test (workspace, --lib --tests)	2026-08-10T09:51:19.6003525Z 
test (x86_64-unknown-linux-gnu)	Test (workspace, --lib --tests)	2026-08-10T09:51:19.6003891Z test result: ok. 4 passed; 0 failed; 0 ignored; 0 measured; 0 filtered out; finished in 0.12s
test (x86_64-unknown-linux-gnu)	Test (workspace, --lib --tests)	2026-08-10T09:51:19.6004430Z 
test (x86_64-unknown-linux-gnu)	Test (workspace, --lib --tests)	2026-08-10T09:51:19.6006736Z ^[[1m^[[92m     Running^[[0m tests/sql_plan.rs (target/x86_64-unknown-linux-gnu/debug/deps/sql_plan-3bd89e111a57927a)
test (x86_64-unknown-linux-gnu)	Test (workspace, --lib --tests)	2026-08-10T09:51:19.6017629Z 
test (x86_64-unknown-linux-gnu)	Test (workspace, --lib --tests)	2026-08-10T09:51:19.6017796Z running 4 tests
test (x86_64-unknown-linux-gnu)	Test (workspace, --lib --tests)	2026-08-10T09:51:19.6041127Z test plan_refuses_apply_rather_than_ignoring_it ... ok
test (x86_64-unknown-linux-gnu)	Test (workspace, --lib --tests)	2026-08-10T09:51:19.6041931Z test a_schema_whose_queries_are_all_served_exits_zero ... ok
test (x86_64-unknown-linux-gnu)	Test (workspace, --lib --tests)	2026-08-10T09:51:19.6042767Z test a_schema_that_does_not_parse_is_an_error_with_a_position ... ok
test (x86_64-unknown-linux-gnu)	Test (workspace, --lib --tests)	2026-08-10T09:51:19.6043561Z test one_unserved_query_fails_the_plan ... ok
test (x86_64-unknown-linux-gnu)	Test (workspace, --lib --tests)	2026-08-10T09:51:19.6043904Z 
test (x86_64-unknown-linux-gnu)	Test (workspace, --lib --tests)	2026-08-10T09:51:19.6044259Z test result: ok. 4 passed; 0 failed; 0 ignored; 0 measured; 0 filtered out; finished in 0.00s
test (x86_64-unknown-linux-gnu)	Test (workspace, --lib --tests)	2026-08-10T09:51:19.6044611Z 
test (x86_64-unknown-linux-gnu)	Test (workspace, --lib --tests)	2026-08-10T09:51:19.6045875Z ^[[1m^[[92m     Running^[[0m unittests src/lib.rs (target/x86_64-unknown-linux-gnu/debug/deps/kevy_client-f763e004cb1560a4)
test (x86_64-unknown-linux-gnu)	Test (workspace, --lib --tests)	2026-08-10T09:51:19.6058143Z 
test (x86_64-unknown-linux-gnu)	Test (workspace, --lib --tests)	2026-08-10T09:51:19.6058416Z running 48 tests
test (x86_64-unknown-linux-gnu)	Test (workspace, --lib --tests)	2026-08-10T09:51:19.6065768Z test blocking::tests::embedded_blpop_immediate_hit ... ok
test (x86_64-unknown-linux-gnu)	Test (workspace, --lib --tests)	2026-08-10T09:51:19.6070212Z test cluster::tests::keys_route_to_their_slot_owner ... ok
test (x86_64-unknown-linux-gnu)	Test (workspace, --lib --tests)	2026-08-10T09:51:19.6074287Z test cluster::tests::parse_and_build_4_shard_topology ... ok
test (x86_64-unknown-linux-gnu)	Test (workspace, --lib --tests)	2026-08-10T09:51:19.6075025Z test cluster::tests::rejects_empty_and_malformed ... ok
test (x86_64-unknown-linux-gnu)	Test (workspace, --lib --tests)	2026-08-10T09:51:19.7068683Z test blocking::tests::zero_some_timeout_and_empty_keys_rejected ... ok
test (x86_64-unknown-linux-gnu)	Test (workspace, --lib --tests)	2026-08-10T09:51:19.7070044Z test blocking::tests::embedded_bzpopmin_pops_lowest_score ... ok
test (x86_64-unknown-linux-gnu)	Test (workspace, --lib --tests)	2026-08-10T09:51:19.7071121Z test blocking::tests::embedded_blpop_timeout_returns_none ... ok
test (x86_64-unknown-linux-gnu)	Test (workspace, --lib --tests)	2026-08-10T09:51:19.7073631Z test collections::tests::embedded_set_combine_ops ... ok
test (x86_64-unknown-linux-gnu)	Test (workspace, --lib --tests)	2026-08-10T09:51:19.7078391Z test collections::tests::embedded_hash_methods ... ok
test (x86_64-unknown-linux-gnu)	Test (workspace, --lib --tests)	2026-08-10T09:51:19.7079746Z test feed::tests::batch_parser_maps_frames ... ok
test (x86_64-unknown-linux-gnu)	Test (workspace, --lib --tests)	2026-08-10T09:51:19.7081755Z test feed::tests::embedded_nonzero_shard_rejected ... ok
test (x86_64-unknown-linux-gnu)	Test (workspace, --lib --tests)	2026-08-10T09:51:19.7083604Z test feed::tests::embedded_without_feed_config_is_unsupported ... ok
test (x86_64-unknown-linux-gnu)	Test (workspace, --lib --tests)	2026-08-10T09:51:19.8075879Z test collections::tests::embedded_list_methods ... ok
test (x86_64-unknown-linux-gnu)	Test (workspace, --lib --tests)	2026-08-10T09:51:19.8076889Z test collections::tests::embedded_set_methods ... ok
test (x86_64-unknown-linux-gnu)	Test (workspace, --lib --tests)	2026-08-10T09:51:19.8078922Z test collections::tests::embedded_zset_methods ... ok
test (x86_64-unknown-linux-gnu)	Test (workspace, --lib --tests)	2026-08-10T09:51:19.8082610Z test index::tests::embedded_idx_is_unsupported ... ok
test (x86_64-unknown-linux-gnu)	Test (workspace, --lib --tests)	2026-08-10T09:51:19.8083774Z test index::tests::page_parser_maps_cursor_and_rows ... ok
test (x86_64-unknown-linux-gnu)	Test (workspace, --lib --tests)	2026-08-10T09:51:19.8084735Z test index::tests::ranked_parser_maps_key_score ... ok
test (x86_64-unknown-linux-gnu)	Test (workspace, --lib --tests)	2026-08-10T09:51:19.8087465Z test pipeline::tests::embedded_pipeline_unsupported ... ok
test (x86_64-unknown-linux-gnu)	Test (workspace, --lib --tests)	2026-08-10T09:51:19.8088380Z test hash_ttl::tests::embedded_hexpire_httl_hpersist_round_trip ... ok
test (x86_64-unknown-linux-gnu)	Test (workspace, --lib --tests)	2026-08-10T09:51:19.8089500Z test pipeline::tests::pipeline_buf_counts_and_encodes ... ok
test (x86_64-unknown-linux-gnu)	Test (workspace, --lib --tests)	2026-08-10T09:51:19.8091722Z test scan::tests::embedded_randomkey_empty_and_present ... ok
test (x86_64-unknown-linux-gnu)	Test (workspace, --lib --tests)	2026-08-10T09:51:19.8092561Z test scan::tests::embedded_keys_matches_glob ... ok
test (x86_64-unknown-linux-gnu)	Test (workspace, --lib --tests)	2026-08-10T09:51:19.8093362Z test subscribe::tests::anonymous_mem_rejected_for_subscriber ... ok
test (x86_64-unknown-linux-gnu)	Test (workspace, --lib --tests)	2026-08-10T09:51:19.9081337Z test hash_ttl::tests::empty_fields_rejected ... ok
test (x86_64-unknown-linux-gnu)	Test (workspace, --lib --tests)	2026-08-10T09:51:19.9082263Z test hash_ttl::tests::embedded_hpexpire_ms_precision ... ok
test (x86_64-unknown-linux-gnu)	Test (workspace, --lib --tests)	2026-08-10T09:51:19.9085118Z test subscribe::tests::embed_subscribe_then_publish_via_same_url_delivers ... ok
test (x86_64-unknown-linux-gnu)	Test (workspace, --lib --tests)	2026-08-10T09:51:19.9085996Z test subscribe::tests::open_with_empty_channels_rejected ... ok
test (x86_64-unknown-linux-gnu)	Test (workspace, --lib --tests)	2026-08-10T09:51:19.9086872Z test subscribe::tests::remote_host_port_default_6379 ... ok
test (x86_64-unknown-linux-gnu)	Test (workspace, --lib --tests)	2026-08-10T09:51:19.9088365Z test subscribe::tests::remote_host_port_explicit ... ok
test (x86_64-unknown-linux-gnu)	Test (workspace, --lib --tests)	2026-08-10T09:51:19.9089671Z test subscribe::tests::remote_host_port_userinfo_rejected ... ok
test (x86_64-unknown-linux-gnu)	Test (workspace, --lib --tests)	2026-08-10T09:51:19.9090635Z test subscribe::tests::subscriber_is_send_and_sync ... ok
test (x86_64-unknown-linux-gnu)	Test (workspace, --lib --tests)	2026-08-10T09:51:19.9092261Z test tests::anonymous_mem_publish_returns_zero ... ok
test (x86_64-unknown-linux-gnu)	Test (workspace, --lib --tests)	2026-08-10T09:51:19.9095412Z test scan::tests::embedded_scan_returns_all_in_one_round ... ok
test (x86_64-unknown-linux-gnu)	Test (workspace, --lib --tests)	2026-08-10T09:51:20.0087148Z test subscribe::tests::named_mem_resolves_to_embedded ... ok
test (x86_64-unknown-linux-gnu)	Test (workspace, --lib --tests)	2026-08-10T09:51:20.0089829Z test tests::embedded_multi_rejected_unsupported ... ok
test (x86_64-unknown-linux-gnu)	Test (workspace, --lib --tests)	2026-08-10T09:51:20.0090707Z test url::tests::parse_file_url ... ok
test (x86_64-unknown-linux-gnu)	Test (workspace, --lib --tests)	2026-08-10T09:51:20.0091457Z test url::tests::parse_mem_url ... ok
test (x86_64-unknown-linux-gnu)	Test (workspace, --lib --tests)	2026-08-10T09:51:20.0092398Z test url::tests::parse_remote_urls_delegate ... ok
test (x86_64-unknown-linux-gnu)	Test (workspace, --lib --tests)	2026-08-10T09:51:20.0093454Z test url::tests::parse_tls_rejected ... ok
test (x86_64-unknown-linux-gnu)	Test (workspace, --lib --tests)	2026-08-10T09:51:20.0094683Z test url::tests::parse_unknown_scheme_rejected ... ok
test (x86_64-unknown-linux-gnu)	Test (workspace, --lib --tests)	2026-08-10T09:51:20.0100285Z test tests::embedded_mem_full_crud_round_trip ... ok
test (x86_64-unknown-linux-gnu)	Test (workspace, --lib --tests)	2026-08-10T09:51:20.0101081Z test subscribe::tests::embed_different_url_names_are_isolated ... ok
test (x86_64-unknown-linux-gnu)	Test (workspace, --lib --tests)	2026-08-10T09:51:20.0101822Z test tests::embedded_mget_mset ... ok
test (x86_64-unknown-linux-gnu)	Test (workspace, --lib --tests)	2026-08-10T09:51:20.0102335Z test zalgebra::tests::empty_keys_rejected ... ok
test (x86_64-unknown-linux-gnu)	Test (workspace, --lib --tests)	2026-08-10T09:51:20.1101020Z test zalgebra::tests::embedded_zintercard_with_and_without_limit ... ok
test (x86_64-unknown-linux-gnu)	Test (workspace, --lib --tests)	2026-08-10T09:51:20.1102360Z test zalgebra::tests::embedded_zinterstore_and_zunionstore ... ok
test (x86_64-unknown-linux-gnu)	Test (workspace, --lib --tests)	2026-08-10T09:51:20.1103593Z test zalgebra::tests::embedded_zstore_with_weights_and_aggregate ... ok
test (x86_64-unknown-linux-gnu)	Test (workspace, --lib --tests)	2026-08-10T09:51:20.1104374Z 
test (x86_64-unknown-linux-gnu)	Test (workspace, --lib --tests)	2026-08-10T09:51:20.1105066Z test result: ok. 48 passed; 0 failed; 0 ignored; 0 measured; 0 filtered out; finished in 0.50s
test (x86_64-unknown-linux-gnu)	Test (workspace, --lib --tests)	2026-08-10T09:51:20.1106022Z 
test (x86_64-unknown-linux-gnu)	Test (workspace, --lib --tests)	2026-08-10T09:51:20.1110147Z ^[[1m^[[92m     Running^[[0m tests/embedded_pubsub.rs (target/x86_64-unknown-linux-gnu/debug/deps/embedded_pubsub-3c0df2ac2409df40)
test (x86_64-unknown-linux-gnu)	Test (workspace, --lib --tests)	2026-08-10T09:51:20.1123801Z 
test (x86_64-unknown-linux-gnu)	Test (workspace, --lib --tests)	2026-08-10T09:51:20.1123978Z running 7 tests
test (x86_64-unknown-linux-gnu)	Test (workspace, --lib --tests)	2026-08-10T09:51:20.1131384Z test anonymous_mem_url_rejected_at_subscriber_open ... ok
test (x86_64-unknown-linux-gnu)	Test (workspace, --lib --tests)	2026-08-10T09:51:20.1135545Z test named_bus_recycles_after_all_handles_drop ... ok
test (x86_64-unknown-linux-gnu)	Test (workspace, --lib --tests)	2026-08-10T09:51:20.2131984Z test cross_thread_publish_recv ... ok
test (x86_64-unknown-linux-gnu)	Test (workspace, --lib --tests)	2026-08-10T09:51:20.2146036Z test distinct_named_urls_have_independent_buses ... ok
test (x86_64-unknown-linux-gnu)	Test (workspace, --lib --tests)	2026-08-10T09:51:20.2146790Z test fan_out_to_multiple_subscribers ... ok
test (x86_64-unknown-linux-gnu)	Test (workspace, --lib --tests)	2026-08-10T09:51:20.2147456Z test psubscribe_glob_reaches_via_same_url ... ok
test (x86_64-unknown-linux-gnu)	Test (workspace, --lib --tests)	2026-08-10T09:51:20.3139006Z test recv_message_skips_ack_and_returns_payload ... ok
test (x86_64-unknown-linux-gnu)	Test (workspace, --lib --tests)	2026-08-10T09:51:20.3140054Z 
test (x86_64-unknown-linux-gnu)	Test (workspace, --lib --tests)	2026-08-10T09:51:20.3140684Z test result: ok. 7 passed; 0 failed; 0 ignored; 0 measured; 0 filtered out; finished in 0.20s
test (x86_64-unknown-linux-gnu)	Test (workspace, --lib --tests)	2026-08-10T09:51:20.3141604Z 
test (x86_64-unknown-linux-gnu)	Test (workspace, --lib --tests)	2026-08-10T09:51:20.3144255Z ^[[1m^[[92m     Running^[[0m tests/iter.rs (target/x86_64-unknown-linux-gnu/debug/deps/iter-a0477c353b12c73f)
test (x86_64-unknown-linux-gnu)	Test (workspace, --lib --tests)	2026-08-10T09:51:20.3157431Z 
test (x86_64-unknown-linux-gnu)	Test (workspace, --lib --tests)	2026-08-10T09:51:20.3157778Z running 4 tests
test (x86_64-unknown-linux-gnu)	Test (workspace, --lib --tests)	2026-08-10T09:51:20.3166733Z test messages_iter_skips_acks ... ok
test (x86_64-unknown-linux-gnu)	Test (workspace, --lib --tests)	2026-08-10T09:51:20.3167343Z test messages_iter_handles_pmessage ... ok
test (x86_64-unknown-linux-gnu)	Test (workspace, --lib --tests)	2026-08-10T09:51:20.3167781Z test events_iter_yields_every_frame_then_stops_on_eof ... ok
test (x86_64-unknown-linux-gnu)	Test (workspace, --lib --tests)	2026-08-10T09:51:20.4168524Z test events_iter_propagates_non_eof_errors ... ok
test (x86_64-unknown-linux-gnu)	Test (workspace, --lib --tests)	2026-08-10T09:51:20.4169405Z 
test (x86_64-unknown-linux-gnu)	Test (workspace, --lib --tests)	2026-08-10T09:51:20.4169932Z test result: ok. 4 passed; 0 failed; 0 ignored; 0 measured; 0 filtered out; finished in 0.10s
test (x86_64-unknown-linux-gnu)	Test (workspace, --lib --tests)	2026-08-10T09:51:20.4170553Z 
test (x86_64-unknown-linux-gnu)	Test (workspace, --lib --tests)	2026-08-10T09:51:20.4174142Z ^[[1m^[[92m     Running^[[0m tests/subscribe.rs (target/x86_64-unknown-linux-gnu/debug/deps/subscribe-c95274db54204305)
test (x86_64-unknown-linux-gnu)	Test (workspace, --lib --tests)	2026-08-10T09:51:20.4187781Z 
test (x86_64-unknown-linux-gnu)	Test (workspace, --lib --tests)	2026-08-10T09:51:20.4188119Z running 8 tests
test (x86_64-unknown-linux-gnu)	Test (workspace, --lib --tests)	2026-08-10T09:51:22.4346323Z test open_subscribes_and_receives_subscribe_ack ... ok
test (x86_64-unknown-linux-gnu)	Test (workspace, --lib --tests)	2026-08-10T09:51:22.4348434Z test message_frame_classified_with_payload ... ok
test (x86_64-unknown-linux-gnu)	Test (workspace, --lib --tests)	2026-08-10T09:51:22.4349618Z test malformed_frame_yields_invalid_data ... ok
test (x86_64-unknown-linux-gnu)	Test (workspace, --lib --tests)	2026-08-10T09:51:22.4350483Z test psubscribe_then_pmessage_round_trip ... ok
test (x86_64-unknown-linux-gnu)	Test (workspace, --lib --tests)	2026-08-10T09:51:22.4352238Z test server_close_yields_unexpected_eof ... ok
test (x86_64-unknown-linux-gnu)	Test (workspace, --lib --tests)	2026-08-10T09:51:22.5383234Z test read_timeout_blocks_recv ... ok
test (x86_64-unknown-linux-gnu)	Test (workspace, --lib --tests)	2026-08-10T09:51:24.4824642Z test unknown_pubsub_kind_yields_invalid_data ... ok
test (x86_64-unknown-linux-gnu)	Test (workspace, --lib --tests)	2026-08-10T09:51:24.4825723Z test unsubscribe_with_nil_channel_classified_as_none ... ok
test (x86_64-unknown-linux-gnu)	Test (workspace, --lib --tests)	2026-08-10T09:51:24.4826362Z 
test (x86_64-unknown-linux-gnu)	Test (workspace, --lib --tests)	2026-08-10T09:51:24.4827035Z test result: ok. 8 passed; 0 failed; 0 ignored; 0 measured; 0 filtered out; finished in 4.06s
test (x86_64-unknown-linux-gnu)	Test (workspace, --lib --tests)	2026-08-10T09:51:24.4827919Z 
test (x86_64-unknown-linux-gnu)	Test (workspace, --lib --tests)	2026-08-10T09:51:24.4831788Z ^[[1m^[[92m     Running^[[0m tests/transaction.rs (target/x86_64-unknown-linux-gnu/debug/deps/transaction-784253efc0ed65f5)
test (x86_64-unknown-linux-gnu)	Test (workspace, --lib --tests)	2026-08-10T09:51:24.4843779Z 
test (x86_64-unknown-linux-gnu)	Test (workspace, --lib --tests)	2026-08-10T09:51:24.4843980Z running 13 tests
test (x86_64-unknown-linux-gnu)	Test (workspace, --lib --tests)	2026-08-10T09:51:26.5305342Z test exec_typed_type_mismatch_surfaces_invalid_data ... ok
test (x86_64-unknown-linux-gnu)	Test (workspace, --lib --tests)	2026-08-10T09:51:26.5306571Z test exec_watched_typed_returns_none_on_abort ... ok
test (x86_64-unknown-linux-gnu)	Test (workspace, --lib --tests)	2026-08-10T09:51:26.5307773Z test exec_typed_aborted_by_watch_errors ... ok
test (x86_64-unknown-linux-gnu)	Test (workspace, --lib --tests)	2026-08-10T09:51:28.5784809Z test multi_drop_sends_implicit_discard ... ok
test (x86_64-unknown-linux-gnu)	Test (workspace, --lib --tests)	2026-08-10T09:51:28.5785831Z test multi_discard_clears_queue ... ok
test (x86_64-unknown-linux-gnu)	Test (workspace, --lib --tests)	2026-08-10T09:51:30.6265017Z test expect_empty_errors_when_replies_left_unconsumed ... ok
test (x86_64-unknown-linux-gnu)	Test (workspace, --lib --tests)	2026-08-10T09:51:30.6265812Z test exec_typed_reads_mixed_replies_in_order ... ok
test (x86_64-unknown-linux-gnu)	Test (workspace, --lib --tests)	2026-08-10T09:51:30.6270150Z test watch_on_embedded_returns_unsupported ... ok
test (x86_64-unknown-linux-gnu)	Test (workspace, --lib --tests)	2026-08-10T09:51:30.6270910Z test unwatch_sends_off_the_wire ... ok
test (x86_64-unknown-linux-gnu)	Test (workspace, --lib --tests)	2026-08-10T09:51:32.6743770Z test multi_queue_exec_returns_array ... ok
test (x86_64-unknown-linux-gnu)	Test (workspace, --lib --tests)	2026-08-10T09:51:32.6744246Z test watch_then_multi_exec_success ... ok
test (x86_64-unknown-linux-gnu)	Test (workspace, --lib --tests)	2026-08-10T09:51:32.6744617Z test watch_then_exec_aborted_returns_none ... ok
test (x86_64-unknown-linux-gnu)	Test (workspace, --lib --tests)	2026-08-10T09:51:34.7225166Z test typed_builders_chain_and_exec ... ok
test (x86_64-unknown-linux-gnu)	Test (workspace, --lib --tests)	2026-08-10T09:51:34.7225697Z 
test (x86_64-unknown-linux-gnu)	Test (workspace, --lib --tests)	2026-08-10T09:51:34.7226057Z test result: ok. 13 passed; 0 failed; 0 ignored; 0 measured; 0 filtered out; finished in 10.24s
test (x86_64-unknown-linux-gnu)	Test (workspace, --lib --tests)	2026-08-10T09:51:34.7226515Z 
test (x86_64-unknown-linux-gnu)	Test (workspace, --lib --tests)	2026-08-10T09:51:34.7231069Z ^[[1m^[[92m     Running^[[0m tests/wrap_parity.rs (target/x86_64-unknown-linux-gnu/debug/deps/wrap_parity-7591eaa6c26d5a86)
test (x86_64-unknown-linux-gnu)	Test (workspace, --lib --tests)	2026-08-10T09:51:34.7248680Z 
test (x86_64-unknown-linux-gnu)	Test (workspace, --lib --tests)	2026-08-10T09:51:34.7249015Z running 8 tests
test (x86_64-unknown-linux-gnu)	Test (workspace, --lib --tests)	2026-08-10T09:51:34.7956532Z test blocking_pop_immediate_when_data_present ... ok
test (x86_64-unknown-linux-gnu)	Test (workspace, --lib --tests)	2026-08-10T09:51:34.8242556Z test feed_shards_tail_read_round_trip ... ok
test (x86_64-unknown-linux-gnu)	Test (workspace, --lib --tests)	2026-08-10T09:51:34.8610229Z test hash_field_ttl_round_trip ... ok
test (x86_64-unknown-linux-gnu)	Test (workspace, --lib --tests)	2026-08-10T09:51:34.9039071Z test blocking_pop_wakes_on_push_from_other_connection ... ok
test (x86_64-unknown-linux-gnu)	Test (workspace, --lib --tests)	2026-08-10T09:51:34.9267937Z test pipeline_sends_batch_and_reads_replies_in_order ... ok
test (x86_64-unknown-linux-gnu)	Test (workspace, --lib --tests)	2026-08-10T09:51:34.9716418Z test zset_algebra_store_and_card ... ok
test (x86_64-unknown-linux-gnu)	Test (workspace, --lib --tests)	2026-08-10T09:51:35.0050809Z test idx_create_query_list_drop_round_trip ... ok
test (x86_64-unknown-linux-gnu)	Test (workspace, --lib --tests)	2026-08-10T09:51:35.5154311Z test blocking_pop_timeout_returns_none ... ok
test (x86_64-unknown-linux-gnu)	Test (workspace, --lib --tests)	2026-08-10T09:51:35.5154635Z 
test (x86_64-unknown-linux-gnu)	Test (workspace, --lib --tests)	2026-08-10T09:51:35.5154941Z test result: ok. 8 passed; 0 failed; 0 ignored; 0 measured; 0 filtered out; finished in 0.79s
test (x86_64-unknown-linux-gnu)	Test (workspace, --lib --tests)	2026-08-10T09:51:35.5155365Z 
test (x86_64-unknown-linux-gnu)	Test (workspace, --lib --tests)	2026-08-10T09:51:35.5180576Z ^[[1m^[[92m     Running^[[0m unittests src/lib.rs (target/x86_64-unknown-linux-gnu/debug/deps/kevy_client_async-7668adda7fd87b8a)
test (x86_64-unknown-linux-gnu)	Test (workspace, --lib --tests)	2026-08-10T09:51:35.5191165Z 
test (x86_64-unknown-linux-gnu)	Test (workspace, --lib --tests)	2026-08-10T09:51:35.5191352Z running 12 tests
test (x86_64-unknown-linux-gnu)	Test (workspace, --lib --tests)	2026-08-10T09:51:35.5197829Z test cluster_topology::tests::keys_route_to_their_slot_owner ... ok
test (x86_64-unknown-linux-gnu)	Test (workspace, --lib --tests)	2026-08-10T09:51:35.5198724Z test cluster_topology::tests::parse_and_build_4_shard_topology ... ok
test (x86_64-unknown-linux-gnu)	Test (workspace, --lib --tests)	2026-08-10T09:51:35.5199790Z test cluster_topology::tests::rejects_empty_and_malformed ... ok
test (x86_64-unknown-linux-gnu)	Test (workspace, --lib --tests)	2026-08-10T09:51:35.5200482Z test codec::tests::pipeline_batches_three_commands ... ok
test (x86_64-unknown-linux-gnu)	Test (workspace, --lib --tests)	2026-08-10T09:51:35.5201130Z test pipeline::tests::empty_pipeline_yields_empty_cmds ... ok
test (x86_64-unknown-linux-gnu)	Test (workspace, --lib --tests)	2026-08-10T09:51:35.5201929Z test codec::tests::request_sends_command_and_parses_reply ... ok
test (x86_64-unknown-linux-gnu)	Test (workspace, --lib --tests)	2026-08-10T09:51:35.5202663Z test pipeline::tests::builder_accumulates_in_order ... ok
test (x86_64-unknown-linux-gnu)	Test (workspace, --lib --tests)	2026-08-10T09:51:35.5203303Z test url::tests::embedded_schemes_get_the_pointed_error ... ok
test (x86_64-unknown-linux-gnu)	Test (workspace, --lib --tests)	2026-08-10T09:51:35.5203755Z test url::tests::kevy_redis_tcp_schemes_resolve ... ok
test (x86_64-unknown-linux-gnu)	Test (workspace, --lib --tests)	2026-08-10T09:51:35.5204164Z test pipeline::tests::push_raw_escape_hatch ... ok
test (x86_64-unknown-linux-gnu)	Test (workspace, --lib --tests)	2026-08-10T09:51:35.5204642Z test url::tests::kevy_url_carries_db_index ... ok
test (x86_64-unknown-linux-gnu)	Test (workspace, --lib --tests)	2026-08-10T09:51:35.5205662Z test url::tests::tls_and_userinfo_still_rejected ... ok
test (x86_64-unknown-linux-gnu)	Test (workspace, --lib --tests)	2026-08-10T09:51:35.5206298Z 
test (x86_64-unknown-linux-gnu)	Test (workspace, --lib --tests)	2026-08-10T09:51:35.5206662Z test result: ok. 12 passed; 0 failed; 0 ignored; 0 measured; 0 filtered out; finished in 0.00s
test (x86_64-unknown-linux-gnu)	Test (workspace, --lib --tests)	2026-08-10T09:51:35.5207114Z 
test (x86_64-unknown-linux-gnu)	Test (workspace, --lib --tests)	2026-08-10T09:51:35.5207743Z ^[[1m^[[92m     Running^[[0m tests/async_std_basic.rs (target/x86_64-unknown-linux-gnu/debug/deps/async_std_basic-a189cb3c6704d5d1)
test (x86_64-unknown-linux-gnu)	Test (workspace, --lib --tests)	2026-08-10T09:51:35.5214368Z 
test (x86_64-unknown-linux-gnu)	Test (workspace, --lib --tests)	2026-08-10T09:51:35.5214535Z running 0 tests
test (x86_64-unknown-linux-gnu)	Test (workspace, --lib --tests)	2026-08-10T09:51:35.5214751Z 
test (x86_64-unknown-linux-gnu)	Test (workspace, --lib --tests)	2026-08-10T09:51:35.5215156Z test result: ok. 0 passed; 0 failed; 0 ignored; 0 measured; 0 filtered out; finished in 0.00s
test (x86_64-unknown-linux-gnu)	Test (workspace, --lib --tests)	2026-08-10T09:51:35.5215694Z 
test (x86_64-unknown-linux-gnu)	Test (workspace, --lib --tests)	2026-08-10T09:51:35.5217043Z ^[[1m^[[92m     Running^[[0m tests/bench_vs_blocking.rs (target/x86_64-unknown-linux-gnu/debug/deps/bench_vs_blocking-003e37a086837a91)
test (x86_64-unknown-linux-gnu)	Test (workspace, --lib --tests)	2026-08-10T09:51:35.5228945Z 
test (x86_64-unknown-linux-gnu)	Test (workspace, --lib --tests)	2026-08-10T09:51:35.5229289Z running 3 tests
test (x86_64-unknown-linux-gnu)	Test (workspace, --lib --tests)	2026-08-10T09:51:35.5230284Z test async_pipelined ... ignored
test (x86_64-unknown-linux-gnu)	Test (workspace, --lib --tests)	2026-08-10T09:51:35.5230723Z test async_sequential ... ignored
test (x86_64-unknown-linux-gnu)	Test (workspace, --lib --tests)	2026-08-10T09:51:35.5231158Z test blocking_sequential ... ignored
test (x86_64-unknown-linux-gnu)	Test (workspace, --lib --tests)	2026-08-10T09:51:35.5231347Z 
test (x86_64-unknown-linux-gnu)	Test (workspace, --lib --tests)	2026-08-10T09:51:35.5231602Z test result: ok. 0 passed; 0 failed; 3 ignored; 0 measured; 0 filtered out; finished in 0.00s
test (x86_64-unknown-linux-gnu)	Test (workspace, --lib --tests)	2026-08-10T09:51:35.5231934Z 
test (x86_64-unknown-linux-gnu)	Test (workspace, --lib --tests)	2026-08-10T09:51:35.5232882Z ^[[1m^[[92m     Running^[[0m tests/smol_basic.rs (target/x86_64-unknown-linux-gnu/debug/deps/smol_basic-bc4c6797a4f396e6)
test (x86_64-unknown-linux-gnu)	Test (workspace, --lib --tests)	2026-08-10T09:51:35.5242102Z 
test (x86_64-unknown-linux-gnu)	Test (workspace, --lib --tests)	2026-08-10T09:51:35.5242419Z running 0 tests
test (x86_64-unknown-linux-gnu)	Test (workspace, --lib --tests)	2026-08-10T09:51:35.5242629Z 
test (x86_64-unknown-linux-gnu)	Test (workspace, --lib --tests)	2026-08-10T09:51:35.5242892Z test result: ok. 0 passed; 0 failed; 0 ignored; 0 measured; 0 filtered out; finished in 0.00s
test (x86_64-unknown-linux-gnu)	Test (workspace, --lib --tests)	2026-08-10T09:51:35.5243246Z 
test (x86_64-unknown-linux-gnu)	Test (workspace, --lib --tests)	2026-08-10T09:51:35.5245361Z ^[[1m^[[92m     Running^[[0m tests/tokio_basic.rs (target/x86_64-unknown-linux-gnu/debug/deps/tokio_basic-311eb216f4dee5b6)
test (x86_64-unknown-linux-gnu)	Test (workspace, --lib --tests)	2026-08-10T09:51:35.5255266Z 
test (x86_64-unknown-linux-gnu)	Test (workspace, --lib --tests)	2026-08-10T09:51:35.5255431Z running 5 tests
test (x86_64-unknown-linux-gnu)	Test (workspace, --lib --tests)	2026-08-10T09:51:35.5264369Z test ping_round_trip ... ok
test (x86_64-unknown-linux-gnu)	Test (workspace, --lib --tests)	2026-08-10T09:51:35.5264908Z test server_close_yields_unexpected_eof ... ok
test (x86_64-unknown-linux-gnu)	Test (workspace, --lib --tests)	2026-08-10T09:51:35.5265505Z test pipeline_one_round_trip ... ok
test (x86_64-unknown-linux-gnu)	Test (workspace, --lib --tests)	2026-08-10T09:51:35.5266106Z test connect_works_with_real_tcpstream_typeshape ... ok
test (x86_64-unknown-linux-gnu)	Test (workspace, --lib --tests)	2026-08-10T09:51:35.5269090Z test set_then_get ... ok
test (x86_64-unknown-linux-gnu)	Test (workspace, --lib --tests)	2026-08-10T09:51:35.5270031Z 
test (x86_64-unknown-linux-gnu)	Test (workspace, --lib --tests)	2026-08-10T09:51:35.5270293Z test result: ok. 5 passed; 0 failed; 0 ignored; 0 measured; 0 filtered out; finished in 0.00s
test (x86_64-unknown-linux-gnu)	Test (workspace, --lib --tests)	2026-08-10T09:51:35.5270674Z 
test (x86_64-unknown-linux-gnu)	Test (workspace, --lib --tests)	2026-08-10T09:51:35.5272499Z ^[[1m^[[92m     Running^[[0m unittests src/lib.rs (target/x86_64-unknown-linux-gnu/debug/deps/kevy_cluster_rw-7f226abe72aee3a8)
test (x86_64-unknown-linux-gnu)	Test (workspace, --lib --tests)	2026-08-10T09:51:35.5280628Z 
test (x86_64-unknown-linux-gnu)	Test (workspace, --lib --tests)	2026-08-10T09:51:35.5280779Z running 12 tests
test (x86_64-unknown-linux-gnu)	Test (workspace, --lib --tests)	2026-08-10T09:51:35.5283526Z test tests::classification_is_case_insensitive ... ok
test (x86_64-unknown-linux-gnu)	Test (workspace, --lib --tests)	2026-08-10T09:51:35.5284277Z test tests::long_verb_doesnt_panic_on_classification ... ok
test (x86_64-unknown-linux-gnu)	Test (workspace, --lib --tests)	2026-08-10T09:51:35.5285444Z test tests::parse_misdirected_rejects_unrelated_error ... ok
test (x86_64-unknown-linux-gnu)	Test (workspace, --lib --tests)	2026-08-10T09:51:35.5286100Z test tests::parse_misdirected_basic ... ok
test (x86_64-unknown-linux-gnu)	Test (workspace, --lib --tests)	2026-08-10T09:51:35.5288171Z test tests::parse_misdirected_strips_trailing_crlf ... ok
test (x86_64-unknown-linux-gnu)	Test (workspace, --lib --tests)	2026-08-10T09:51:35.5288798Z test tests::parse_quiesced_basic ... ok
test (x86_64-unknown-linux-gnu)	Test (workspace, --lib --tests)	2026-08-10T09:51:35.5289525Z test tests::parse_quiesced_strips_trailing_crlf ... ok
test (x86_64-unknown-linux-gnu)	Test (workspace, --lib --tests)	2026-08-10T09:51:35.5290114Z test tests::split_host_port_rejects_bad_inputs ... ok
test (x86_64-unknown-linux-gnu)	Test (workspace, --lib --tests)	2026-08-10T09:51:35.5290758Z test tests::parse_quiesced_rejects_unrelated_error ... ok
test (x86_64-unknown-linux-gnu)	Test (workspace, --lib --tests)	2026-08-10T09:51:35.5291146Z test tests::reads_classified_correctly ... ok
test (x86_64-unknown-linux-gnu)	Test (workspace, --lib --tests)	2026-08-10T09:51:35.5291628Z test tests::split_host_port_dotted_v4_and_dns ... ok
test (x86_64-unknown-linux-gnu)	Test (workspace, --lib --tests)	2026-08-10T09:51:35.5292577Z ^[[1m^[[92m     Running^[[0m tests/rw_split.rs (target/x86_64-unknown-linux-gnu/debug/deps/rw_split-05fc545cb41095c0)
test (x86_64-unknown-linux-gnu)	Test (workspace, --lib --tests)	2026-08-10T09:51:35.5293094Z test tests::writes_classified_correctly ... ok
test (x86_64-unknown-linux-gnu)	Test (workspace, --lib --tests)	2026-08-10T09:51:35.5293320Z 
test (x86_64-unknown-linux-gnu)	Test (workspace, --lib --tests)	2026-08-10T09:51:35.5293559Z test result: ok. 12 passed; 0 failed; 0 ignored; 0 measured; 0 filtered out; finished in 0.00s
test (x86_64-unknown-linux-gnu)	Test (workspace, --lib --tests)	2026-08-10T09:51:35.5293893Z 
test (x86_64-unknown-linux-gnu)	Test (workspace, --lib --tests)	2026-08-10T09:51:35.5306135Z 
test (x86_64-unknown-linux-gnu)	Test (workspace, --lib --tests)	2026-08-10T09:51:35.5306305Z running 6 tests
test (x86_64-unknown-linux-gnu)	Test (workspace, --lib --tests)	2026-08-10T09:51:35.5375533Z test read_falls_back_to_primary_when_no_replicas ... ok
test (x86_64-unknown-linux-gnu)	Test (workspace, --lib --tests)	2026-08-10T09:51:35.6208170Z test reconnect_outside_backlog_triggers_snapshot ... ok
test (x86_64-unknown-linux-gnu)	Test (workspace, --lib --tests)	2026-08-10T09:51:35.6294058Z test reconnect_within_backlog_resumes_no_snapshot ... ok
test (x86_64-unknown-linux-gnu)	Test (workspace, --lib --tests)	2026-08-10T09:51:35.6702641Z test readconsistent_sees_fresh_write_before_replica_lag ... ok
test (x86_64-unknown-linux-gnu)	Test (workspace, --lib --tests)	2026-08-10T09:51:35.7543397Z test write_lands_on_primary_read_round_robins_to_replica ... ok
test (x86_64-unknown-linux-gnu)	Test (workspace, --lib --tests)	2026-08-10T09:51:35.8191893Z test types_matrix_one_primary_two_replicas ... ok
test (x86_64-unknown-linux-gnu)	Test (workspace, --lib --tests)	2026-08-10T09:51:35.8192509Z 
test (x86_64-unknown-linux-gnu)	Test (workspace, --lib --tests)	2026-08-10T09:51:35.8193000Z test result: ok. 6 passed; 0 failed; 0 ignored; 0 measured; 0 filtered out; finished in 0.29s
test (x86_64-unknown-linux-gnu)	Test (workspace, --lib --tests)	2026-08-10T09:51:35.8193527Z 
test (x86_64-unknown-linux-gnu)	Test (workspace, --lib --tests)	2026-08-10T09:51:35.8200005Z ^[[1m^[[92m     Running^[[0m unittests src/lib.rs (target/x86_64-unknown-linux-gnu/debug/deps/kevy_compress-857d95dc74f85025)
test (x86_64-unknown-linux-gnu)	Test (workspace, --lib --tests)	2026-08-10T09:51:35.8211296Z 
test (x86_64-unknown-linux-gnu)	Test (workspace, --lib --tests)	2026-08-10T09:51:35.8211543Z running 10 tests
test (x86_64-unknown-linux-gnu)	Test (workspace, --lib --tests)	2026-08-10T09:51:35.8215460Z test huff::tests::corrupt_headers_reject ... ok
test (x86_64-unknown-linux-gnu)	Test (workspace, --lib --tests)	2026-08-10T09:51:35.8230213Z test tests::dictionary_boundary_crossing_match ... ok
test (x86_64-unknown-linux-gnu)	Test (workspace, --lib --tests)	2026-08-10T09:51:35.8234222Z test huff::tests::roundtrips_and_shrinks_text ... ok
test (x86_64-unknown-linux-gnu)	Test (workspace, --lib --tests)	2026-08-10T09:51:35.8237093Z test tests::k2_incompressible_never_expands ... ok
test (x86_64-unknown-linux-gnu)	Test (workspace, --lib --tests)	2026-08-10T09:51:35.8268404Z test huff::tests::single_symbol_and_skewed_inputs_roundtrip ... ok
test (x86_64-unknown-linux-gnu)	Test (workspace, --lib --tests)	2026-08-10T09:51:35.8269621Z test tests::k3_corrupt_frames_reject ... ok
test (x86_64-unknown-linux-gnu)	Test (workspace, --lib --tests)	2026-08-10T09:51:35.8270305Z test tests::roundtrips_across_shapes ... ok
test (x86_64-unknown-linux-gnu)	Test (workspace, --lib --tests)	2026-08-10T09:51:35.8305715Z test tests::high_level_roundtrips_and_never_loses_to_fast ... ok
test (x86_64-unknown-linux-gnu)	Test (workspace, --lib --tests)	2026-08-10T09:51:35.8338345Z test tests::train_bounds_its_budget ... ok
test (x86_64-unknown-linux-gnu)	Test (workspace, --lib --tests)	2026-08-10T09:51:35.8818447Z test tests::k4_identical_values_collapse_against_the_dictionary ... ok
test (x86_64-unknown-linux-gnu)	Test (workspace, --lib --tests)	2026-08-10T09:51:35.8818984Z 
test (x86_64-unknown-linux-gnu)	Test (workspace, --lib --tests)	2026-08-10T09:51:35.8819636Z test result: ok. 10 passed; 0 failed; 0 ignored; 0 measured; 0 filtered out; finished in 0.06s
test (x86_64-unknown-linux-gnu)	Test (workspace, --lib --tests)	2026-08-10T09:51:35.8820045Z 
test (x86_64-unknown-linux-gnu)	Test (workspace, --lib --tests)	2026-08-10T09:51:35.8822975Z ^[[1m^[[92m     Running^[[0m unittests src/lib.rs (target/x86_64-unknown-linux-gnu/debug/deps/kevy_config-746d203a324e5c6d)
test (x86_64-unknown-linux-gnu)	Test (workspace, --lib --tests)	2026-08-10T09:51:35.8834144Z 
test (x86_64-unknown-linux-gnu)	Test (workspace, --lib --tests)	2026-08-10T09:51:35.8834341Z running 75 tests
test (x86_64-unknown-linux-gnu)	Test (workspace, --lib --tests)	2026-08-10T09:51:35.8839677Z test apply::tests::enum_parsers_are_case_insensitive ... ok
test (x86_64-unknown-linux-gnu)	Test (workspace, --lib --tests)	2026-08-10T09:51:35.8844046Z test apply::tests::ipv4_parser ... ok
test (x86_64-unknown-linux-gnu)	Test (workspace, --lib --tests)	2026-08-10T09:51:35.8844786Z test cluster::peer_entry_tests::parse_list_empty_is_empty ... ok
test (x86_64-unknown-linux-gnu)	Test (workspace, --lib --tests)	2026-08-10T09:51:35.8845816Z test cluster::peer_entry_tests::parse_list_first_bad_token_errs ... ok
test (x86_64-unknown-linux-gnu)	Test (workspace, --lib --tests)	2026-08-10T09:51:35.8846511Z test cluster::peer_entry_tests::parse_list_three_peers_trim_tolerated ... ok
test (x86_64-unknown-linux-gnu)	Test (workspace, --lib --tests)	2026-08-10T09:51:35.8847614Z test cluster::peer_entry_tests::parse_list_trailing_comma_ok ... ok
test (x86_64-unknown-linux-gnu)	Test (workspace, --lib --tests)	2026-08-10T09:51:35.8848424Z test cluster::peer_entry_tests::parse_one_basic ... ok
test (x86_64-unknown-linux-gnu)	Test (workspace, --lib --tests)	2026-08-10T09:51:35.8848964Z test cluster::peer_entry_tests::parse_one_dns_host ... ok
test (x86_64-unknown-linux-gnu)	Test (workspace, --lib --tests)	2026-08-10T09:51:35.8849957Z test cluster::peer_entry_tests::parse_one_rejects_empty_id_host_or_bad_port ... ok
test (x86_64-unknown-linux-gnu)	Test (workspace, --lib --tests)	2026-08-10T09:51:35.8850596Z test cluster::peer_entry_tests::to_token_round_trips ... ok
test (x86_64-unknown-linux-gnu)	Test (workspace, --lib --tests)	2026-08-10T09:51:35.8851206Z test cluster::peer_entry_tests::parse_one_extended_form_sets_client_port ... ok
test (x86_64-unknown-linux-gnu)	Test (workspace, --lib --tests)	2026-08-10T09:51:35.8851882Z test cluster::peer_entry_tests::parse_one_extended_form_dns_host ... ok
test (x86_64-unknown-linux-gnu)	Test (workspace, --lib --tests)	2026-08-10T09:51:35.8852670Z test cluster::scope_entry_tests::parse_list_first_bad_token_errs ... ok
test (x86_64-unknown-linux-gnu)	Test (workspace, --lib --tests)	2026-08-10T09:51:35.8855042Z test cluster::scope_entry_tests::parse_list_two_scopes ... ok
test (x86_64-unknown-linux-gnu)	Test (workspace, --lib --tests)	2026-08-10T09:51:35.8856062Z test cluster::scope_entry_tests::parse_one_prefix_with_colons ... ok
test (x86_64-unknown-linux-gnu)	Test (workspace, --lib --tests)	2026-08-10T09:51:35.8856890Z test cluster::scope_entry_tests::parse_one_rejects_empty_fallback_side ... ok
test (x86_64-unknown-linux-gnu)	Test (workspace, --lib --tests)	2026-08-10T09:51:35.8857576Z test cluster::scope_entry_tests::parse_one_rejects_empty_prefix_or_writer ... ok
test (x86_64-unknown-linux-gnu)	Test (workspace, --lib --tests)	2026-08-10T09:51:35.8858794Z test cluster::scope_entry_tests::parse_one_writer_only ... ok
test (x86_64-unknown-linux-gnu)	Test (workspace, --lib --tests)	2026-08-10T09:51:35.8861556Z test cluster::scope_entry_tests::parse_one_rejects_embedded_comma ... ok
test (x86_64-unknown-linux-gnu)	Test (workspace, --lib --tests)	2026-08-10T09:51:35.8862336Z test cluster::scope_entry_tests::to_token_round_trips ... ok
test (x86_64-unknown-linux-gnu)	Test (workspace, --lib --tests)	2026-08-10T09:51:35.8863101Z test cluster::scope_entry_tests::parse_one_writer_and_fallback ... ok
test (x86_64-unknown-linux-gnu)	Test (workspace, --lib --tests)	2026-08-10T09:51:35.8864121Z test emit::tests::preserving_updates_service_section_values_in_place ... ok
test (x86_64-unknown-linux-gnu)	Test (workspace, --lib --tests)	2026-08-10T09:51:35.8864653Z test emit::tests::preserving_round_trips_every_section ... ok
test (x86_64-unknown-linux-gnu)	Test (workspace, --lib --tests)	2026-08-10T09:51:35.8865334Z test emit::tests::rewrite_keeps_cluster_enabled ... ok
test (x86_64-unknown-linux-gnu)	Test (workspace, --lib --tests)	2026-08-10T09:51:35.8865922Z test emit::tests::template_round_trips_defaults ... ok
test (x86_64-unknown-linux-gnu)	Test (workspace, --lib --tests)	2026-08-10T09:51:35.8866456Z test lex::tests::comment_stripped ... ok
test (x86_64-unknown-linux-gnu)	Test (workspace, --lib --tests)	2026-08-10T09:51:35.8866760Z test lex::tests::empty_input ... ok
test (x86_64-unknown-linux-gnu)	Test (workspace, --lib --tests)	2026-08-10T09:51:35.8867153Z test lex::tests::key_int_value ... ok
test (x86_64-unknown-linux-gnu)	Test (workspace, --lib --tests)	2026-08-10T09:51:35.8867662Z test lex::tests::line_col_tracking ... ok
test (x86_64-unknown-linux-gnu)	Test (workspace, --lib --tests)	2026-08-10T09:51:35.8868232Z test lex::tests::newline_inside_string_errors ... ok
test (x86_64-unknown-linux-gnu)	Test (workspace, --lib --tests)	2026-08-10T09:51:35.8868646Z test emit::tests::template_round_trips_every_section ... ok
test (x86_64-unknown-linux-gnu)	Test (workspace, --lib --tests)	2026-08-10T09:51:35.8868975Z test lex::tests::section_header ... ok
test (x86_64-unknown-linux-gnu)	Test (workspace, --lib --tests)	2026-08-10T09:51:35.8869603Z test lex::tests::quoted_strings ... ok
test (x86_64-unknown-linux-gnu)	Test (workspace, --lib --tests)	2026-08-10T09:51:35.8870108Z test lex::tests::key_bool_value ... ok
test (x86_64-unknown-linux-gnu)	Test (workspace, --lib --tests)	2026-08-10T09:51:35.8870762Z test lex::tests::signed_and_underscored_ints ... ok
test (x86_64-unknown-linux-gnu)	Test (workspace, --lib --tests)	2026-08-10T09:51:35.8871278Z test lex::tests::unknown_char_errors ... ok
test (x86_64-unknown-linux-gnu)	Test (workspace, --lib --tests)	2026-08-10T09:51:35.8871592Z test lex::tests::unterminated_string_errors ... ok
test (x86_64-unknown-linux-gnu)	Test (workspace, --lib --tests)	2026-08-10T09:51:35.8871949Z test parse::array_tests::a_missing_comma_is_an_error ... ok
test (x86_64-unknown-linux-gnu)	Test (workspace, --lib --tests)	2026-08-10T09:51:35.8872515Z test parse::array_tests::an_unclosed_array_is_an_error ... ok
test (x86_64-unknown-linux-gnu)	Test (workspace, --lib --tests)	2026-08-10T09:51:35.8873193Z test parse::array_tests::empty_array ... ok
test (x86_64-unknown-linux-gnu)	Test (workspace, --lib --tests)	2026-08-10T09:51:35.8873813Z test parse::array_tests::integers_keep_their_text ... ok
test (x86_64-unknown-linux-gnu)	Test (workspace, --lib --tests)	2026-08-10T09:51:35.8874500Z test parse::array_tests::multi_line_with_a_trailing_comma ... ok
test (x86_64-unknown-linux-gnu)	Test (workspace, --lib --tests)	2026-08-10T09:51:35.8875273Z test parse::array_tests::the_comma_separated_string_still_parses ... ok
test (x86_64-unknown-linux-gnu)	Test (workspace, --lib --tests)	2026-08-10T09:51:35.8876032Z test parse::array_tests::the_config_the_docs_documented ... ok
test (x86_64-unknown-linux-gnu)	Test (workspace, --lib --tests)	2026-08-10T09:51:35.8876658Z test parse::tests::bare_section_header_is_ok ... ok
test (x86_64-unknown-linux-gnu)	Test (workspace, --lib --tests)	2026-08-10T09:51:35.8877122Z test parse::tests::empty_input_parses_to_nothing ... ok
test (x86_64-unknown-linux-gnu)	Test (workspace, --lib --tests)	2026-08-10T09:51:35.8877781Z test parse::tests::blank_lines_between_keys_ok ... ok
test (x86_64-unknown-linux-gnu)	Test (workspace, --lib --tests)	2026-08-10T09:51:35.8878541Z test parse::tests::duplicate_section_overwrites_current_section_pointer ... ok
test (x86_64-unknown-linux-gnu)	Test (workspace, --lib --tests)	2026-08-10T09:51:35.8879757Z test parse::tests::eof_errors_carry_end_position ... ok
test (x86_64-unknown-linux-gnu)	Test (workspace, --lib --tests)	2026-08-10T09:51:35.8880352Z test parse::tests::missing_equals_errors ... ok
test (x86_64-unknown-linux-gnu)	Test (workspace, --lib --tests)	2026-08-10T09:51:35.8880919Z test parse::tests::key_before_any_section ... ok
test (x86_64-unknown-linux-gnu)	Test (workspace, --lib --tests)	2026-08-10T09:51:35.8881502Z test parse::tests::last_line_without_newline ... ok
test (x86_64-unknown-linux-gnu)	Test (workspace, --lib --tests)	2026-08-10T09:51:35.8882080Z test parse::tests::missing_rbracket_errors ... ok
test (x86_64-unknown-linux-gnu)	Test (workspace, --lib --tests)	2026-08-10T09:51:35.8882619Z test parse::tests::section_then_keys ... ok
test (x86_64-unknown-linux-gnu)	Test (workspace, --lib --tests)	2026-08-10T09:51:35.8883226Z test parse::tests::second_statement_on_same_line_errors ... ok
test (x86_64-unknown-linux-gnu)	Test (workspace, --lib --tests)	2026-08-10T09:51:35.8883848Z test size::tests::bare_integer_is_bytes ... ok
test (x86_64-unknown-linux-gnu)	Test (workspace, --lib --tests)	2026-08-10T09:51:35.8884418Z test size::tests::binary_multipliers_match_redis ... ok
test (x86_64-unknown-linux-gnu)	Test (workspace, --lib --tests)	2026-08-10T09:51:35.8884969Z test size::tests::float_rejected ... ok
test (x86_64-unknown-linux-gnu)	Test (workspace, --lib --tests)	2026-08-10T09:51:35.8885514Z test size::tests::empty_or_no_number_rejected ... ok
test (x86_64-unknown-linux-gnu)	Test (workspace, --lib --tests)	2026-08-10T09:51:35.8886086Z test size::tests::overflow_reported ... ok
test (x86_64-unknown-linux-gnu)	Test (workspace, --lib --tests)	2026-08-10T09:51:35.8886621Z test size::tests::unknown_unit_rejected ... ok
test (x86_64-unknown-linux-gnu)	Test (workspace, --lib --tests)	2026-08-10T09:51:35.8887247Z test tests::cli_overrides_apply_in_order ... ok
test (x86_64-unknown-linux-gnu)	Test (workspace, --lib --tests)	2026-08-10T09:51:35.8887792Z test size::tests::whitespace_tolerated ... ok
test (x86_64-unknown-linux-gnu)	Test (workspace, --lib --tests)	2026-08-10T09:51:35.8888317Z test tests::defaults_match_documented_values ... ok
test (x86_64-unknown-linux-gnu)	Test (workspace, --lib --tests)	2026-08-10T09:51:35.8888673Z test tests::env_overrides_apply ... ok
test (x86_64-unknown-linux-gnu)	Test (workspace, --lib --tests)	2026-08-10T09:51:35.8889038Z test tests::to_toml_string_escapes_quotes_and_backslashes_in_paths ... ok
test (x86_64-unknown-linux-gnu)	Test (workspace, --lib --tests)	2026-08-10T09:51:35.8889804Z test tests::to_toml_string_round_trips_through_parser ... ok
test (x86_64-unknown-linux-gnu)	Test (workspace, --lib --tests)	2026-08-10T09:51:35.8890330Z test tiering::tests::canonical_string_round_trips ... ok
test (x86_64-unknown-linux-gnu)	Test (workspace, --lib --tests)	2026-08-10T09:51:35.8890681Z test tiering::tests::garbage_rejected_by_name ... ok
test (x86_64-unknown-linux-gnu)	Test (workspace, --lib --tests)	2026-08-10T09:51:35.8891115Z test tiering::tests::parses_all_three_forms ... ok
test (x86_64-unknown-linux-gnu)	Test (workspace, --lib --tests)	2026-08-10T09:51:35.8891661Z test tiering::tests::resolution_math ... ok
test (x86_64-unknown-linux-gnu)	Test (workspace, --lib --tests)	2026-08-10T09:51:35.8892474Z test tiering::tests::toml_garbage_budget_rejected_by_name ... ok
test (x86_64-unknown-linux-gnu)	Test (workspace, --lib --tests)	2026-08-10T09:51:35.8892917Z test tiering::tests::spill_dir_alone_implies_auto_budget ... ok
test (x86_64-unknown-linux-gnu)	Test (workspace, --lib --tests)	2026-08-10T09:51:35.8893344Z test tiering::tests::toml_env_cli_parse_all_three_forms ... ok
test (x86_64-unknown-linux-gnu)	Test (workspace, --lib --tests)	2026-08-10T09:51:35.8894107Z ^[[1m^[[92m     Running^[[0m tests/preserve.rs (target/x86_64-unknown-linux-gnu/debug/deps/preserve-b6ea9b706431e989)
test (x86_64-unknown-linux-gnu)	Test (workspace, --lib --tests)	2026-08-10T09:51:35.8894704Z test tiering::tests::emit_round_trips_the_section_and_its_absence ... ok
test (x86_64-unknown-linux-gnu)	Test (workspace, --lib --tests)	2026-08-10T09:51:35.8894982Z 
test (x86_64-unknown-linux-gnu)	Test (workspace, --lib --tests)	2026-08-10T09:51:35.8895217Z test result: ok. 75 passed; 0 failed; 0 ignored; 0 measured; 0 filtered out; finished in 0.01s
test (x86_64-unknown-linux-gnu)	Test (workspace, --lib --tests)	2026-08-10T09:51:35.8895553Z 
test (x86_64-unknown-linux-gnu)	Test (workspace, --lib --tests)	2026-08-10T09:51:35.8900724Z 
test (x86_64-unknown-linux-gnu)	Test (workspace, --lib --tests)	2026-08-10T09:51:35.8900877Z running 13 tests
test (x86_64-unknown-linux-gnu)	Test (workspace, --lib --tests)	2026-08-10T09:51:35.8904406Z test blank_lines_preserved ... ok
test (x86_64-unknown-linux-gnu)	Test (workspace, --lib --tests)	2026-08-10T09:51:35.8905134Z test comment_preserved_and_value_substituted ... ok
test (x86_64-unknown-linux-gnu)	Test (workspace, --lib --tests)	2026-08-10T09:51:35.8906864Z test inline_appended_keys_come_before_following_section_blank ... ok
test (x86_64-unknown-linux-gnu)	Test (workspace, --lib --tests)	2026-08-10T09:51:35.8908097Z test inline_comment_after_section_header_preserved ... ok
test (x86_64-unknown-linux-gnu)	Test (workspace, --lib --tests)	2026-08-10T09:51:35.8908851Z test missing_keys_for_known_section_inline_after_last_pair ... ok
test (x86_64-unknown-linux-gnu)	Test (workspace, --lib --tests)	2026-08-10T09:51:35.8910339Z test full_template_round_trips_byte_identically ... ok
test (x86_64-unknown-linux-gnu)	Test (workspace, --lib --tests)	2026-08-10T09:51:35.8910900Z test missing_sections_appended ... ok
test (x86_64-unknown-linux-gnu)	Test (workspace, --lib --tests)	2026-08-10T09:51:35.8911496Z test single_quoted_value_replaced_with_double_quote_canonical ... ok
test (x86_64-unknown-linux-gnu)	Test (workspace, --lib --tests)	2026-08-10T09:51:35.8914735Z test unterminated_string_is_a_parse_error ... ok
test (x86_64-unknown-linux-gnu)	Test (workspace, --lib --tests)	2026-08-10T09:51:35.8915371Z test unknown_key_in_source_is_passed_through_verbatim ... ok
test (x86_64-unknown-linux-gnu)	Test (workspace, --lib --tests)	2026-08-10T09:51:35.8916009Z test source_without_trailing_newline_round_trips ... ok
test (x86_64-unknown-linux-gnu)	Test (workspace, --lib --tests)	2026-08-10T09:51:35.8916620Z test value_substitution_updates_only_value_bytes ... ok
test (x86_64-unknown-linux-gnu)	Test (workspace, --lib --tests)	2026-08-10T09:51:35.8917021Z test whitespace_alignment_preserved ... ok
test (x86_64-unknown-linux-gnu)	Test (workspace, --lib --tests)	2026-08-10T09:51:35.8917217Z 
test (x86_64-unknown-linux-gnu)	Test (workspace, --lib --tests)	2026-08-10T09:51:35.8917470Z test result: ok. 13 passed; 0 failed; 0 ignored; 0 measured; 0 filtered out; finished in 0.00s
test (x86_64-unknown-linux-gnu)	Test (workspace, --lib --tests)	2026-08-10T09:51:35.8918071Z 
test (x86_64-unknown-linux-gnu)	Test (workspace, --lib --tests)	2026-08-10T09:51:35.8918563Z ^[[1m^[[92m     Running^[[0m tests/roundtrip.rs (target/x86_64-unknown-linux-gnu/debug/deps/roundtrip-b8891434f5ddb8a8)
test (x86_64-unknown-linux-gnu)	Test (workspace, --lib --tests)	2026-08-10T09:51:35.8927694Z 
test (x86_64-unknown-linux-gnu)	Test (workspace, --lib --tests)	2026-08-10T09:51:35.8927843Z running 15 tests
test (x86_64-unknown-linux-gnu)	Test (workspace, --lib --tests)	2026-08-10T09:51:35.8931910Z test cli_no_aof_overrides_file_aof_true ... ok
test (x86_64-unknown-linux-gnu)	Test (workspace, --lib --tests)	2026-08-10T09:51:35.8932612Z test empty_toml_yields_defaults ... ok
test (x86_64-unknown-linux-gnu)	Test (workspace, --lib --tests)	2026-08-10T09:51:35.8933473Z test full_schema_round_trip ... ok
test (x86_64-unknown-linux-gnu)	Test (workspace, --lib --tests)	2026-08-10T09:51:35.8933916Z test invalid_enum_value_errors ... ok
test (x86_64-unknown-linux-gnu)	Test (workspace, --lib --tests)	2026-08-10T09:51:35.8934535Z test precedence_chain_cli_beats_env_beats_file_beats_default ... ok
test (x86_64-unknown-linux-gnu)	Test (workspace, --lib --tests)	2026-08-10T09:51:35.8935427Z test log_output_file_path_round_trips ... ok
test (x86_64-unknown-linux-gnu)	Test (workspace, --lib --tests)	2026-08-10T09:51:35.8936128Z test replication_role_defaults_to_standalone ... ok
test (x86_64-unknown-linux-gnu)	Test (workspace, --lib --tests)	2026-08-10T09:51:35.8936704Z test only_comments_yields_defaults ... ok
test (x86_64-unknown-linux-gnu)	Test (workspace, --lib --tests)	2026-08-10T09:51:35.8937258Z test replication_section_parses_primary_role ... ok
test (x86_64-unknown-linux-gnu)	Test (workspace, --lib --tests)	2026-08-10T09:51:35.8937832Z test replication_section_parses_replica_role ... ok
test (x86_64-unknown-linux-gnu)	Test (workspace, --lib --tests)	2026-08-10T09:51:35.8938390Z test source_path_recorded_when_provided ... ok
test (x86_64-unknown-linux-gnu)	Test (workspace, --lib --tests)	2026-08-10T09:51:35.8938854Z test replication_unknown_role_errors ... ok
test (x86_64-unknown-linux-gnu)	Test (workspace, --lib --tests)	2026-08-10T09:51:35.8939636Z test size_literal_or_bare_int_both_accepted ... ok
test (x86_64-unknown-linux-gnu)	Test (workspace, --lib --tests)	2026-08-10T09:51:35.8940167Z test unknown_key_errors_with_line ... ok
test (x86_64-unknown-linux-gnu)	Test (workspace, --lib --tests)	2026-08-10T09:51:35.8940669Z test unknown_section_errors_with_line ... ok
test (x86_64-unknown-linux-gnu)	Test (workspace, --lib --tests)	2026-08-10T09:51:35.8940998Z 
test (x86_64-unknown-linux-gnu)	Test (workspace, --lib --tests)	2026-08-10T09:51:35.8941398Z test result: ok. 15 passed; 0 failed; 0 ignored; 0 measured; 0 filtered out; finished in 0.00s
test (x86_64-unknown-linux-gnu)	Test (workspace, --lib --tests)	2026-08-10T09:51:35.8941880Z 
test (x86_64-unknown-linux-gnu)	Test (workspace, --lib --tests)	2026-08-10T09:51:35.8942356Z ^[[1m^[[92m     Running^[[0m unittests src/lib.rs (target/x86_64-unknown-linux-gnu/debug/deps/kevy_elect-588ef25d5fd89a66)
test (x86_64-unknown-linux-gnu)	Test (workspace, --lib --tests)	2026-08-10T09:51:35.8950434Z 
test (x86_64-unknown-linux-gnu)	Test (workspace, --lib --tests)	2026-08-10T09:51:35.8950608Z running 41 tests
test (x86_64-unknown-linux-gnu)	Test (workspace, --lib --tests)	2026-08-10T09:51:35.8953547Z test elector_tests::tests::accept_only_once_per_epoch ... ok
test (x86_64-unknown-linux-gnu)	Test (workspace, --lib --tests)	2026-08-10T09:51:35.8954710Z test elector_tests::tests::announce_for_self_keeps_primary_role ... ok
test (x86_64-unknown-linux-gnu)	Test (workspace, --lib --tests)	2026-08-10T09:51:35.8955888Z test elector_tests::tests::candidacy_bump_is_persisted_with_self_vote ... ok
test (x86_64-unknown-linux-gnu)	Test (workspace, --lib --tests)	2026-08-10T09:51:35.8957488Z test elector_tests::tests::higher_epoch_follow_is_persisted ... ok
test (x86_64-unknown-linux-gnu)	Test (workspace, --lib --tests)	2026-08-10T09:51:35.8958529Z test elector_tests::tests::candidate_with_lower_offset_loses_to_higher ... ok
test (x86_64-unknown-linux-gnu)	Test (workspace, --lib --tests)	2026-08-10T09:51:35.8959573Z test elector_tests::tests::dueling_candidates_tied_offset_lower_node_id_wins ... ok
test (x86_64-unknown-linux-gnu)	Test (workspace, --lib --tests)	2026-08-10T09:51:35.8960317Z test elector_tests::tests::election_timeout_falls_back_to_replica_with_backoff ... ok
test (x86_64-unknown-linux-gnu)	Test (workspace, --lib --tests)	2026-08-10T09:51:35.8961084Z test elector_tests::tests::n2_degenerate_needs_both_alive ... ok
test (x86_64-unknown-linux-gnu)	Test (workspace, --lib --tests)	2026-08-10T09:51:35.8961711Z test elector_tests::tests::quorum_3_is_2 ... ok
test (x86_64-unknown-linux-gnu)	Test (workspace, --lib --tests)	2026-08-10T09:51:35.8962238Z test elector_tests::tests::quorum_5_is_3 ... ok
test (x86_64-unknown-linux-gnu)	Test (workspace, --lib --tests)	2026-08-10T09:51:35.8962933Z test elector_tests::tests::old_primary_rejoin_demotes_on_higher_epoch_hb ... ok
test (x86_64-unknown-linux-gnu)	Test (workspace, --lib --tests)	2026-08-10T09:51:35.8963459Z test elector_tests::tests::quorum_accept_promotes_candidate_to_primary ... ok
test (x86_64-unknown-linux-gnu)	Test (workspace, --lib --tests)	2026-08-10T09:51:35.8963897Z test elector_tests::tests::quorum_2_is_2_degenerate ... ok
test (x86_64-unknown-linux-gnu)	Test (workspace, --lib --tests)	2026-08-10T09:51:35.8964809Z test elector_tests::tests::replica_starts_candidacy_when_primary_down_and_im_best ... ok
test (x86_64-unknown-linux-gnu)	Test (workspace, --lib --tests)	2026-08-10T09:51:35.8965581Z test elector_tests::tests::replica_demotes_on_announce_for_newer_epoch ... ok
test (x86_64-unknown-linux-gnu)	Test (workspace, --lib --tests)	2026-08-10T09:51:35.8966455Z test elector_tests::tests::restart_recovers_epoch_and_elects_with_fresh_epoch ... ok
test (x86_64-unknown-linux-gnu)	Test (workspace, --lib --tests)	2026-08-10T09:51:35.8987451Z test elector_tests::tests::split_brain_minority_cannot_promote ... ok
test (x86_64-unknown-linux-gnu)	Test (workspace, --lib --tests)	2026-08-10T09:51:35.8988368Z test elector_tests::tests::replica_with_alive_primary_does_not_elect ... ok
test (x86_64-unknown-linux-gnu)	Test (workspace, --lib --tests)	2026-08-10T09:51:35.8989727Z test elector_tests::tests::restart_with_persisted_vote_rejects_same_epoch_offer ... ok
test (x86_64-unknown-linux-gnu)	Test (workspace, --lib --tests)	2026-08-10T09:51:35.8990342Z test elector_tests::tests::save_is_called_before_accept_leaves_the_elector ... ok
test (x86_64-unknown-linux-gnu)	Test (workspace, --lib --tests)	2026-08-10T09:51:35.8991141Z test elector_tests::tests::stale_epoch_offer_rejected ... ok
test (x86_64-unknown-linux-gnu)	Test (workspace, --lib --tests)	2026-08-10T09:51:35.8991661Z test message::tests::role_parse_unknown_is_none ... ok
test (x86_64-unknown-linux-gnu)	Test (workspace, --lib --tests)	2026-08-10T09:51:35.8991998Z test message::tests::role_round_trip ... ok
test (x86_64-unknown-linux-gnu)	Test (workspace, --lib --tests)	2026-08-10T09:51:35.8992415Z test elector_tests::tests::tick_emits_one_hb_per_peer_per_interval ... ok
test (x86_64-unknown-linux-gnu)	Test (workspace, --lib --tests)	2026-08-10T09:51:35.8992848Z test message::tests::role_parse_case_insensitive ... ok
test (x86_64-unknown-linux-gnu)	Test (workspace, --lib --tests)	2026-08-10T09:51:35.8993221Z test sim::tests::dueling_candidates_lowest_node_id_wins ... ok
test (x86_64-unknown-linux-gnu)	Test (workspace, --lib --tests)	2026-08-10T09:51:35.8993658Z test sim::tests::three_node_partition_majority_promotes_minority_stays ... ok
test (x86_64-unknown-linux-gnu)	Test (workspace, --lib --tests)	2026-08-10T09:51:35.8994120Z test sim::tests::n2_degenerate_primary_kill_locks_survivor ... ok
test (x86_64-unknown-linux-gnu)	Test (workspace, --lib --tests)	2026-08-10T09:51:35.8994473Z test wire::tests::accept_round_trip ... ok
test (x86_64-unknown-linux-gnu)	Test (workspace, --lib --tests)	2026-08-10T09:51:35.8994771Z test wire::tests::announce_round_trip ... ok
test (x86_64-unknown-linux-gnu)	Test (workspace, --lib --tests)	2026-08-10T09:51:35.8995157Z test sim::tests::five_node_kill_primary_and_one_replica_still_promotes ... ok
test (x86_64-unknown-linux-gnu)	Test (workspace, --lib --tests)	2026-08-10T09:51:35.8995609Z test sim::tests::three_node_primary_kill_promotes_replica ... ok
test (x86_64-unknown-linux-gnu)	Test (workspace, --lib --tests)	2026-08-10T09:51:35.8995976Z test wire::tests::decode_hb_bad_numeric_errs ... ok
test (x86_64-unknown-linux-gnu)	Test (workspace, --lib --tests)	2026-08-10T09:51:35.8996296Z test wire::tests::decode_hb_bad_role_errs ... ok
test (x86_64-unknown-linux-gnu)	Test (workspace, --lib --tests)	2026-08-10T09:51:35.8996622Z test wire::tests::decode_hb_wrong_arity_errs ... ok
test (x86_64-unknown-linux-gnu)	Test (workspace, --lib --tests)	2026-08-10T09:51:35.8996952Z test wire::tests::decode_unknown_verb_errs ... ok
test (x86_64-unknown-linux-gnu)	Test (workspace, --lib --tests)	2026-08-10T09:51:35.8997253Z test wire::tests::hb_round_trip ... ok
test (x86_64-unknown-linux-gnu)	Test (workspace, --lib --tests)	2026-08-10T09:51:35.8997560Z test wire::tests::decode_truncated_returns_more ... ok
test (x86_64-unknown-linux-gnu)	Test (workspace, --lib --tests)	2026-08-10T09:51:35.8997880Z test wire::tests::offer_round_trip ... ok
test (x86_64-unknown-linux-gnu)	Test (workspace, --lib --tests)	2026-08-10T09:51:35.8998215Z test wire::tests::verbs_are_case_insensitive_on_decode ... ok
test (x86_64-unknown-linux-gnu)	Test (workspace, --lib --tests)	2026-08-10T09:51:35.8998961Z ^[[1m^[[92m     Running^[[0m tests/transport_e2e.rs (target/x86_64-unknown-linux-gnu/debug/deps/transport_e2e-9d871d77947f1bed)
test (x86_64-unknown-linux-gnu)	Test (workspace, --lib --tests)	2026-08-10T09:51:35.9000049Z test sim::tests::old_primary_rejoin_demotes_cleanly ... ok
test (x86_64-unknown-linux-gnu)	Test (workspace, --lib --tests)	2026-08-10T09:51:35.9000451Z 
test (x86_64-unknown-linux-gnu)	Test (workspace, --lib --tests)	2026-08-10T09:51:35.9000742Z test result: ok. 41 passed; 0 failed; 0 ignored; 0 measured; 0 filtered out; finished in 0.00s
test (x86_64-unknown-linux-gnu)	Test (workspace, --lib --tests)	2026-08-10T09:51:35.9001082Z 
test (x86_64-unknown-linux-gnu)	Test (workspace, --lib --tests)	2026-08-10T09:51:35.9001091Z 
test (x86_64-unknown-linux-gnu)	Test (workspace, --lib --tests)	2026-08-10T09:51:35.9001170Z running 1 test
test (x86_64-unknown-linux-gnu)	Test (workspace, --lib --tests)	2026-08-10T09:51:36.8648374Z test three_node_primary_kill_promotes_replica_via_tcp ... ok
test (x86_64-unknown-linux-gnu)	Test (workspace, --lib --tests)	2026-08-10T09:51:36.8649570Z 
test (x86_64-unknown-linux-gnu)	Test (workspace, --lib --tests)	2026-08-10T09:51:36.8650120Z test result: ok. 1 passed; 0 failed; 0 ignored; 0 measured; 0 filtered out; finished in 0.96s
test (x86_64-unknown-linux-gnu)	Test (workspace, --lib --tests)	2026-08-10T09:51:36.8650556Z 
test (x86_64-unknown-linux-gnu)	Test (workspace, --lib --tests)	2026-08-10T09:51:36.8652872Z ^[[1m^[[92m     Running^[[0m unittests src/lib.rs (target/x86_64-unknown-linux-gnu/debug/deps/kevy_embedded-c8aa8f3e7bd49af0)
test (x86_64-unknown-linux-gnu)	Test (workspace, --lib --tests)	2026-08-10T09:51:36.8668256Z 
test (x86_64-unknown-linux-gnu)	Test (workspace, --lib --tests)	2026-08-10T09:51:36.8668450Z running 247 tests
test (x86_64-unknown-linux-gnu)	Test (workspace, --lib --tests)	2026-08-10T09:51:36.8671965Z test config::tests::builder_chains ... ok
test (x86_64-unknown-linux-gnu)	Test (workspace, --lib --tests)	2026-08-10T09:51:36.8672597Z test config::tests::default_is_pure_in_memory ... ok
test (x86_64-unknown-linux-gnu)	Test (workspace, --lib --tests)	2026-08-10T09:51:36.8675402Z test config::tests::without_aof_disables_logging_path ... ok
test (x86_64-unknown-linux-gnu)	Test (workspace, --lib --tests)	2026-08-10T09:51:36.8680051Z test dispatch::tests::estore_ops_is_subset_of_dispatch_verbs ... ok
test (x86_64-unknown-linux-gnu)	Test (workspace, --lib --tests)	2026-08-10T09:51:36.8681199Z test dispatch::tests::arity_and_type_errors_use_server_wording ... ok
test (x86_64-unknown-linux-gnu)	Test (workspace, --lib --tests)	2026-08-10T09:51:36.8682719Z test dispatch::tests::dispatch_argv_facade_reaches_the_full_surface ... ok
test (x86_64-unknown-linux-gnu)	Test (workspace, --lib --tests)	2026-08-10T09:51:36.8683897Z test dispatch::tests::every_dispatch_verb_probes_as_known ... ok
test (x86_64-unknown-linux-gnu)	Test (workspace, --lib --tests)	2026-08-10T09:51:36.8685230Z test dispatch::tests::verb_matching_is_case_insensitive ... ok
test (x86_64-unknown-linux-gnu)	Test (workspace, --lib --tests)	2026-08-10T09:51:36.8686085Z test dispatch::tests::unknown_verb_reports_original_spelling ... ok
test (x86_64-unknown-linux-gnu)	Test (workspace, --lib --tests)	2026-08-10T09:51:36.8687085Z test dispatch::tests::writes_flow_through_dispatch ... ok
test (x86_64-unknown-linux-gnu)	Test (workspace, --lib --tests)	2026-08-10T09:51:36.8688061Z test dispatch::tests::every_estore_op_has_a_dispatch_arm ... ok
test (x86_64-unknown-linux-gnu)	Test (workspace, --lib --tests)	2026-08-10T09:51:36.8689559Z test pubsub::tests::into_payload_yields_bytes_for_delivery_frames_only ... ok
test (x86_64-unknown-linux-gnu)	Test (workspace, --lib --tests)	2026-08-10T09:51:36.8690768Z test pubsub::tests::drop_subscriber_unregisters ... ok
test (x86_64-unknown-linux-gnu)	Test (workspace, --lib --tests)	2026-08-10T09:51:36.8691662Z test pubsub::tests::publish_to_no_subscribers_returns_zero ... ok
test (x86_64-unknown-linux-gnu)	Test (workspace, --lib --tests)	2026-08-10T09:51:36.8692352Z test pubsub::tests::duplicate_subscribe_does_not_duplicate_delivery ... ok
test (x86_64-unknown-linux-gnu)	Test (workspace, --lib --tests)	2026-08-10T09:51:36.8693009Z test pubsub::tests::psubscribe_glob_match_delivers_pmessage ... ok
test (x86_64-unknown-linux-gnu)	Test (workspace, --lib --tests)	2026-08-10T09:51:36.8693751Z test pubsub::tests::store_clone_publishes_reach_other_clones_subscribers ... ok
test (x86_64-unknown-linux-gnu)	Test (workspace, --lib --tests)	2026-08-10T09:51:36.8694992Z test pubsub::tests::subscription_is_send_and_sync ... ok
test (x86_64-unknown-linux-gnu)	Test (workspace, --lib --tests)	2026-08-10T09:51:36.8695904Z test pubsub::tests::subscribe_ack_then_message_delivered ... ok
test (x86_64-unknown-linux-gnu)	Test (workspace, --lib --tests)	2026-08-10T09:51:36.8696569Z test pubsub::tests::unsubscribe_all_with_empty_args_drains_every_channel ... ok
test (x86_64-unknown-linux-gnu)	Test (workspace, --lib --tests)	2026-08-10T09:51:36.8697328Z test pubsub::tests::unsubscribe_removes_then_no_more_messages ... ok
test (x86_64-unknown-linux-gnu)	Test (workspace, --lib --tests)	2026-08-10T09:51:36.8698866Z test pubsub::tests::unsubscribe_when_no_subs_held_emits_nil_channel_ack ... ok
test (x86_64-unknown-linux-gnu)	Test (workspace, --lib --tests)	2026-08-10T09:51:36.8700752Z test replay::tests::all_basic_types_replay ... ok
test (x86_64-unknown-linux-gnu)	Test (workspace, --lib --tests)	2026-08-10T09:51:36.8701934Z test replay::tests::incrby_with_negative_replays ... ok
test (x86_64-unknown-linux-gnu)	Test (workspace, --lib --tests)	2026-08-10T09:51:36.8702890Z test replay::tests::set_get_through_apply ... ok
test (x86_64-unknown-linux-gnu)	Test (workspace, --lib --tests)	2026-08-10T09:51:36.8703967Z test replay::tests::unknown_verb_is_silently_ignored ... ok
test (x86_64-unknown-linux-gnu)	Test (workspace, --lib --tests)	2026-08-10T09:51:36.8705139Z test replay::tests::zadd_frame_with_flags_applies_conditionally ... ok
test (x86_64-unknown-linux-gnu)	Test (workspace, --lib --tests)	2026-08-10T09:51:36.8706254Z test replay::tests::zadd_incr_frame_increments ... ok
test (x86_64-unknown-linux-gnu)	Test (workspace, --lib --tests)	2026-08-10T09:51:36.8707280Z test replica_runner::tests::route_keyed_is_deterministic_by_key_hash ... ok
test (x86_64-unknown-linux-gnu)	Test (workspace, --lib --tests)	2026-08-10T09:51:36.8708192Z test replica_runner::tests::route_keyless_goes_to_shard_zero ... ok
test (x86_64-unknown-linux-gnu)	Test (workspace, --lib --tests)	2026-08-10T09:51:36.8709437Z test replica_runner::tests::route_single_shard_always_zero ... ok
test (x86_64-unknown-linux-gnu)	Test (workspace, --lib --tests)	2026-08-10T09:51:36.8727708Z test store::test_suites::tests::arc_sharing_across_threads ... ok
test (x86_64-unknown-linux-gnu)	Test (workspace, --lib --tests)	2026-08-10T09:51:36.9193762Z test pubsub::tests::recv_timeout_returns_timeout_when_empty ... ok
test (x86_64-unknown-linux-gnu)	Test (workspace, --lib --tests)	2026-08-10T09:51:36.9198761Z test pubsub::tests::try_recv_returns_none_under_concurrent_blocking_recv ... ok
test (x86_64-unknown-linux-gnu)	Test (workspace, --lib --tests)	2026-08-10T09:51:36.9622868Z test store::test_suites::tests::auto_aof_rewrite_compacts_redundant_writes ... ok
test (x86_64-unknown-linux-gnu)	Test (workspace, --lib --tests)	2026-08-10T09:51:36.9625740Z test store::test_suites::tests::eviction_works_under_pressure ... ok
test (x86_64-unknown-linux-gnu)	Test (workspace, --lib --tests)	2026-08-10T09:51:36.9627135Z test store::test_suites::tests::in_memory_roundtrip ... ok
test (x86_64-unknown-linux-gnu)	Test (workspace, --lib --tests)	2026-08-10T09:51:36.9628705Z test store::test_suites::tests::info_and_introspection ... ok
test (x86_64-unknown-linux-gnu)	Test (workspace, --lib --tests)	2026-08-10T09:51:36.9798605Z test store::test_suites::tests::background_reaper_thread_drops_expired_keys ... ok
test (x86_64-unknown-linux-gnu)	Test (workspace, --lib --tests)	2026-08-10T09:51:36.9832285Z test store::test_suites::tests::manual_tick_runs_active_reaper ... ok
test (x86_64-unknown-linux-gnu)	Test (workspace, --lib --tests)	2026-08-10T09:51:36.9914932Z test store::test_suites::tests::open_report_surfaces_drops_corruption_and_quarantine ... ok
test (x86_64-unknown-linux-gnu)	Test (workspace, --lib --tests)	2026-08-10T09:51:36.9970106Z test store::test_suites::tests::metric_sink_receives_rewrite_and_replay ... ok
test (x86_64-unknown-linux-gnu)	Test (workspace, --lib --tests)	2026-08-10T09:51:36.9999820Z test store::test_suites::tests::save_snapshot_resets_aof_no_double_replay ... ok
test (x86_64-unknown-linux-gnu)	Test (workspace, --lib --tests)	2026-08-10T09:51:37.0013193Z test store::test_suites::tests::save_snapshot_then_restart ... ok
test (x86_64-unknown-linux-gnu)	Test (workspace, --lib --tests)	2026-08-10T09:51:37.0038157Z test store::test_suites::tests::shutdown_fsyncs_refuses_writes_and_survives_reopen ... ok
test (x86_64-unknown-linux-gnu)	Test (workspace, --lib --tests)	2026-08-10T09:51:37.0039592Z test store::test_suites::tests::with_escape_hatch_works ... ok
test (x86_64-unknown-linux-gnu)	Test (workspace, --lib --tests)	2026-08-10T09:51:37.0042098Z test store::test_suites::tests_atomic::atomic_all_shards_full_surface ... ok
test (x86_64-unknown-linux-gnu)	Test (workspace, --lib --tests)	2026-08-10T09:51:37.0044619Z test store::test_suites::tests_atomic::atomic_can_enumerate_a_set_it_is_deleting_from ... ok
test (x86_64-unknown-linux-gnu)	Test (workspace, --lib --tests)	2026-08-10T09:51:37.0046449Z test store::test_suites::tests_atomic::atomic_collection_reads_do_not_defeat_rollback ... ok
test (x86_64-unknown-linux-gnu)	Test (workspace, --lib --tests)	2026-08-10T09:51:37.0048758Z test store::test_suites::tests_atomic::atomic_collection_reads_see_the_closures_own_writes ... ok
test (x86_64-unknown-linux-gnu)	Test (workspace, --lib --tests)	2026-08-10T09:51:37.0050769Z test store::test_suites::tests_atomic::atomic_err_after_repeated_writes_restores_the_earliest_state ... ok
test (x86_64-unknown-linux-gnu)	Test (workspace, --lib --tests)	2026-08-10T09:51:37.0052337Z test store::test_suites::tests_atomic::atomic_err_removes_a_key_the_closure_created ... ok
test (x86_64-unknown-linux-gnu)	Test (workspace, --lib --tests)	2026-08-10T09:51:37.0054820Z test store::test_suites::tests_atomic::atomic_err_rolls_back_an_overwrite ... ok
test (x86_64-unknown-linux-gnu)	Test (workspace, --lib --tests)	2026-08-10T09:51:37.0056605Z test store::test_suites::tests_atomic::atomic_err_rolls_back_every_touched_type ... ok
test (x86_64-unknown-linux-gnu)	Test (workspace, --lib --tests)	2026-08-10T09:51:37.0058301Z test store::test_suites::tests_atomic::atomic_error_propagates ... ok
test (x86_64-unknown-linux-gnu)	Test (workspace, --lib --tests)	2026-08-10T09:51:37.0061600Z test store::test_suites::tests_atomic::atomic_full_surface_write_and_read ... ok
test (x86_64-unknown-linux-gnu)	Test (workspace, --lib --tests)	2026-08-10T09:51:37.0063910Z test store::test_suites::tests_atomic::atomic_hash_field_increment ... ok
test (x86_64-unknown-linux-gnu)	Test (workspace, --lib --tests)	2026-08-10T09:51:37.0065566Z test store::test_suites::tests_atomic::atomic_incr_visible_in_closure ... ok
test (x86_64-unknown-linux-gnu)	Test (workspace, --lib --tests)	2026-08-10T09:51:37.0067688Z test store::test_suites::tests_atomic::atomic_multi_op_commits_together ... ok
test (x86_64-unknown-linux-gnu)	Test (workspace, --lib --tests)	2026-08-10T09:51:37.0087016Z test store::test_suites::tests_atomic::atomic_new_writes_survive_reopen ... ok
test (x86_64-unknown-linux-gnu)	Test (workspace, --lib --tests)	2026-08-10T09:51:37.0088495Z test store::test_suites::tests_atomic::atomic_ok_still_commits ... ok
test (x86_64-unknown-linux-gnu)	Test (workspace, --lib --tests)	2026-08-10T09:51:37.0092859Z test store::test_suites::tests_atomic::atomic_read_modify_write_loop ... ok
test (x86_64-unknown-linux-gnu)	Test (workspace, --lib --tests)	2026-08-10T09:51:37.0093394Z test store::test_suites::tests_atomic::atomic_zset_incr_visible ... ok
test (x86_64-unknown-linux-gnu)	Test (workspace, --lib --tests)	2026-08-10T09:51:37.0094531Z test store::test_suites::tests_atomic::pipeline_applies_in_order ... ok
test (x86_64-unknown-linux-gnu)	Test (workspace, --lib --tests)	2026-08-10T09:51:37.0095873Z test store::test_suites::tests_atomic::pipeline_empty_commit_is_noop ... ok
test (x86_64-unknown-linux-gnu)	Test (workspace, --lib --tests)	2026-08-10T09:51:37.0097896Z test store::test_suites::tests_atomic::pipeline_incr_and_hincrby ... ok
test (x86_64-unknown-linux-gnu)	Test (workspace, --lib --tests)	2026-08-10T09:51:37.0099434Z test store::test_suites::tests_atomic::pipeline_len_and_is_empty ... ok
test (x86_64-unknown-linux-gnu)	Test (workspace, --lib --tests)	2026-08-10T09:51:37.0101580Z test store::test_suites::tests_atomic::pipeline_list_and_set_ops ... ok
test (x86_64-unknown-linux-gnu)	Test (workspace, --lib --tests)	2026-08-10T09:51:37.0103621Z test store::test_suites::tests_atomic::pipeline_zincrby_then_zrem ... ok
test (x86_64-unknown-linux-gnu)	Test (workspace, --lib --tests)	2026-08-10T09:51:37.0111587Z test store::test_suites::tests::persistence_round_trip_via_aof ... ok
test (x86_64-unknown-linux-gnu)	Test (workspace, --lib --tests)	2026-08-10T09:51:37.0113220Z test store::test_suites::tests_atomic_all::atomic_all_error_propagates ... ok
test (x86_64-unknown-linux-gnu)	Test (workspace, --lib --tests)	2026-08-10T09:51:37.0116195Z test store::test_suites::tests_atomic_all::atomic_all_hash_and_zset_ops ... ok
test (x86_64-unknown-linux-gnu)	Test (workspace, --lib --tests)	2026-08-10T09:51:37.0118415Z test store::test_suites::tests_atomic_all::atomic_all_rmw_across_shards ... ok
test (x86_64-unknown-linux-gnu)	Test (workspace, --lib --tests)	2026-08-10T09:51:37.0120677Z test store::test_suites::tests_atomic_all::atomic_all_sees_each_keys_writes_across_shards ... ok
test (x86_64-unknown-linux-gnu)	Test (workspace, --lib --tests)	2026-08-10T09:51:37.0122550Z test store::test_suites::tests_atomic_all::atomic_all_works_on_single_shard_config ... ok
test (x86_64-unknown-linux-gnu)	Test (workspace, --lib --tests)	2026-08-10T09:51:37.0133323Z test store::test_suites::tests_atomic_index::atomic_all_shards_index_read_does_not_see_its_own_writes ... ok
test (x86_64-unknown-linux-gnu)	Test (workspace, --lib --tests)	2026-08-10T09:51:37.0138225Z test store::test_suites::tests_atomic::zadd_flags_facade_pipeline_atomic_and_reopen ... ok
test (x86_64-unknown-linux-gnu)	Test (workspace, --lib --tests)	2026-08-10T09:51:37.0140726Z test store::test_suites::tests_atomic_index::atomic_all_shards_query_returns_the_key ... ok
test (x86_64-unknown-linux-gnu)	Test (workspace, --lib --tests)	2026-08-10T09:51:37.0150275Z test store::test_suites::tests_atomic_index::atomic_all_shards_uniqueness_check_rejects_a_taken_email ... ok
test (x86_64-unknown-linux-gnu)	Test (workspace, --lib --tests)	2026-08-10T09:51:37.0151615Z test store::test_suites::tests_atomic_index::atomic_all_shards_sees_committed_rows_on_every_shard ... ok
test (x86_64-unknown-linux-gnu)	Test (workspace, --lib --tests)	2026-08-10T09:51:37.0152720Z test store::test_suites::tests_bitmap::bitcount_empty_or_absent_is_zero ... ok
test (x86_64-unknown-linux-gnu)	Test (workspace, --lib --tests)	2026-08-10T09:51:37.0153577Z test store::test_suites::tests_bitmap::bitcount_full_string ... ok
test (x86_64-unknown-linux-gnu)	Test (workspace, --lib --tests)	2026-08-10T09:51:37.0154455Z test store::test_suites::tests_bitmap::bitcount_negative_indexing ... ok
test (x86_64-unknown-linux-gnu)	Test (workspace, --lib --tests)	2026-08-10T09:51:37.0155807Z test store::test_suites::tests_bitmap::bitcount_with_byte_range ... ok
test (x86_64-unknown-linux-gnu)	Test (workspace, --lib --tests)	2026-08-10T09:51:37.0157298Z test store::test_suites::tests_bitmap::bitop_and_intersection ... ok
test (x86_64-unknown-linux-gnu)	Test (workspace, --lib --tests)	2026-08-10T09:51:37.0158885Z test store::test_suites::tests_atomic_index::atomic_all_shards_unknown_index_is_an_error ... ok
test (x86_64-unknown-linux-gnu)	Test (workspace, --lib --tests)	2026-08-10T09:51:37.0160362Z test store::test_suites::tests_bitmap::bitop_extends_shorter_sources_with_zeros ... ok
test (x86_64-unknown-linux-gnu)	Test (workspace, --lib --tests)	2026-08-10T09:51:37.0161358Z test store::test_suites::tests_bitmap::bitop_not_one_source ... ok
test (x86_64-unknown-linux-gnu)	Test (workspace, --lib --tests)	2026-08-10T09:51:37.0162274Z test store::test_suites::tests_bitmap::bitop_not_rejects_multiple_sources ... ok
test (x86_64-unknown-linux-gnu)	Test (workspace, --lib --tests)	2026-08-10T09:51:37.0163183Z test store::test_suites::tests_bitmap::bitop_or_union ... ok
test (x86_64-unknown-linux-gnu)	Test (workspace, --lib --tests)	2026-08-10T09:51:37.0163903Z test store::test_suites::tests_bitmap::bitop_xor_diff ... ok
test (x86_64-unknown-linux-gnu)	Test (workspace, --lib --tests)	2026-08-10T09:51:37.0165251Z test store::test_suites::tests_bitmap::bitpos_absent_key_returns_zero_for_clear_bit ... ok
test (x86_64-unknown-linux-gnu)	Test (workspace, --lib --tests)	2026-08-10T09:51:37.0169498Z test store::test_suites::tests_bitmap::bitpos_first_set_bit_msb_first ... ok
test (x86_64-unknown-linux-gnu)	Test (workspace, --lib --tests)	2026-08-10T09:51:37.0170474Z test store::test_suites::tests_bitmap::bitpos_first_zero_bit ... ok
test (x86_64-unknown-linux-gnu)	Test (workspace, --lib --tests)	2026-08-10T09:51:37.0171396Z test store::test_suites::tests_bitmap::bitpos_not_found_returns_none ... ok
test (x86_64-unknown-linux-gnu)	Test (workspace, --lib --tests)	2026-08-10T09:51:37.0172204Z test store::test_suites::tests_bitmap::getrange_absent_returns_empty ... ok
test (x86_64-unknown-linux-gnu)	Test (workspace, --lib --tests)	2026-08-10T09:51:37.0172715Z test store::test_suites::tests_bitmap::getbit_absent_returns_zero ... ok
test (x86_64-unknown-linux-gnu)	Test (workspace, --lib --tests)	2026-08-10T09:51:37.0173335Z test store::test_suites::tests_bitmap::getrange_basic_slice ... ok
test (x86_64-unknown-linux-gnu)	Test (workspace, --lib --tests)	2026-08-10T09:51:37.0174490Z test store::test_suites::tests_bitmap::getrange_negative_indexing ... ok
test (x86_64-unknown-linux-gnu)	Test (workspace, --lib --tests)	2026-08-10T09:51:37.0175105Z test store::test_suites::tests_bitmap::setbit_at_offset_zero_msb_first ... ok
test (x86_64-unknown-linux-gnu)	Test (workspace, --lib --tests)	2026-08-10T09:51:37.0175711Z test store::test_suites::tests_bitmap::setbit_growing_extends_with_zero_padding ... ok
test (x86_64-unknown-linux-gnu)	Test (workspace, --lib --tests)	2026-08-10T09:51:37.0176713Z test store::test_suites::tests_bitmap::setbit_invalid_value_errors ... ok
test (x86_64-unknown-linux-gnu)	Test (workspace, --lib --tests)	2026-08-10T09:51:37.0177713Z test store::test_suites::tests_bitmap::setbit_returns_previous ... ok
test (x86_64-unknown-linux-gnu)	Test (workspace, --lib --tests)	2026-08-10T09:51:37.0178673Z test store::test_suites::tests_bitmap::setrange_in_bounds_overwrites ... ok
test (x86_64-unknown-linux-gnu)	Test (workspace, --lib --tests)	2026-08-10T09:51:37.0179726Z test store::test_suites::tests_bitmap::setrange_past_end_extends_with_zeros ... ok
test (x86_64-unknown-linux-gnu)	Test (workspace, --lib --tests)	2026-08-10T09:51:37.0180628Z test store::test_suites::tests_bitmap::time_returns_unix_seconds_and_micros ... ok
test (x86_64-unknown-linux-gnu)	Test (workspace, --lib --tests)	2026-08-10T09:51:37.0181598Z test store::test_suites::tests_bonus::append_extends_and_returns_new_length ... ok
test (x86_64-unknown-linux-gnu)	Test (workspace, --lib --tests)	2026-08-10T09:51:37.0182671Z test store::test_suites::tests_bonus::decr_initializes_negative_one ... ok
test (x86_64-unknown-linux-gnu)	Test (workspace, --lib --tests)	2026-08-10T09:51:37.0184506Z test store::test_suites::tests_bonus::decrby_arbitrary_delta ... ok
test (x86_64-unknown-linux-gnu)	Test (workspace, --lib --tests)	2026-08-10T09:51:37.0185430Z test store::test_suites::tests_bonus::hsetnx_succeeds_on_absent_field ... ok
test (x86_64-unknown-linux-gnu)	Test (workspace, --lib --tests)	2026-08-10T09:51:37.0186265Z test store::test_suites::tests_bonus::hsetnx_vetoed_when_field_exists ... ok
test (x86_64-unknown-linux-gnu)	Test (workspace, --lib --tests)	2026-08-10T09:51:37.0187144Z test store::test_suites::tests_bonus::incrbyfloat_accumulates ... ok
test (x86_64-unknown-linux-gnu)	Test (workspace, --lib --tests)	2026-08-10T09:51:37.0188409Z test store::test_suites::tests_bonus::incrbyfloat_initializes_at_zero ... ok
test (x86_64-unknown-linux-gnu)	Test (workspace, --lib --tests)	2026-08-10T09:51:37.0189891Z test store::test_suites::tests_bonus::setnx_succeeds_on_absent_key ... ok
test (x86_64-unknown-linux-gnu)	Test (workspace, --lib --tests)	2026-08-10T09:51:37.0191181Z test store::test_suites::tests_bonus::setnx_vetoed_when_key_exists ... ok
test (x86_64-unknown-linux-gnu)	Test (workspace, --lib --tests)	2026-08-10T09:51:37.0192794Z test store::test_suites::tests_bonus::strlen_basic_and_absent ... ok
test (x86_64-unknown-linux-gnu)	Test (workspace, --lib --tests)	2026-08-10T09:51:37.0193757Z test store::test_suites::tests_bonus::ttl_secs_absent_returns_negative_two ... ok
test (x86_64-unknown-linux-gnu)	Test (workspace, --lib --tests)	2026-08-10T09:51:37.0194851Z test store::test_suites::tests_bonus::ttl_secs_after_pexpire ... ok
test (x86_64-unknown-linux-gnu)	Test (workspace, --lib --tests)	2026-08-10T09:51:37.0195723Z test store::test_suites::tests_keyspace::copy_absent_src_returns_false ... ok
test (x86_64-unknown-linux-gnu)	Test (workspace, --lib --tests)	2026-08-10T09:51:37.0196591Z test store::test_suites::tests_bonus::ttl_secs_no_ttl_returns_negative_one ... ok
test (x86_64-unknown-linux-gnu)	Test (workspace, --lib --tests)	2026-08-10T09:51:37.0197425Z test store::test_suites::tests_keyspace::copy_preserves_ttl_on_dst ... ok
test (x86_64-unknown-linux-gnu)	Test (workspace, --lib --tests)	2026-08-10T09:51:37.0198223Z test store::test_suites::tests_keyspace::copy_short_ttl_survives ... ok
test (x86_64-unknown-linux-gnu)	Test (workspace, --lib --tests)	2026-08-10T09:51:37.0199105Z test store::test_suites::tests_keyspace::copy_to_existing_dst_vetoes_without_replace ... ok
test (x86_64-unknown-linux-gnu)	Test (workspace, --lib --tests)	2026-08-10T09:51:37.0202216Z test store::test_suites::tests_keyspace::copy_to_new_dst_succeeds ... ok
test (x86_64-unknown-linux-gnu)	Test (workspace, --lib --tests)	2026-08-10T09:51:37.0203057Z test store::test_suites::tests_keyspace::randomkey_empty_returns_none ... ok
test (x86_64-unknown-linux-gnu)	Test (workspace, --lib --tests)	2026-08-10T09:51:37.0203923Z test store::test_suites::tests_keyspace::copy_with_replace_overwrites ... ok
test (x86_64-unknown-linux-gnu)	Test (workspace, --lib --tests)	2026-08-10T09:51:37.0204808Z test store::test_suites::tests_keyspace::randomkey_picks_an_existing_key ... ok
test (x86_64-unknown-linux-gnu)	Test (workspace, --lib --tests)	2026-08-10T09:51:37.0205652Z test store::test_suites::tests_keyspace::touch_counts_existing_keys ... ok
test (x86_64-unknown-linux-gnu)	Test (workspace, --lib --tests)	2026-08-10T09:51:37.0220498Z test store::test_suites::tests_keyspace::touch_zero_for_all_missing ... ok
test (x86_64-unknown-linux-gnu)	Test (workspace, --lib --tests)	2026-08-10T09:51:37.0230353Z test store::test_suites::tests_keyspace::unlink_deletes_like_del ... ok
test (x86_64-unknown-linux-gnu)	Test (workspace, --lib --tests)	2026-08-10T09:51:37.0231118Z test store::test_suites::tests_more::agg_index_group_by_embedded ... ok
test (x86_64-unknown-linux-gnu)	Test (workspace, --lib --tests)	2026-08-10T09:51:37.0830311Z test store::test_suites::tests::drop_during_reaper_does_not_deadlock ... ok
test (x86_64-unknown-linux-gnu)	Test (workspace, --lib --tests)	2026-08-10T09:51:37.1158597Z test store::test_suites::tests_more::ann_index_knn_embedded ... ok
test (x86_64-unknown-linux-gnu)	Test (workspace, --lib --tests)	2026-08-10T09:51:37.1200128Z test store::test_suites::tests_more::feed_clean_reopen_continues_crash_bumps ... ok
test (x86_64-unknown-linux-gnu)	Test (workspace, --lib --tests)	2026-08-10T09:51:37.1201934Z test store::test_suites::tests_more::feed_consume_loop_and_prefix ... ok
test (x86_64-unknown-linux-gnu)	Test (workspace, --lib --tests)	2026-08-10T09:51:37.1203348Z test store::test_suites::tests_more::feed_flushall_bumps_generation ... ok
test (x86_64-unknown-linux-gnu)	Test (workspace, --lib --tests)	2026-08-10T09:51:37.1236484Z test store::test_suites::tests_more::bzpopmin_and_brpop_block_variants ... ok
test (x86_64-unknown-linux-gnu)	Test (workspace, --lib --tests)	2026-08-10T09:51:37.1239970Z test store::test_suites::tests_more::hash_field_ttl_full_matrix_with_reopen ... ok
test (x86_64-unknown-linux-gnu)	Test (workspace, --lib --tests)	2026-08-10T09:51:37.1242729Z test store::test_suites::tests_more::info_prefix_counts ... ok
test (x86_64-unknown-linux-gnu)	Test (workspace, --lib --tests)	2026-08-10T09:51:37.1244013Z test store::test_suites::tests_more::lset_at_position ... ok
test (x86_64-unknown-linux-gnu)	Test (workspace, --lib --tests)	2026-08-10T09:51:37.1245924Z test store::test_suites::tests_more::lset_negative_index_from_tail ... ok
test (x86_64-unknown-linux-gnu)	Test (workspace, --lib --tests)	2026-08-10T09:51:37.1247685Z test store::test_suites::tests_more::ltrim_keeps_inclusive_range ... ok
test (x86_64-unknown-linux-gnu)	Test (workspace, --lib --tests)	2026-08-10T09:51:37.1251641Z test store::test_suites::tests_more::prefix_digest_matrix ... ok
test (x86_64-unknown-linux-gnu)	Test (workspace, --lib --tests)	2026-08-10T09:51:37.1253180Z test store::test_suites::tests_more::rename_moves_value ... ok
test (x86_64-unknown-linux-gnu)	Test (workspace, --lib --tests)	2026-08-10T09:51:37.1254483Z test store::test_suites::tests_more::rename_no_such_src_errors ... ok
test (x86_64-unknown-linux-gnu)	Test (workspace, --lib --tests)	2026-08-10T09:51:37.1256160Z test store::test_suites::tests_more::renamenx_succeeds_when_dst_absent ... ok
test (x86_64-unknown-linux-gnu)	Test (workspace, --lib --tests)	2026-08-10T09:51:37.1257661Z test store::test_suites::tests_more::renamenx_vetoes_when_dst_exists ... ok
test (x86_64-unknown-linux-gnu)	Test (workspace, --lib --tests)	2026-08-10T09:51:37.1259800Z test store::test_suites::tests_more::sismember_hit_and_miss ... ok
test (x86_64-unknown-linux-gnu)	Test (workspace, --lib --tests)	2026-08-10T09:51:37.1261615Z test store::test_suites::tests_more::snapshot_view_is_point_in_time_and_prefix_scoped ... ok
test (x86_64-unknown-linux-gnu)	Test (workspace, --lib --tests)	2026-08-10T09:51:37.1263173Z test store::test_suites::tests_more::spop_removes_and_returns ... ok
test (x86_64-unknown-linux-gnu)	Test (workspace, --lib --tests)	2026-08-10T09:51:37.1265008Z test store::test_suites::tests_more::srandmember_returns_without_remove ... ok
test (x86_64-unknown-linux-gnu)	Test (workspace, --lib --tests)	2026-08-10T09:51:37.1267786Z test store::test_suites::tests_more::idx_create_query_maintain_reopen ... ok
test (x86_64-unknown-linux-gnu)	Test (workspace, --lib --tests)	2026-08-10T09:51:37.1271643Z test store::test_suites::tests_more::text_index_distinct_embedded ... ok
test (x86_64-unknown-linux-gnu)	Test (workspace, --lib --tests)	2026-08-10T09:51:37.1273344Z test store::test_suites::tests_more::text_index_facet_embedded ... ok
test (x86_64-unknown-linux-gnu)	Test (workspace, --lib --tests)	2026-08-10T09:51:37.1278045Z test store::test_suites::tests_more::text_index_field_scope_embedded ... ok
test (x86_64-unknown-linux-gnu)	Test (workspace, --lib --tests)	2026-08-10T09:51:37.1279673Z test store::test_suites::tests_more::text_index_filter_embedded ... ok
test (x86_64-unknown-linux-gnu)	Test (workspace, --lib --tests)	2026-08-10T09:51:37.1282213Z test store::test_suites::tests_more::text_index_highlight_embedded ... ok
test (x86_64-unknown-linux-gnu)	Test (workspace, --lib --tests)	2026-08-10T09:51:37.1284754Z test store::test_suites::tests_more::text_index_match_embedded ... ok
test (x86_64-unknown-linux-gnu)	Test (workspace, --lib --tests)	2026-08-10T09:51:37.1291328Z test store::test_suites::tests_more::text_index_sort_embedded ... ok
test (x86_64-unknown-linux-gnu)	Test (workspace, --lib --tests)	2026-08-10T09:51:37.1292607Z test store::test_suites::tests_more::text_match_is_shard_count_invariant ... ok
test (x86_64-unknown-linux-gnu)	Test (workspace, --lib --tests)	2026-08-10T09:51:37.1294410Z test store::test_suites::tests_more::zcount_inclusive_range ... ok
test (x86_64-unknown-linux-gnu)	Test (workspace, --lib --tests)	2026-08-10T09:51:37.1311431Z test store::test_suites::tests_more::zpopmin_below_pops_due_jobs_and_replays ... ok
test (x86_64-unknown-linux-gnu)	Test (workspace, --lib --tests)	2026-08-10T09:51:37.1312866Z test store::test_suites::tests_more::zpopmin_removes_lowest ... ok
test (x86_64-unknown-linux-gnu)	Test (workspace, --lib --tests)	2026-08-10T09:51:37.1315218Z test store::test_suites::tests_more::zrank_ascending ... ok
test (x86_64-unknown-linux-gnu)	Test (workspace, --lib --tests)	2026-08-10T09:51:37.1317414Z test store::test_suites::tests_more::zremrangebyrank_removes_top_k ... ok
test (x86_64-unknown-linux-gnu)	Test (workspace, --lib --tests)	2026-08-10T09:51:37.1319878Z test store::test_suites::tests_more::zremrangebyscore_removes_band ... ok
test (x86_64-unknown-linux-gnu)	Test (workspace, --lib --tests)	2026-08-10T09:51:37.1321640Z test store::test_suites::tests_more::zrev_range_by_score_descending ... ok
test (x86_64-unknown-linux-gnu)	Test (workspace, --lib --tests)	2026-08-10T09:51:37.1334018Z test store::test_suites::tests_more::view_create_query_maintain_reopen ... ok
test (x86_64-unknown-linux-gnu)	Test (workspace, --lib --tests)	2026-08-10T09:51:37.1335942Z test store::test_suites::tests_op_table::atomic_manifests_match_table_and_each_other ... ok
test (x86_64-unknown-linux-gnu)	Test (workspace, --lib --tests)	2026-08-10T09:51:37.1339453Z test store::test_suites::tests_op_table::estore_manifest_matches_table ... ok
test (x86_64-unknown-linux-gnu)	Test (workspace, --lib --tests)	2026-08-10T09:51:37.1340963Z test store::test_suites::tests_op_table::pipeline_manifest_matches_table ... ok
test (x86_64-unknown-linux-gnu)	Test (workspace, --lib --tests)	2026-08-10T09:51:37.1342715Z test store::test_suites::tests_op_table::replay_manifest_matches_table ... ok
test (x86_64-unknown-linux-gnu)	Test (workspace, --lib --tests)	2026-08-10T09:51:37.1356208Z test store::test_suites::tests_op_table::replay_manifest_verbs_have_source_arms ... ok
test (x86_64-unknown-linux-gnu)	Test (workspace, --lib --tests)	2026-08-10T09:51:37.1357702Z test store::test_suites::tests_p2::getdel_returns_and_removes ... ok
test (x86_64-unknown-linux-gnu)	Test (workspace, --lib --tests)	2026-08-10T09:51:37.1360341Z test store::test_suites::tests_p2::getset_returns_previous ... ok
test (x86_64-unknown-linux-gnu)	Test (workspace, --lib --tests)	2026-08-10T09:51:37.1361678Z test store::test_suites::tests_p2::hexists_hits_and_misses ... ok
test (x86_64-unknown-linux-gnu)	Test (workspace, --lib --tests)	2026-08-10T09:51:37.1363047Z test store::test_suites::tests_p2::hgetall_empty_on_absent_key ... ok
test (x86_64-unknown-linux-gnu)	Test (workspace, --lib --tests)	2026-08-10T09:51:37.1364807Z test store::test_suites::tests_p2::hgetall_returns_pairs ... ok
test (x86_64-unknown-linux-gnu)	Test (workspace, --lib --tests)	2026-08-10T09:51:37.1366465Z test store::test_suites::tests_p2::hincrby_atomic_increment ... ok
test (x86_64-unknown-linux-gnu)	Test (workspace, --lib --tests)	2026-08-10T09:51:37.1368329Z test store::test_suites::tests_p2::hkeys_and_hvals_enumerate ... ok
test (x86_64-unknown-linux-gnu)	Test (workspace, --lib --tests)	2026-08-10T09:51:37.1369985Z test store::test_suites::tests_p2::hlen_counts_fields ... ok
test (x86_64-unknown-linux-gnu)	Test (workspace, --lib --tests)	2026-08-10T09:51:37.1371563Z test store::test_suites::tests_p2::hmget_per_field_option ... ok
test (x86_64-unknown-linux-gnu)	Test (workspace, --lib --tests)	2026-08-10T09:51:37.1373443Z test store::test_suites::tests_p2::lindex_positive_and_negative ... ok
test (x86_64-unknown-linux-gnu)	Test (workspace, --lib --tests)	2026-08-10T09:51:37.1374761Z test store::test_suites::tests_p2::lrange_basic ... ok
test (x86_64-unknown-linux-gnu)	Test (workspace, --lib --tests)	2026-08-10T09:51:37.1376606Z test store::test_suites::tests_p2::lrem_removes_n_from_head ... ok
test (x86_64-unknown-linux-gnu)	Test (workspace, --lib --tests)	2026-08-10T09:51:37.1378286Z test store::test_suites::tests_p2::zincrby_atomic ... ok
test (x86_64-unknown-linux-gnu)	Test (workspace, --lib --tests)	2026-08-10T09:51:37.1380185Z test store::test_suites::tests_p2::zrange_asc_with_scores ... ok
test (x86_64-unknown-linux-gnu)	Test (workspace, --lib --tests)	2026-08-10T09:51:37.1382307Z test store::test_suites::tests_p2::zrange_by_score_inclusive ... ok
test (x86_64-unknown-linux-gnu)	Test (workspace, --lib --tests)	2026-08-10T09:51:37.1383591Z test store::test_suites::tests_p2::zrevrange_desc_with_scores ... ok
test (x86_64-unknown-linux-gnu)	Test (workspace, --lib --tests)	2026-08-10T09:51:37.1385963Z test store::test_suites::tests_p2::zrevrange_subset ... ok
test (x86_64-unknown-linux-gnu)	Test (workspace, --lib --tests)	2026-08-10T09:51:37.1387185Z test store::test_suites::tests_p3::getex_on_absent_returns_none_no_ttl ... ok
test (x86_64-unknown-linux-gnu)	Test (workspace, --lib --tests)	2026-08-10T09:51:37.1388778Z test store::test_suites::tests_p3::getex_returns_value_and_sets_ttl ... ok
test (x86_64-unknown-linux-gnu)	Test (workspace, --lib --tests)	2026-08-10T09:51:37.1390601Z test store::test_suites::tests_p3::hincrbyfloat_creates_and_increments ... ok
test (x86_64-unknown-linux-gnu)	Test (workspace, --lib --tests)	2026-08-10T09:51:37.1392602Z test store::test_suites::tests_p3::hincrbyfloat_negative_delta ... ok
test (x86_64-unknown-linux-gnu)	Test (workspace, --lib --tests)	2026-08-10T09:51:37.1394304Z test store::test_suites::tests_p3::keys_limit_caps_results ... ok
test (x86_64-unknown-linux-gnu)	Test (workspace, --lib --tests)	2026-08-10T09:51:37.1396022Z test store::test_suites::tests_p3::keys_no_pattern_returns_all ... ok
test (x86_64-unknown-linux-gnu)	Test (workspace, --lib --tests)	2026-08-10T09:51:37.1397771Z test store::test_suites::tests_p3::keys_with_glob_filters ... ok
test (x86_64-unknown-linux-gnu)	Test (workspace, --lib --tests)	2026-08-10T09:51:37.1399569Z test store::test_suites::tests_p3::linsert_absent_key_returns_zero ... ok
test (x86_64-unknown-linux-gnu)	Test (workspace, --lib --tests)	2026-08-10T09:51:37.1401138Z test store::test_suites::tests_p3::linsert_after_pivot ... ok
test (x86_64-unknown-linux-gnu)	Test (workspace, --lib --tests)	2026-08-10T09:51:37.1403156Z test store::test_suites::tests_p3::linsert_before_pivot ... ok
test (x86_64-unknown-linux-gnu)	Test (workspace, --lib --tests)	2026-08-10T09:51:37.1404833Z test store::test_suites::tests_p3::linsert_pivot_not_found_returns_negative_one ... ok
test (x86_64-unknown-linux-gnu)	Test (workspace, --lib --tests)	2026-08-10T09:51:37.1406029Z test store::test_suites::tests_p3::mset_empty_is_noop ... ok
test (x86_64-unknown-linux-gnu)	Test (workspace, --lib --tests)	2026-08-10T09:51:37.1407557Z test store::test_suites::tests_p3::mset_then_mget_round_trip ... ok
test (x86_64-unknown-linux-gnu)	Test (workspace, --lib --tests)	2026-08-10T09:51:37.1409049Z test store::test_suites::tests_p3::pexpire_sets_relative_ms ... ok
test (x86_64-unknown-linux-gnu)	Test (workspace, --lib --tests)	2026-08-10T09:51:37.1411338Z test store::test_suites::tests_more::zset_algebra_store_forms_and_reopen ... ok
test (x86_64-unknown-linux-gnu)	Test (workspace, --lib --tests)	2026-08-10T09:51:37.1412253Z test store::test_suites::tests_p3::pexpireat_on_absent_returns_false ... ok
test (x86_64-unknown-linux-gnu)	Test (workspace, --lib --tests)	2026-08-10T09:51:37.1413339Z test store::test_suites::tests_p3::pexpireat_sets_deadline ... ok
test (x86_64-unknown-linux-gnu)	Test (workspace, --lib --tests)	2026-08-10T09:51:37.1414343Z test store::test_suites::tests_p3::ping_ns_returns_positive_value ... ok
test (x86_64-unknown-linux-gnu)	Test (workspace, --lib --tests)	2026-08-10T09:51:37.1415318Z test store::test_suites::tests_p3::sdiff_first_minus_rest ... ok
test (x86_64-unknown-linux-gnu)	Test (workspace, --lib --tests)	2026-08-10T09:51:37.1416371Z test store::test_suites::tests_p3::sinter_empty_intersection ... ok
test (x86_64-unknown-linux-gnu)	Test (workspace, --lib --tests)	2026-08-10T09:51:37.1417118Z test store::test_suites::tests_p3::sinter_two_sets ... ok
test (x86_64-unknown-linux-gnu)	Test (workspace, --lib --tests)	2026-08-10T09:51:37.1417784Z test store::test_suites::tests_p3::sunion_three_sets ... ok
test (x86_64-unknown-linux-gnu)	Test (workspace, --lib --tests)	2026-08-10T09:51:37.1423516Z test store::test_suites::tests_reconcile::a_consistent_keyspace_reconciles_clean ... ok
test (x86_64-unknown-linux-gnu)	Test (workspace, --lib --tests)	2026-08-10T09:51:37.1424663Z test store::test_suites::tests_reconcile::a_claim_left_behind_is_reported_orphaned ... ok
test (x86_64-unknown-linux-gnu)	Test (workspace, --lib --tests)	2026-08-10T09:51:37.1425808Z test store::test_suites::tests_reconcile::a_row_implying_several_keys_is_diffed_per_key ... ok
test (x86_64-unknown-linux-gnu)	Test (workspace, --lib --tests)	2026-08-10T09:51:37.1429877Z test store::test_suites::tests_reconcile::a_lost_claim_is_reported_missing ... ok
test (x86_64-unknown-linux-gnu)	Test (workspace, --lib --tests)	2026-08-10T09:51:37.1431857Z test store::test_suites::tests_reconcile::both_directions_are_reported_together ... ok
test (x86_64-unknown-linux-gnu)	Test (workspace, --lib --tests)	2026-08-10T09:51:37.1504534Z test store::test_suites::tests_reconcile::counts_stay_exact_when_samples_truncate ... ok
test (x86_64-unknown-linux-gnu)	Test (workspace, --lib --tests)	2026-08-10T09:51:37.1512694Z test store::test_suites::tests_replay_all::apply_frame_and_dump_buf_roundtrip_sharded ... ok
test (x86_64-unknown-linux-gnu)	Test (workspace, --lib --tests)	2026-08-10T09:51:37.1532741Z test store::test_suites::tests_replay_all::copy_survives_reopen ... ok
test (x86_64-unknown-linux-gnu)	Test (workspace, --lib --tests)	2026-08-10T09:51:37.1547698Z test store::test_suites::tests_replay_all::fsync_aof_barrier_flushes_everysec ... ok
test (x86_64-unknown-linux-gnu)	Test (workspace, --lib --tests)	2026-08-10T09:51:37.1564881Z test store::test_suites::tests_replay_all::replay_covers_bitmap_verbs ... ok
test (x86_64-unknown-linux-gnu)	Test (workspace, --lib --tests)	2026-08-10T09:51:37.1580697Z test store::test_suites::tests_replay_all::replay_covers_hash_verbs ... ok
test (x86_64-unknown-linux-gnu)	Test (workspace, --lib --tests)	2026-08-10T09:51:37.1596032Z test store::test_suites::tests_replay_all::replay_covers_list_verbs ... ok
test (x86_64-unknown-linux-gnu)	Test (workspace, --lib --tests)	2026-08-10T09:51:37.1618810Z test store::test_suites::tests_replay_all::replay_covers_rename_verbs ... ok
test (x86_64-unknown-linux-gnu)	Test (workspace, --lib --tests)	2026-08-10T09:51:37.1625571Z test store::test_suites::tests_more::blpop_wakes_on_push_and_times_out ... ok
test (x86_64-unknown-linux-gnu)	Test (workspace, --lib --tests)	2026-08-10T09:51:37.1641726Z test store::test_suites::tests_replay_all::spop_replay_removes_exactly_the_popped_members ... ok
test (x86_64-unknown-linux-gnu)	Test (workspace, --lib --tests)	2026-08-10T09:51:37.1643184Z test store::test_suites::tests_scan::hash_iter_yields_all ... ok
test (x86_64-unknown-linux-gnu)	Test (workspace, --lib --tests)	2026-08-10T09:51:37.1647193Z test store::test_suites::tests_scan::hscan_walks_fields_paged ... ok
test (x86_64-unknown-linux-gnu)	Test (workspace, --lib --tests)	2026-08-10T09:51:37.1648038Z test store::test_suites::tests_scan::keys_iter_yields_all ... ok
test (x86_64-unknown-linux-gnu)	Test (workspace, --lib --tests)	2026-08-10T09:51:37.1650192Z test store::test_suites::tests_scan::scan_pattern_filters ... ok
test (x86_64-unknown-linux-gnu)	Test (workspace, --lib --tests)	2026-08-10T09:51:37.1653926Z test store::test_suites::tests_scan::scan_walks_full_keyspace_paged ... ok
test (x86_64-unknown-linux-gnu)	Test (workspace, --lib --tests)	2026-08-10T09:51:37.1660452Z test store::test_suites::tests_scan::scan_zero_count_makes_no_progress ... ok
test (x86_64-unknown-linux-gnu)	Test (workspace, --lib --tests)	2026-08-10T09:51:37.1661644Z test store::test_suites::tests_scan::zscan_walks_members_paged ... ok
test (x86_64-unknown-linux-gnu)	Test (workspace, --lib --tests)	2026-08-10T09:51:37.1662796Z test store::test_suites::tests_scan::zset_iter_yields_all_in_score_order ... ok
test (x86_64-unknown-linux-gnu)	Test (workspace, --lib --tests)	2026-08-10T09:51:37.1664466Z test store::test_suites::tests_replay_all::replay_covers_zset_removal_verbs ... ok
test (x86_64-unknown-linux-gnu)	Test (workspace, --lib --tests)	2026-08-10T09:51:37.1678947Z test store::test_suites::tests_shard::collect_keys_spans_all_shards ... ok
test (x86_64-unknown-linux-gnu)	Test (workspace, --lib --tests)	2026-08-10T09:51:37.1715530Z test store::test_suites::tests_shard::metaless_multishard_dir_is_migrated_not_partially_loaded ... ok
test (x86_64-unknown-linux-gnu)	Test (workspace, --lib --tests)	2026-08-10T09:51:37.1740341Z test store::test_suites::tests_shard::open_discards_a_torn_reshard_journal ... ok
test (x86_64-unknown-linux-gnu)	Test (workspace, --lib --tests)	2026-08-10T09:51:37.1772585Z test store::test_suites::tests_shard::open_rolls_forward_a_committed_reshard ... ok
test (x86_64-unknown-linux-gnu)	Test (workspace, --lib --tests)	2026-08-10T09:51:37.1835186Z test store::test_suites::tests_shard::sharded_in_memory_roundtrip ... ok
test (x86_64-unknown-linux-gnu)	Test (workspace, --lib --tests)	2026-08-10T09:51:37.1845538Z test store::test_suites::tests_shard::migrates_single_aof_to_shards ... ok
test (x86_64-unknown-linux-gnu)	Test (workspace, --lib --tests)	2026-08-10T09:51:37.1847740Z test store::test_suites::tests_shard::sharded_pubsub_still_process_wide ... ok
test (x86_64-unknown-linux-gnu)	Test (workspace, --lib --tests)	2026-08-10T09:51:37.1863114Z test store::test_suites::tests_shard::single_shard_default_names_record_meta ... ok
test (x86_64-unknown-linux-gnu)	Test (workspace, --lib --tests)	2026-08-10T09:51:37.1968643Z test store::test_suites::tests_shard::sharded_persist_survives_restart ... ok
test (x86_64-unknown-linux-gnu)	Test (workspace, --lib --tests)	2026-08-10T09:51:37.2087737Z test store::test_suites::tests_reconcile::reconciling_is_consistent_under_concurrent_writes ... ok
test (x86_64-unknown-linux-gnu)	Test (workspace, --lib --tests)	2026-08-10T09:51:40.8698746Z test pubsub::tests::arc_subscription_drains_concurrent_recvs_round_robin ... ok
test (x86_64-unknown-linux-gnu)	Test (workspace, --lib --tests)	2026-08-10T09:51:40.8699773Z 
test (x86_64-unknown-linux-gnu)	Test (workspace, --lib --tests)	2026-08-10T09:51:40.8700125Z test result: ok. 247 passed; 0 failed; 0 ignored; 0 measured; 0 filtered out; finished in 4.00s
test (x86_64-unknown-linux-gnu)	Test (workspace, --lib --tests)	2026-08-10T09:51:40.8700564Z 
test (x86_64-unknown-linux-gnu)	Test (workspace, --lib --tests)	2026-08-10T09:51:40.8707545Z ^[[1m^[[92m     Running^[[0m tests/aof_format.rs (target/x86_64-unknown-linux-gnu/debug/deps/aof_format-0882fb94ad2cfd91)
test (x86_64-unknown-linux-gnu)	Test (workspace, --lib --tests)	2026-08-10T09:51:40.8720802Z 
test (x86_64-unknown-linux-gnu)	Test (workspace, --lib --tests)	2026-08-10T09:51:40.8720971Z running 3 tests
test (x86_64-unknown-linux-gnu)	Test (workspace, --lib --tests)	2026-08-10T09:51:40.8726700Z test a_memory_store_answers_none ... ok
test (x86_64-unknown-linux-gnu)	Test (workspace, --lib --tests)	2026-08-10T09:51:40.8739677Z test a_fresh_directory_is_not_downgradeable ... ok
test (x86_64-unknown-linux-gnu)	Test (workspace, --lib --tests)	2026-08-10T09:51:40.9737942Z test a_v1_directory_is_downgradeable_until_the_first_rewrite ... ok
test (x86_64-unknown-linux-gnu)	Test (workspace, --lib --tests)	2026-08-10T09:51:40.9739421Z 
test (x86_64-unknown-linux-gnu)	Test (workspace, --lib --tests)	2026-08-10T09:51:40.9740431Z test result: ok. 3 passed; 0 failed; 0 ignored; 0 measured; 0 filtered out; finished in 0.10s
test (x86_64-unknown-linux-gnu)	Test (workspace, --lib --tests)	2026-08-10T09:51:40.9741194Z 
test (x86_64-unknown-linux-gnu)	Test (workspace, --lib --tests)	2026-08-10T09:51:40.9742741Z ^[[1m^[[92m     Running^[[0m tests/aof_short_lived_baseline.rs (target/x86_64-unknown-linux-gnu/debug/deps/aof_short_lived_baseline-95d1484f04465f28)
test (x86_64-unknown-linux-gnu)	Test (workspace, --lib --tests)	2026-08-10T09:51:40.9756217Z 
test (x86_64-unknown-linux-gnu)	Test (workspace, --lib --tests)	2026-08-10T09:51:40.9756412Z running 1 test
test (x86_64-unknown-linux-gnu)	Test (workspace, --lib --tests)	2026-08-10T09:51:45.5147574Z test short_lived_reopens_do_not_grow_the_log_without_bound ... ok
test (x86_64-unknown-linux-gnu)	Test (workspace, --lib --tests)	2026-08-10T09:51:45.5148019Z 
test (x86_64-unknown-linux-gnu)	Test (workspace, --lib --tests)	2026-08-10T09:51:45.5148341Z test result: ok. 1 passed; 0 failed; 0 ignored; 0 measured; 0 filtered out; finished in 4.54s
test (x86_64-unknown-linux-gnu)	Test (workspace, --lib --tests)	2026-08-10T09:51:45.5148795Z 
test (x86_64-unknown-linux-gnu)	Test (workspace, --lib --tests)	2026-08-10T09:51:45.5152512Z ^[[1m^[[92m     Running^[[0m tests/dispatch_oracle.rs (target/x86_64-unknown-linux-gnu/debug/deps/dispatch_oracle-d740605406e79f91)
test (x86_64-unknown-linux-gnu)	Test (workspace, --lib --tests)	2026-08-10T09:51:45.5166435Z 
test (x86_64-unknown-linux-gnu)	Test (workspace, --lib --tests)	2026-08-10T09:51:45.5166655Z running 3 tests
test (x86_64-unknown-linux-gnu)	Test (workspace, --lib --tests)	2026-08-10T09:51:45.5901790Z ^[[1m^[[92m   Compiling^[[0m kevy-hash v4.1.1 (/home/runner/work/kevy/kevy/crates/kevy-hash)
test (x86_64-unknown-linux-gnu)	Test (workspace, --lib --tests)	2026-08-10T09:51:45.5903166Z ^[[1m^[[92m   Compiling^[[0m kevy-sys v4.1.1 (/home/runner/work/kevy/kevy/crates/kevy-sys)
test (x86_64-unknown-linux-gnu)	Test (workspace, --lib --tests)	2026-08-10T09:51:45.5904419Z ^[[1m^[[92m   Compiling^[[0m kevy-madvise v4.1.1 (/home/runner/work/kevy/kevy/crates/kevy-madvise)
test (x86_64-unknown-linux-gnu)	Test (workspace, --lib --tests)	2026-08-10T09:51:45.5905802Z ^[[1m^[[92m   Compiling^[[0m kevy-compress v4.1.1 (/home/runner/work/kevy/kevy/crates/kevy-compress)
test (x86_64-unknown-linux-gnu)	Test (workspace, --lib --tests)	2026-08-10T09:51:45.6316074Z ^[[1m^[[92m   Compiling^[[0m kevy-bytes v4.1.1 (/home/runner/work/kevy/kevy/crates/kevy-bytes)
test (x86_64-unknown-linux-gnu)	Test (workspace, --lib --tests)	2026-08-10T09:51:45.6333691Z ^[[1m^[[92m   Compiling^[[0m kevy-map v4.1.1 (/home/runner/work/kevy/kevy/crates/kevy-map)
test (x86_64-unknown-linux-gnu)	Test (workspace, --lib --tests)	2026-08-10T09:51:45.7142440Z ^[[1m^[[92m   Compiling^[[0m kevy-resp v4.1.1 (/home/runner/work/kevy/kevy/crates/kevy-resp)
test (x86_64-unknown-linux-gnu)	Test (workspace, --lib --tests)	2026-08-10T09:51:45.7173925Z ^[[1m^[[92m   Compiling^[[0m kevy-seg v4.1.1 (/home/runner/work/kevy/kevy/crates/kevy-seg)
test (x86_64-unknown-linux-gnu)	Test (workspace, --lib --tests)	2026-08-10T09:51:45.7231169Z ^[[1m^[[92m   Compiling^[[0m kevy-vlog v4.1.1 (/home/runner/work/kevy/kevy/crates/kevy-vlog)
test (x86_64-unknown-linux-gnu)	Test (workspace, --lib --tests)	2026-08-10T09:51:45.7442521Z ^[[1m^[[92m   Compiling^[[0m kevy-ranktree v4.1.1 (/home/runner/work/kevy/kevy/crates/kevy-ranktree)
test (x86_64-unknown-linux-gnu)	Test (workspace, --lib --tests)	2026-08-10T09:51:45.7951450Z ^[[1m^[[92m   Compiling^[[0m kevy-time v4.1.1 (/home/runner/work/kevy/kevy/crates/kevy-time)
test (x86_64-unknown-linux-gnu)	Test (workspace, --lib --tests)	2026-08-10T09:51:45.8619071Z ^[[1m^[[92m   Compiling^[[0m kevy-store v4.1.1 (/home/runner/work/kevy/kevy/crates/kevy-store)
test (x86_64-unknown-linux-gnu)	Test (workspace, --lib --tests)	2026-08-10T09:51:45.8663617Z ^[[1m^[[92m   Compiling^[[0m kevy-index v4.1.1 (/home/runner/work/kevy/kevy/crates/kevy-index)
test (x86_64-unknown-linux-gnu)	Test (workspace, --lib --tests)	2026-08-10T09:51:45.8688857Z ^[[1m^[[92m   Compiling^[[0m kevy-replicate v4.1.1 (/home/runner/work/kevy/kevy/crates/kevy-replicate)
test (x86_64-unknown-linux-gnu)	Test (workspace, --lib --tests)	2026-08-10T09:51:45.8811404Z ^[[1m^[[92m   Compiling^[[0m kevy-lua v4.1.1 (/home/runner/work/kevy/kevy/crates/kevy-lua)
test (x86_64-unknown-linux-gnu)	Test (workspace, --lib --tests)	2026-08-10T09:51:46.0211097Z ^[[1m^[[92m   Compiling^[[0m kevy-ring v4.1.1 (/home/runner/work/kevy/kevy/crates/kevy-ring)
test (x86_64-unknown-linux-gnu)	Test (workspace, --lib --tests)	2026-08-10T09:51:46.0603392Z ^[[1m^[[92m   Compiling^[[0m kevy-config v4.1.1 (/home/runner/work/kevy/kevy/crates/kevy-config)
test (x86_64-unknown-linux-gnu)	Test (workspace, --lib --tests)	2026-08-10T09:51:46.0645994Z ^[[1m^[[92m   Compiling^[[0m kevy-text v4.1.1 (/home/runner/work/kevy/kevy/crates/kevy-text)
test (x86_64-unknown-linux-gnu)	Test (workspace, --lib --tests)	2026-08-10T09:51:46.2310540Z ^[[1m^[[92m   Compiling^[[0m kevy-uring v4.1.1 (/home/runner/work/kevy/kevy/crates/kevy-uring)
test (x86_64-unknown-linux-gnu)	Test (workspace, --lib --tests)	2026-08-10T09:51:46.2624228Z ^[[1m^[[92m   Compiling^[[0m kevy-window v4.1.1 (/home/runner/work/kevy/kevy/crates/kevy-window)
test (x86_64-unknown-linux-gnu)	Test (workspace, --lib --tests)	2026-08-10T09:51:46.3368100Z ^[[1m^[[92m   Compiling^[[0m kevy-lua-host v4.1.1 (/home/runner/work/kevy/kevy/crates/kevy-lua-host)
test (x86_64-unknown-linux-gnu)	Test (workspace, --lib --tests)	2026-08-10T09:51:46.3807232Z ^[[1m^[[92m   Compiling^[[0m kevy-elect v4.1.1 (/home/runner/work/kevy/kevy/crates/kevy-elect)
test (x86_64-unknown-linux-gnu)	Test (workspace, --lib --tests)	2026-08-10T09:51:46.3829062Z ^[[1m^[[92m   Compiling^[[0m kevy-resp-client v4.1.1 (/home/runner/work/kevy/kevy/crates/kevy-resp-client)
test (x86_64-unknown-linux-gnu)	Test (workspace, --lib --tests)	2026-08-10T09:51:46.4501016Z ^[[1m^[[92m   Compiling^[[0m kevy-persist v4.1.1 (/home/runner/work/kevy/kevy/crates/kevy-persist)
test (x86_64-unknown-linux-gnu)	Test (workspace, --lib --tests)	2026-08-10T09:51:46.5050224Z ^[[1m^[[92m   Compiling^[[0m kevy-vector v4.1.1 (/home/runner/work/kevy/kevy/crates/kevy-vector)
test (x86_64-unknown-linux-gnu)	Test (workspace, --lib --tests)	2026-08-10T09:51:46.5802640Z ^[[1m^[[92m   Compiling^[[0m kevy-scope v4.1.1 (/home/runner/work/kevy/kevy/crates/kevy-scope)
test (x86_64-unknown-linux-gnu)	Test (workspace, --lib --tests)	2026-08-10T09:51:46.6847589Z ^[[1m^[[92m   Compiling^[[0m kevy-geo v4.1.1 (/home/runner/work/kevy/kevy/crates/kevy-geo)
test (x86_64-unknown-linux-gnu)	Test (workspace, --lib --tests)	2026-08-10T09:51:47.0140937Z ^[[1m^[[92m   Compiling^[[0m kevy-rt v4.1.1 (/home/runner/work/kevy/kevy/crates/kevy-rt)
test (x86_64-unknown-linux-gnu)	Test (workspace, --lib --tests)	2026-08-10T09:51:48.2620917Z ^[[1m^[[92m   Compiling^[[0m kevy v4.1.1 (/home/runner/work/kevy/kevy/crates/kevy)
test (x86_64-unknown-linux-gnu)	Test (workspace, --lib --tests)	2026-08-10T09:51:53.7195836Z ^[[1m^[[92m    Finished^[[0m `dev` profile [unoptimized + debuginfo] target(s) in 8.19s
test (x86_64-unknown-linux-gnu)	Test (workspace, --lib --tests)	2026-08-10T09:51:53.8577416Z test dispatch_matches_the_real_server ... ok
test (x86_64-unknown-linux-gnu)	Test (workspace, --lib --tests)	2026-08-10T09:51:53.9078925Z ^[[1m^[[92m    Finished^[[0m `dev` profile [unoptimized + debuginfo] target(s) in 0.04s
test (x86_64-unknown-linux-gnu)	Test (workspace, --lib --tests)	2026-08-10T09:51:54.0756154Z test scalar_values_clauses_match_the_real_server ... ok
test (x86_64-unknown-linux-gnu)	Test (workspace, --lib --tests)	2026-08-10T09:51:54.1268231Z ^[[1m^[[92m    Finished^[[0m `dev` profile [unoptimized + debuginfo] target(s) in 0.04s
test (x86_64-unknown-linux-gnu)	Test (workspace, --lib --tests)	2026-08-10T09:51:54.2916346Z test table_surface_matches_the_real_server ... ok
test (x86_64-unknown-linux-gnu)	Test (workspace, --lib --tests)	2026-08-10T09:51:54.2916822Z 
test (x86_64-unknown-linux-gnu)	Test (workspace, --lib --tests)	2026-08-10T09:51:54.2917119Z test result: ok. 3 passed; 0 failed; 0 ignored; 0 measured; 0 filtered out; finished in 8.77s
test (x86_64-unknown-linux-gnu)	Test (workspace, --lib --tests)	2026-08-10T09:51:54.2917579Z 
test (x86_64-unknown-linux-gnu)	Test (workspace, --lib --tests)	2026-08-10T09:51:54.2921099Z ^[[1m^[[92m     Running^[[0m tests/embed_writer_e2e.rs (target/x86_64-unknown-linux-gnu/debug/deps/embed_writer_e2e-64f07502b0e498fd)
test (x86_64-unknown-linux-gnu)	Test (workspace, --lib --tests)	2026-08-10T09:51:54.2933924Z 
test (x86_64-unknown-linux-gnu)	Test (workspace, --lib --tests)	2026-08-10T09:51:54.2934133Z running 5 tests
test (x86_64-unknown-linux-gnu)	Test (workspace, --lib --tests)	2026-08-10T09:51:54.3943427Z test embed_writer_local_writes_are_not_readonly ... ok
test (x86_64-unknown-linux-gnu)	Test (workspace, --lib --tests)	2026-08-10T09:51:54.3944555Z test embed_writer_serves_multiple_subscribers_independently ... ok
test (x86_64-unknown-linux-gnu)	Test (workspace, --lib --tests)	2026-08-10T09:51:54.3947090Z test embed_writer_streams_committed_argvs_to_replica_client ... ok
test (x86_64-unknown-linux-gnu)	Test (workspace, --lib --tests)	2026-08-10T09:51:54.4951529Z test two_embed_writers_distinct_scopes_both_visible_to_subscribers ... ok
test (x86_64-unknown-linux-gnu)	Test (workspace, --lib --tests)	2026-08-10T09:51:54.5953160Z test writer_restart_generation_fence_ships_instead_of_aliasing ... ok
test (x86_64-unknown-linux-gnu)	Test (workspace, --lib --tests)	2026-08-10T09:51:54.5953946Z 
test (x86_64-unknown-linux-gnu)	Test (workspace, --lib --tests)	2026-08-10T09:51:54.5954502Z test result: ok. 5 passed; 0 failed; 0 ignored; 0 measured; 0 filtered out; finished in 0.30s
test (x86_64-unknown-linux-gnu)	Test (workspace, --lib --tests)	2026-08-10T09:51:54.5955342Z 
test (x86_64-unknown-linux-gnu)	Test (workspace, --lib --tests)	2026-08-10T09:51:54.5959437Z ^[[1m^[[92m     Running^[[0m tests/idx_advise.rs (target/x86_64-unknown-linux-gnu/debug/deps/idx_advise-71cbabaebc96ff30)
test (x86_64-unknown-linux-gnu)	Test (workspace, --lib --tests)	2026-08-10T09:51:54.5973512Z 
test (x86_64-unknown-linux-gnu)	Test (workspace, --lib --tests)	2026-08-10T09:51:54.5973754Z running 2 tests
test (x86_64-unknown-linux-gnu)	Test (workspace, --lib --tests)	2026-08-10T09:51:54.5979086Z test autodeclare_serves_within_budget_and_marks_its_work ... ok
test (x86_64-unknown-linux-gnu)	Test (workspace, --lib --tests)	2026-08-10T09:51:54.5980074Z test refusals_render_and_catalog_mutations_clear ... ok
test (x86_64-unknown-linux-gnu)	Test (workspace, --lib --tests)	2026-08-10T09:51:54.5980482Z 
test (x86_64-unknown-linux-gnu)	Test (workspace, --lib --tests)	2026-08-10T09:51:54.5980888Z test result: ok. 2 passed; 0 failed; 0 ignored; 0 measured; 0 filtered out; finished in 0.00s
test (x86_64-unknown-linux-gnu)	Test (workspace, --lib --tests)	2026-08-10T09:51:54.5981332Z 
test (x86_64-unknown-linux-gnu)	Test (workspace, --lib --tests)	2026-08-10T09:51:54.5983453Z ^[[1m^[[92m     Running^[[0m tests/listener_e2e.rs (target/x86_64-unknown-linux-gnu/debug/deps/listener_e2e-dce099d65147ae39)
test (x86_64-unknown-linux-gnu)	Test (workspace, --lib --tests)	2026-08-10T09:51:54.5994252Z 
test (x86_64-unknown-linux-gnu)	Test (workspace, --lib --tests)	2026-08-10T09:51:54.5994428Z running 2 tests
test (x86_64-unknown-linux-gnu)	Test (workspace, --lib --tests)	2026-08-10T09:51:54.6426551Z test listener_info_tiering_carries_every_documented_field ... ok
test (x86_64-unknown-linux-gnu)	Test (workspace, --lib --tests)	2026-08-10T09:51:55.3239960Z test listener_reads_live_store_rejects_writes ... ok
test (x86_64-unknown-linux-gnu)	Test (workspace, --lib --tests)	2026-08-10T09:51:55.3240518Z 
test (x86_64-unknown-linux-gnu)	Test (workspace, --lib --tests)	2026-08-10T09:51:55.3240991Z test result: ok. 2 passed; 0 failed; 0 ignored; 0 measured; 0 filtered out; finished in 0.72s
test (x86_64-unknown-linux-gnu)	Test (workspace, --lib --tests)	2026-08-10T09:51:55.3241495Z 
test (x86_64-unknown-linux-gnu)	Test (workspace, --lib --tests)	2026-08-10T09:51:55.3246529Z ^[[1m^[[92m     Running^[[0m tests/scalar_values_clauses.rs (target/x86_64-unknown-linux-gnu/debug/deps/scalar_values_clauses-9ebf3f53a6792832)
test (x86_64-unknown-linux-gnu)	Test (workspace, --lib --tests)	2026-08-10T09:51:55.3261015Z 
test (x86_64-unknown-linux-gnu)	Test (workspace, --lib --tests)	2026-08-10T09:51:55.3261189Z running 12 tests
test (x86_64-unknown-linux-gnu)	Test (workspace, --lib --tests)	2026-08-10T09:51:55.3273104Z test cursor_refuses_the_selection_clauses_by_name ... ok
test (x86_64-unknown-linux-gnu)	Test (workspace, --lib --tests)	2026-08-10T09:51:55.3275834Z test clause_errors_name_the_field_and_the_type ... ok
test (x86_64-unknown-linux-gnu)	Test (workspace, --lib --tests)	2026-08-10T09:51:55.3276382Z test distinct_collapses_and_no_value_rows_survive ... ok
test (x86_64-unknown-linux-gnu)	Test (workspace, --lib --tests)	2026-08-10T09:51:55.3276919Z test facet_counts_the_whole_match_set_and_appends_one_element ... ok
test (x86_64-unknown-linux-gnu)	Test (workspace, --lib --tests)	2026-08-10T09:51:55.3278894Z test filter_pages_with_a_cursor ... ok
test (x86_64-unknown-linux-gnu)	Test (workspace, --lib --tests)	2026-08-10T09:51:55.3279772Z test filter_excludes_failing_and_missing_rows ... ok
test (x86_64-unknown-linux-gnu)	Test (workspace, --lib --tests)	2026-08-10T09:51:55.3280725Z test offset_pages_do_not_overlap_and_past_the_end_is_empty ... ok
test (x86_64-unknown-linux-gnu)	Test (workspace, --lib --tests)	2026-08-10T09:51:55.3281885Z test plain_range_reply_is_byte_stable_next_to_a_values_free_twin ... ok
test (x86_64-unknown-linux-gnu)	Test (workspace, --lib --tests)	2026-08-10T09:51:55.3285595Z test values_update_and_delete_track_the_row ... ok
test (x86_64-unknown-linux-gnu)	Test (workspace, --lib --tests)	2026-08-10T09:51:55.3287329Z test values_on_unique_kind_and_refused_on_agg ... ok
test (x86_64-unknown-linux-gnu)	Test (workspace, --lib --tests)	2026-08-10T09:51:55.3288199Z test sort_orders_by_the_declared_type_missing_last_both_directions ... ok
test (x86_64-unknown-linux-gnu)	Test (workspace, --lib --tests)	2026-08-10T09:51:55.3303116Z test scalar_values_survive_a_restart_via_the_sidecar ... ok
test (x86_64-unknown-linux-gnu)	Test (workspace, --lib --tests)	2026-08-10T09:51:55.3303570Z 
test (x86_64-unknown-linux-gnu)	Test (workspace, --lib --tests)	2026-08-10T09:51:55.3303957Z test result: ok. 12 passed; 0 failed; 0 ignored; 0 measured; 0 filtered out; finished in 0.00s
test (x86_64-unknown-linux-gnu)	Test (workspace, --lib --tests)	2026-08-10T09:51:55.3304317Z 
test (x86_64-unknown-linux-gnu)	Test (workspace, --lib --tests)	2026-08-10T09:51:55.3306756Z ^[[1m^[[92m     Running^[[0m tests/segmented_replay.rs (target/x86_64-unknown-linux-gnu/debug/deps/segmented_replay-4fcbced8d5431b89)
test (x86_64-unknown-linux-gnu)	Test (workspace, --lib --tests)	2026-08-10T09:51:55.3319537Z 
test (x86_64-unknown-linux-gnu)	Test (workspace, --lib --tests)	2026-08-10T09:51:55.3319719Z running 5 tests
test (x86_64-unknown-linux-gnu)	Test (workspace, --lib --tests)	2026-08-10T09:51:55.3345058Z test frame_without_manifest_entry_refuses_startup_by_name ... ok
test (x86_64-unknown-linux-gnu)	Test (workspace, --lib --tests)	2026-08-10T09:51:55.4368890Z test stitch_phase_changes_rows_and_reads_still_answer ... ok
test (x86_64-unknown-linux-gnu)	Test (workspace, --lib --tests)	2026-08-10T09:51:55.4373353Z test replaying_the_stitch_twice_is_idempotent ... ok
test (x86_64-unknown-linux-gnu)	Test (workspace, --lib --tests)	2026-08-10T09:51:55.5384165Z test orphan_segments_sweep_but_referenced_ones_stay ... ok
test (x86_64-unknown-linux-gnu)	Test (workspace, --lib --tests)	2026-08-10T09:51:55.5390456Z test write_after_stitch_revives_and_a_log_gap_inserts_stubs ... ok
test (x86_64-unknown-linux-gnu)	Test (workspace, --lib --tests)	2026-08-10T09:51:55.5390863Z 
test (x86_64-unknown-linux-gnu)	Test (workspace, --lib --tests)	2026-08-10T09:51:55.5391179Z test result: ok. 5 passed; 0 failed; 0 ignored; 0 measured; 0 filtered out; finished in 0.21s
test (x86_64-unknown-linux-gnu)	Test (workspace, --lib --tests)	2026-08-10T09:51:55.5391629Z 
test (x86_64-unknown-linux-gnu)	Test (workspace, --lib --tests)	2026-08-10T09:51:55.5395581Z ^[[1m^[[92m     Running^[[0m tests/server_replica_e2e.rs (target/x86_64-unknown-linux-gnu/debug/deps/server_replica_e2e-3eb1c517beacce57)
test (x86_64-unknown-linux-gnu)	Test (workspace, --lib --tests)	2026-08-10T09:51:55.5412022Z 
test (x86_64-unknown-linux-gnu)	Test (workspace, --lib --tests)	2026-08-10T09:51:55.5412180Z running 7 tests
test (x86_64-unknown-linux-gnu)	Test (workspace, --lib --tests)	2026-08-10T09:51:55.6420562Z test embed_replica_rejects_local_writes_with_readonly ... ok
test (x86_64-unknown-linux-gnu)	Test (workspace, --lib --tests)	2026-08-10T09:51:55.6594981Z test embed_replica_streams_multiple_writes_on_same_connection ... ok
test (x86_64-unknown-linux-gnu)	Test (workspace, --lib --tests)	2026-08-10T09:51:55.9550402Z test embed_restart_resumes_via_fresh_handshake ... ok
test (x86_64-unknown-linux-gnu)	Test (workspace, --lib --tests)	2026-08-10T09:51:55.9552599Z test set_replica_upstream_on_non_replica_returns_error ... ok
test (x86_64-unknown-linux-gnu)	Test (workspace, --lib --tests)	2026-08-10T09:51:57.6394771Z test embed_retargets_to_new_primary_via_set_replica_upstream ... FAILED
test (x86_64-unknown-linux-gnu)	Test (workspace, --lib --tests)	2026-08-10T09:51:57.7624061Z test server_primary_streams_to_embed_replica ... ok
test (x86_64-unknown-linux-gnu)	Test (workspace, --lib --tests)	2026-08-10T09:51:57.7682360Z test fresh_embed_catches_up_against_existing_primary_backlog ... ok
test (x86_64-unknown-linux-gnu)	Test (workspace, --lib --tests)	2026-08-10T09:51:57.7683024Z 
test (x86_64-unknown-linux-gnu)	Test (workspace, --lib --tests)	2026-08-10T09:51:57.7683187Z failures:
test (x86_64-unknown-linux-gnu)	Test (workspace, --lib --tests)	2026-08-10T09:51:57.7683397Z 
test (x86_64-unknown-linux-gnu)	Test (workspace, --lib --tests)	2026-08-10T09:51:57.7683800Z ---- embed_retargets_to_new_primary_via_set_replica_upstream stdout ----
test (x86_64-unknown-linux-gnu)	Test (workspace, --lib --tests)	2026-08-10T09:51:57.7684393Z 
test (x86_64-unknown-linux-gnu)	Test (workspace, --lib --tests)	2026-08-10T09:51:57.7685347Z thread 'embed_retargets_to_new_primary_via_set_replica_upstream' (28860) panicked at crates/kevy-embedded/tests/server_replica_e2e.rs:117:13:
test (x86_64-unknown-linux-gnu)	Test (workspace, --lib --tests)	2026-08-10T09:51:57.7686710Z server did not come up on port 41653
test (x86_64-unknown-linux-gnu)	Test (workspace, --lib --tests)	2026-08-10T09:51:57.7687253Z stack backtrace:
test (x86_64-unknown-linux-gnu)	Test (workspace, --lib --tests)	2026-08-10T09:51:57.7687714Z    0: __rustc::rust_begin_unwind
test (x86_64-unknown-linux-gnu)	Test (workspace, --lib --tests)	2026-08-10T09:51:57.7688633Z              at /rustc/8bab26f4f68e0e26f0bb7960be334d5b520ea452/library/std/src/panicking.rs:689:5
test (x86_64-unknown-linux-gnu)	Test (workspace, --lib --tests)	2026-08-10T09:51:57.7689856Z    1: core::panicking::panic_fmt
test (x86_64-unknown-linux-gnu)	Test (workspace, --lib --tests)	2026-08-10T09:51:57.7690808Z              at /rustc/8bab26f4f68e0e26f0bb7960be334d5b520ea452/library/core/src/panicking.rs:80:14
test (x86_64-unknown-linux-gnu)	Test (workspace, --lib --tests)	2026-08-10T09:51:57.7691895Z    2: <server_replica_e2e::Server>::start
test (x86_64-unknown-linux-gnu)	Test (workspace, --lib --tests)	2026-08-10T09:51:57.7692564Z              at ./tests/server_replica_e2e.rs:117:13
test (x86_64-unknown-linux-gnu)	Test (workspace, --lib --tests)	2026-08-10T09:51:57.7693500Z    3: server_replica_e2e::embed_retargets_to_new_primary_via_set_replica_upstream
test (x86_64-unknown-linux-gnu)	Test (workspace, --lib --tests)	2026-08-10T09:51:57.7694487Z              at ./tests/server_replica_e2e.rs:306:20
test (x86_64-unknown-linux-gnu)	Test (workspace, --lib --tests)	2026-08-10T09:51:57.7695419Z    4: server_replica_e2e::embed_retargets_to_new_primary_via_set_replica_upstream::{closure#0}
test (x86_64-unknown-linux-gnu)	Test (workspace, --lib --tests)	2026-08-10T09:51:57.7696263Z              at ./tests/server_replica_e2e.rs:299:61
test (x86_64-unknown-linux-gnu)	Test (workspace, --lib --tests)	2026-08-10T09:51:57.7697251Z    5: <server_replica_e2e::embed_retargets_to_new_primary_via_set_replica_upstream::{closure#0} as core::ops::function::FnOnce<()>>::call_once
test (x86_64-unknown-linux-gnu)	Test (workspace, --lib --tests)	2026-08-10T09:51:57.7698511Z              at /rustc/8bab26f4f68e0e26f0bb7960be334d5b520ea452/library/core/src/ops/function.rs:250:5
test (x86_64-unknown-linux-gnu)	Test (workspace, --lib --tests)	2026-08-10T09:51:57.7699778Z    6: <fn() -> core::result::Result<(), alloc::string::String> as core::ops::function::FnOnce<()>>::call_once
test (x86_64-unknown-linux-gnu)	Test (workspace, --lib --tests)	2026-08-10T09:51:57.7700825Z              at /rustc/8bab26f4f68e0e26f0bb7960be334d5b520ea452/library/core/src/ops/function.rs:250:5
test (x86_64-unknown-linux-gnu)	Test (workspace, --lib --tests)	2026-08-10T09:51:57.7701798Z note: Some details are omitted, run with `RUST_BACKTRACE=full` for a verbose backtrace.
test (x86_64-unknown-linux-gnu)	Test (workspace, --lib --tests)	2026-08-10T09:51:57.7702351Z 
test (x86_64-unknown-linux-gnu)	Test (workspace, --lib --tests)	2026-08-10T09:51:57.7702358Z 
test (x86_64-unknown-linux-gnu)	Test (workspace, --lib --tests)	2026-08-10T09:51:57.7702485Z failures:
test (x86_64-unknown-linux-gnu)	Test (workspace, --lib --tests)	2026-08-10T09:51:57.7702935Z     embed_retargets_to_new_primary_via_set_replica_upstream
test (x86_64-unknown-linux-gnu)	Test (workspace, --lib --tests)	2026-08-10T09:51:57.7703337Z 
test (x86_64-unknown-linux-gnu)	Test (workspace, --lib --tests)	2026-08-10T09:51:57.7703771Z test result: FAILED. 6 passed; 1 failed; 0 ignored; 0 measured; 0 filtered out; finished in 2.23s
test (x86_64-unknown-linux-gnu)	Test (workspace, --lib --tests)	2026-08-10T09:51:57.7704396Z 
test (x86_64-unknown-linux-gnu)	Test (workspace, --lib --tests)	2026-08-10T09:51:57.7741028Z ^[[1m^[[91merror^[[0m: test failed, to rerun pass `-p kevy-embedded --test server_replica_e2e`
test (x86_64-unknown-linux-gnu)	Test (workspace, --lib --tests)	2026-08-10T09:51:57.7796814Z ##[error]Process completed with exit code 101.
